persona_id,question_id,run_index,rating,response,collected_at
0,1,1,4,4,2025-10-21T20:20:36.565818
0,1,2,4,4,2025-10-21T20:20:38.744344
0,1,3,4,4,2025-10-21T20:20:40.852371
0,1,4,3,3,2025-10-21T20:20:43.767298
0,1,5,4,4,2025-10-21T20:20:46.239506
0,1,6,3,3,2025-10-21T20:20:48.125270
0,1,7,4,4,2025-10-21T20:20:50.006716
0,1,8,4,4,2025-10-21T20:20:51.719083
0,1,9,4,4,2025-10-21T20:20:53.387753
0,1,10,3,3,2025-10-21T20:20:55.193297
0,2,1,5,5,2025-10-21T20:20:56.464446
0,2,2,5,5,2025-10-21T20:20:58.098190
0,2,3,5,5,2025-10-21T20:20:59.437372
0,2,4,5,5,2025-10-21T20:21:01.989108
0,2,5,5,5,2025-10-21T20:21:03.679744
0,2,6,5,5,2025-10-21T20:21:04.964932
0,2,7,5,5,2025-10-21T20:21:06.143587
0,2,8,5,5,2025-10-21T20:21:07.308996
0,2,9,5,5,2025-10-21T20:21:08.543631
0,2,10,5,5,2025-10-21T20:21:09.976511
0,3,1,2,2,2025-10-21T20:21:12.229320
0,3,2,2,2,2025-10-21T20:21:14.789688
0,3,3,1,1,2025-10-21T20:21:16.703141
0,3,4,1,1,2025-10-21T20:21:19.946773
0,3,5,2,2,2025-10-21T20:21:21.481766
0,3,6,2,2,2025-10-21T20:21:23.149432
0,3,7,2,2,2025-10-21T20:21:25.439487
0,3,8,2,2,2025-10-21T20:21:27.066820
0,3,9,2,2,2025-10-21T20:21:28.844418
0,3,10,1,1,2025-10-21T20:21:30.697360
0,4,1,2,2,2025-10-21T20:21:32.111905
0,4,2,1,1,2025-10-21T20:21:33.531502
0,4,3,2,2,2025-10-21T20:21:35.079561
0,4,4,2,2,2025-10-21T20:21:36.294470
0,4,5,1,1,2025-10-21T20:21:37.811209
0,4,6,2,2,2025-10-21T20:21:39.673551
0,4,7,1,1,2025-10-21T20:21:41.601076
0,4,8,2,2,2025-10-21T20:21:43.032334
0,4,9,1,1,2025-10-21T20:21:45.025277
0,4,10,2,2,2025-10-21T20:21:46.738642
0,5,1,2,2,2025-10-21T20:21:48.742776
0,5,2,1,1,2025-10-21T20:21:50.486134
0,5,3,2,2,2025-10-21T20:21:52.439330
0,5,4,1,1,2025-10-21T20:21:54.344086
0,5,5,1,1,2025-10-21T20:21:56.063282
0,5,6,1,1,2025-10-21T20:21:57.957604
0,5,7,2,2,2025-10-21T20:21:59.821772
0,5,8,2,2,2025-10-21T20:22:01.753437
0,5,9,2,2,2025-10-21T20:22:03.753925
0,5,10,2,2,2025-10-21T20:22:05.367195
0,6,1,3,3,2025-10-21T20:22:07.003925
0,6,2,4,4,2025-10-21T20:22:09.085591
0,6,3,3,3,2025-10-21T20:22:11.274358
0,6,4,4,4,2025-10-21T20:22:12.454153
0,6,5,4,4,2025-10-21T20:22:13.995759
0,6,6,4,4,2025-10-21T20:22:15.717785
0,6,7,4,4,2025-10-21T20:22:17.651329
0,6,8,4,4,2025-10-21T20:22:19.579386
0,6,9,4,4,2025-10-21T20:22:21.151217
0,6,10,4,4,2025-10-21T20:22:23.061215
0,7,1,5,5,2025-10-21T20:22:24.524503
0,7,2,5,5,2025-10-21T20:22:26.500939
0,7,3,5,5,2025-10-21T20:22:28.007977
0,7,4,5,5,2025-10-21T20:22:29.543277
0,7,5,5,5,2025-10-21T20:22:31.591508
0,7,6,5,5,2025-10-21T20:22:33.331774
0,7,7,5,5,2025-10-21T20:22:34.828989
0,7,8,5,5,2025-10-21T20:22:36.517133
0,7,9,5,5,2025-10-21T20:22:38.148983
0,7,10,5,5,2025-10-21T20:22:40.340448
0,8,1,4,4,2025-10-21T20:22:42.005152
0,8,2,4,4,2025-10-21T20:22:43.777998
0,8,3,3,3,2025-10-21T20:22:45.722510
0,8,4,4,4,2025-10-21T20:22:47.509161
0,8,5,3,3,2025-10-21T20:22:50.117701
0,8,6,5,5,2025-10-21T20:22:52.367518
0,8,7,4,4,2025-10-21T20:22:54.832714
0,8,8,4,4,2025-10-21T20:22:56.602299
0,8,9,4,4,2025-10-21T20:22:58.524439
0,8,10,4,4,2025-10-21T20:23:00.910084
0,9,1,1,1,2025-10-21T20:23:02.437590
0,9,2,2,2,2025-10-21T20:23:03.980379
0,9,3,1,1,2025-10-21T20:23:05.486116
0,9,4,2,2,2025-10-21T20:23:06.857288
0,9,5,2,2,2025-10-21T20:23:08.762776
0,9,6,1,1,2025-10-21T20:23:10.502765
0,9,7,2,2,2025-10-21T20:23:12.246912
0,9,8,2,2,2025-10-21T20:23:14.702203
0,9,9,1,1,2025-10-21T20:23:15.947182
0,9,10,1,1,2025-10-21T20:23:17.577980
0,10,1,1,1,2025-10-21T20:23:19.195835
0,10,2,2,2,2025-10-21T20:23:21.175175
0,10,3,1,1,2025-10-21T20:23:22.985008
0,10,4,1,1,2025-10-21T20:23:24.635131
0,10,5,1,1,2025-10-21T20:23:26.875269
0,10,6,1,1,2025-10-21T20:23:28.869352
0,10,7,1,1,2025-10-21T20:23:30.576720
0,10,8,2,2,2025-10-21T20:23:32.109718
0,10,9,1,1,2025-10-21T20:23:34.447836
0,10,10,1,1,2025-10-21T20:23:36.026148
0,11,1,4,4,2025-10-21T20:23:37.798646
0,11,2,3,3,2025-10-21T20:23:39.690971
0,11,3,3,3,2025-10-21T20:23:42.977350
0,11,4,4,4,2025-10-21T20:23:44.703973
0,11,5,4,4,2025-10-21T20:23:46.856260
0,11,6,3,3,2025-10-21T20:23:48.658339
0,11,7,3,3,2025-10-21T20:23:50.638417
0,11,8,4,4,2025-10-21T20:23:52.308536
0,11,9,3,3,2025-10-21T20:23:54.381880
0,11,10,3,3,2025-10-21T20:23:56.072743
0,12,1,5,5,2025-10-21T20:23:57.895023
0,12,2,5,5,2025-10-21T20:23:59.962767
0,12,3,5,5,2025-10-21T20:24:01.806956
0,12,4,5,5,2025-10-21T20:24:02.913947
0,12,5,5,5,2025-10-21T20:24:04.085616
0,12,6,5,5,2025-10-21T20:24:05.309843
0,12,7,5,5,2025-10-21T20:24:06.722712
0,12,8,5,5,2025-10-21T20:24:08.156725
0,12,9,5,5,2025-10-21T20:24:09.595103
0,12,10,5,5,2025-10-21T20:24:11.124879
0,13,1,3,3,2025-10-21T20:24:13.275431
0,13,2,3,3,2025-10-21T20:24:15.220569
0,13,3,3,3,2025-10-21T20:24:17.168150
0,13,4,3,3,2025-10-21T20:24:19.468304
0,13,5,3,3,2025-10-21T20:24:21.673485
0,13,6,3,3,2025-10-21T20:24:23.721413
0,13,7,4,4,2025-10-21T20:24:25.848139
0,13,8,4,4,2025-10-21T20:24:28.124677
0,13,9,4,4,2025-10-21T20:24:30.480546
0,13,10,3,3,2025-10-21T20:24:32.510110
0,14,1,4,4,2025-10-21T20:24:33.914411
0,14,2,4,4,2025-10-21T20:24:35.909093
0,14,3,4,4,2025-10-21T20:24:37.534756
0,14,4,5,5,2025-10-21T20:24:38.880455
0,14,5,4,4,2025-10-21T20:24:40.515524
0,14,6,5,5,2025-10-21T20:24:41.949148
0,14,7,4,4,2025-10-21T20:24:43.085052
0,14,8,4,4,2025-10-21T20:24:44.610686
0,14,9,4,4,2025-10-21T20:24:46.558301
0,14,10,5,5,2025-10-21T20:24:47.890443
0,15,1,0,0,2025-10-21T20:24:49.150181
0,15,2,0,0,2025-10-21T20:24:50.097663
0,15,3,0,0,2025-10-21T20:24:51.575313
0,15,4,0,0,2025-10-21T20:24:52.908508
0,15,5,0,0,2025-10-21T20:24:54.748649
0,15,6,0,0,2025-10-21T20:24:56.044280
0,15,7,0,0,2025-10-21T20:24:57.756737
0,15,8,0,0,2025-10-21T20:24:59.124069
0,15,9,0,0,2025-10-21T20:25:00.274437
0,15,10,0,0,2025-10-21T20:25:01.931429
0,16,1,4,4,2025-10-21T20:25:03.658596
0,16,2,4,4,2025-10-21T20:25:05.399527
0,16,3,4,4,2025-10-21T20:25:06.804273
0,16,4,3,3,2025-10-21T20:25:08.830042
0,16,5,4,4,2025-10-21T20:25:10.146850
0,16,6,4,4,2025-10-21T20:25:11.552733
0,16,7,4,4,2025-10-21T20:25:13.080090
0,16,8,4,4,2025-10-21T20:25:14.922248
0,16,9,4,4,2025-10-21T20:25:16.864370
0,16,10,3,3,2025-10-21T20:25:19.893366
0,17,1,5,5,2025-10-21T20:25:21.422684
0,17,2,5,5,2025-10-21T20:25:22.744327
0,17,3,5,5,2025-10-21T20:25:24.138918
0,17,4,5,5,2025-10-21T20:25:25.573547
0,17,5,5,5,2025-10-21T20:25:26.918844
0,17,6,5,5,2025-10-21T20:25:28.233168
0,17,7,5,5,2025-10-21T20:25:29.416471
0,17,8,5,5,2025-10-21T20:25:30.476774
0,17,9,5,5,2025-10-21T20:25:31.819710
0,17,10,5,5,2025-10-21T20:25:33.085744
0,18,1,4,4,2025-10-21T20:25:35.121208
0,18,2,4,4,2025-10-21T20:25:39.669046
0,18,3,4,4,2025-10-21T20:25:41.824862
0,18,4,4,4,2025-10-21T20:25:43.700296
0,18,5,4,4,2025-10-21T20:25:45.949390
0,18,6,4,4,2025-10-21T20:25:47.900004
0,18,7,4,4,2025-10-21T20:25:50.087321
0,18,8,4,4,2025-10-21T20:25:51.741647
0,18,9,4,4,2025-10-21T20:25:53.221748
0,18,10,4,4,2025-10-21T20:25:55.155720
0,19,1,2,2,2025-10-21T20:25:56.561042
0,19,2,2,2,2025-10-21T20:25:58.136601
0,19,3,2,2,2025-10-21T20:25:59.383458
0,19,4,2,2,2025-10-21T20:26:00.874211
0,19,5,2,2,2025-10-21T20:26:02.122658
0,19,6,2,2,2025-10-21T20:26:03.855753
0,19,7,2,2,2025-10-21T20:26:05.508551
0,19,8,2,2,2025-10-21T20:26:06.839734
0,19,9,2,2,2025-10-21T20:26:08.288184
0,19,10,2,2,2025-10-21T20:26:09.706819
0,20,1,2,2,2025-10-21T20:26:16.261277
0,20,2,2,2,2025-10-21T20:26:21.869188
0,20,3,2,2,2025-10-21T20:26:26.501779
0,20,4,2,2,2025-10-21T20:26:32.288634
0,20,5,2,2,2025-10-21T20:26:33.836834
0,20,6,2,2,2025-10-21T20:26:35.311080
0,20,7,2,2,2025-10-21T20:26:37.066749
0,20,8,2,2,2025-10-21T20:26:38.705729
0,20,9,2,2,2025-10-21T20:26:40.609647
0,20,10,2,2,2025-10-21T20:26:42.138725
0,21,1,5,5,2025-10-21T20:26:46.367526
0,21,2,5,5.,2025-10-21T20:26:51.949157
0,21,3,5,5,2025-10-21T20:26:55.789320
0,21,4,5,5,2025-10-21T20:26:59.156980
0,21,5,5,5,2025-10-21T20:27:01.403609
0,21,6,5,5,2025-10-21T20:27:02.842398
0,21,7,5,5,2025-10-21T20:27:04.342264
0,21,8,5,5,2025-10-21T20:27:06.010295
0,21,9,5,5,2025-10-21T20:27:07.339563
0,21,10,5,5,2025-10-21T20:27:08.773213
0,22,1,4,4,2025-10-21T20:27:10.727096
0,22,2,5,5,2025-10-21T20:27:12.149977
0,22,3,5,5,2025-10-21T20:27:15.608933
0,22,4,4,4,2025-10-21T20:27:17.314247
0,22,5,4,4,2025-10-21T20:27:18.907653
0,22,6,4,4,2025-10-21T20:27:20.801892
0,22,7,5,5,2025-10-21T20:27:22.107182
0,22,8,5,5,2025-10-21T20:27:23.460146
0,22,9,5,5,2025-10-21T20:27:24.946364
0,22,10,4,4,2025-10-21T20:27:26.625116
0,23,1,2,2,2025-10-21T20:27:28.409720
0,23,2,2,2,2025-10-21T20:27:30.011684
0,23,3,2,2,2025-10-21T20:27:31.890844
0,23,4,3,3,2025-10-21T20:27:33.333886
0,23,5,2,2,2025-10-21T20:27:35.026088
0,23,6,3,3,2025-10-21T20:27:36.562017
0,23,7,3,3,2025-10-21T20:27:38.061634
0,23,8,3,3,2025-10-21T20:27:39.679842
0,23,9,3,3,2025-10-21T20:27:41.136688
0,23,10,3,3,2025-10-21T20:27:43.008161
0,24,1,0,0,2025-10-21T20:27:44.462938
0,24,2,0,0,2025-10-21T20:27:45.881083
0,24,3,0,0,2025-10-21T20:27:47.474085
0,24,4,0,0,2025-10-21T20:27:48.673194
0,24,5,0,0,2025-10-21T20:27:50.341440
0,24,6,0,0,2025-10-21T20:27:51.568917
0,24,7,1,1,2025-10-21T20:27:52.856287
0,24,8,0,0,2025-10-21T20:27:54.025988
0,24,9,0,0,2025-10-21T20:27:55.390828
0,24,10,0,0,2025-10-21T20:27:56.905411
0,25,1,0,0,2025-10-21T20:27:58.373139
0,25,2,0,0,2025-10-21T20:28:00.521873
0,25,3,0,0,2025-10-21T20:28:01.983480
0,25,4,0,0,2025-10-21T20:28:03.849216
0,25,5,0,0,2025-10-21T20:28:06.290516
0,25,6,0,0,2025-10-21T20:28:08.062844
0,25,7,0,0,2025-10-21T20:28:10.053036
0,25,8,0,0,2025-10-21T20:28:11.723144
0,25,9,0,0,2025-10-21T20:28:13.657443
0,25,10,0,0,2025-10-21T20:28:15.428799
0,26,1,2,2,2025-10-21T20:28:17.273936
0,26,2,2,2,2025-10-21T20:28:18.752294
0,26,3,2,2,2025-10-21T20:28:20.328706
0,26,4,2,2,2025-10-21T20:28:22.289059
0,26,5,2,2,2025-10-21T20:28:25.259377
0,26,6,2,2,2025-10-21T20:28:27.409520
0,26,7,2,2,2025-10-21T20:28:29.824322
0,26,8,2,2,2025-10-21T20:28:31.625930
0,26,9,5,5,2025-10-21T20:28:33.318555
0,26,10,3,3,2025-10-21T20:28:35.317221
0,27,1,3,3,2025-10-21T20:28:37.546804
0,27,2,4,4,2025-10-21T20:28:39.564803
0,27,3,4,4,2025-10-21T20:28:41.029080
0,27,4,3,3,2025-10-21T20:28:42.834038
0,27,5,3,3,2025-10-21T20:28:44.817945
0,27,6,3,3,2025-10-21T20:28:47.358218
0,27,7,4,4,2025-10-21T20:28:48.905891
0,27,8,3,3,2025-10-21T20:28:50.450125
0,27,9,3,3,2025-10-21T20:28:52.367079
0,27,10,4,4,2025-10-21T20:28:54.087907
0,28,1,2,2,2025-10-21T20:28:56.286619
0,28,2,4,4,2025-10-21T20:28:58.069030
0,28,3,2,2,2025-10-21T20:29:02.226420
0,28,4,3,3,2025-10-21T20:29:04.032585
0,28,5,3,3,2025-10-21T20:29:05.744755
0,28,6,3,3,2025-10-21T20:29:07.936141
0,28,7,2,2,2025-10-21T20:29:09.923639
0,28,8,2,2,2025-10-21T20:29:11.954375
0,28,9,4,4,2025-10-21T20:29:14.645335
0,28,10,4,4,2025-10-21T20:29:17.814383
0,29,1,3,3,2025-10-21T20:29:19.313205
0,29,2,3,3,2025-10-21T20:29:22.297943
0,29,3,2,2,2025-10-21T20:29:24.595573
0,29,4,2,2,2025-10-21T20:29:26.512133
0,29,5,2,2,2025-10-21T20:29:28.440885
0,29,6,2,2,2025-10-21T20:29:30.284244
0,29,7,2,2,2025-10-21T20:29:32.410448
0,29,8,2,2,2025-10-21T20:29:34.474506
0,29,9,2,2,2025-10-21T20:29:36.733749
0,29,10,2,2,2025-10-21T20:29:39.970284
0,30,1,3,3,2025-10-21T20:29:41.744265
0,30,2,3,3,2025-10-21T20:29:43.749147
0,30,3,3,3,2025-10-21T20:29:45.825682
0,30,4,1,1,2025-10-21T20:29:47.849260
0,30,5,3,3,2025-10-21T20:29:49.232684
0,30,6,3,3,2025-10-21T20:29:51.583623
0,30,7,3,3,2025-10-21T20:29:53.631766
0,30,8,3,3,2025-10-21T20:29:55.161377
0,30,9,3,3,2025-10-21T20:29:56.817501
0,30,10,3,3,2025-10-21T20:29:58.651410
1,1,1,5,5,2025-10-21T20:30:00.176879
1,1,2,5,5,2025-10-21T20:30:01.665473
1,1,3,5,5,2025-10-21T20:30:03.771404
1,1,4,5,5,2025-10-21T20:30:05.919935
1,1,5,5,5,2025-10-21T20:30:07.691931
1,1,6,5,5,2025-10-21T20:30:09.606389
1,1,7,5,5,2025-10-21T20:30:11.190291
1,1,8,5,5,2025-10-21T20:30:12.888345
1,1,9,5,5,2025-10-21T20:30:14.305345
1,1,10,5,5,2025-10-21T20:30:15.855305
1,2,1,5,5,2025-10-21T20:30:17.489753
1,2,2,5,5,2025-10-21T20:30:18.997677
1,2,3,5,5,2025-10-21T20:30:20.455750
1,2,4,5,5,2025-10-21T20:30:22.304170
1,2,5,5,5,2025-10-21T20:30:23.840440
1,2,6,5,5,2025-10-21T20:30:25.697858
1,2,7,5,5,2025-10-21T20:30:27.415696
1,2,8,5,5,2025-10-21T20:30:29.471911
1,2,9,5,5,2025-10-21T20:30:31.110548
1,2,10,5,5,2025-10-21T20:30:32.889569
1,3,1,3,3,2025-10-21T20:30:34.960059
1,3,2,3,3,2025-10-21T20:30:36.759998
1,3,3,2,2,2025-10-21T20:30:38.705809
1,3,4,3,3,2025-10-21T20:30:40.865035
1,3,5,2,2,2025-10-21T20:30:42.691664
1,3,6,2,2,2025-10-21T20:30:45.459430
1,3,7,3,3,2025-10-21T20:30:47.618289
1,3,8,3,3,2025-10-21T20:30:49.645373
1,3,9,2,2,2025-10-21T20:30:51.999532
1,3,10,2,2,2025-10-21T20:30:54.867138
1,4,1,2,2,2025-10-21T20:30:56.813658
1,4,2,2,2,2025-10-21T20:30:58.318187
1,4,3,2,2,2025-10-21T20:30:59.815881
1,4,4,2,2,2025-10-21T20:31:02.100528
1,4,5,2,2,2025-10-21T20:31:04.445585
1,4,6,2,2,2025-10-21T20:31:06.237688
1,4,7,1,1,2025-10-21T20:31:07.898650
1,4,8,2,2,2025-10-21T20:31:09.270027
1,4,9,2,2,2025-10-21T20:31:11.128526
1,4,10,1,1,2025-10-21T20:31:12.717723
1,5,1,2,2,2025-10-21T20:31:14.662521
1,5,2,2,2,2025-10-21T20:31:16.633741
1,5,3,2,2,2025-10-21T20:31:18.531504
1,5,4,2,2,2025-10-21T20:31:20.518945
1,5,5,2,2,2025-10-21T20:31:22.074137
1,5,6,2,2,2025-10-21T20:31:24.028474
1,5,7,2,2,2025-10-21T20:31:25.996375
1,5,8,2,2,2025-10-21T20:31:28.512498
1,5,9,2,2,2025-10-21T20:31:31.111912
1,5,10,2,2,2025-10-21T20:31:33.846009
1,6,1,5,5,2025-10-21T20:31:35.004421
1,6,2,5,5,2025-10-21T20:31:36.238594
1,6,3,5,5,2025-10-21T20:31:38.798054
1,6,4,5,5,2025-10-21T20:31:40.444044
1,6,5,5,5,2025-10-21T20:31:42.177131
1,6,6,5,5,2025-10-21T20:31:43.656423
1,6,7,5,5,2025-10-21T20:31:45.056723
1,6,8,5,5,2025-10-21T20:31:46.713094
1,6,9,5,5,2025-10-21T20:31:48.146073
1,6,10,5,5,2025-10-21T20:31:49.629770
1,7,1,5,5,2025-10-21T20:31:52.217995
1,7,2,5,5,2025-10-21T20:31:53.820875
1,7,3,5,5,2025-10-21T20:31:55.468665
1,7,4,5,5,2025-10-21T20:31:56.804658
1,7,5,5,5,2025-10-21T20:31:58.205975
1,7,6,5,5,2025-10-21T20:31:59.790606
1,7,7,5,5,2025-10-21T20:32:01.313359
1,7,8,5,5,2025-10-21T20:32:04.099101
1,7,9,5,5,2025-10-21T20:32:05.269583
1,7,10,5,5,2025-10-21T20:32:06.856086
1,8,1,5,5,2025-10-21T20:32:09.044600
1,8,2,4,4,2025-10-21T20:32:10.748204
1,8,3,4,4,2025-10-21T20:32:12.458756
1,8,4,5,5,2025-10-21T20:32:14.638459
1,8,5,4,4,2025-10-21T20:32:16.338195
1,8,6,5,5,2025-10-21T20:32:18.095943
1,8,7,5,5,2025-10-21T20:32:19.848445
1,8,8,5,5,2025-10-21T20:32:21.805891
1,8,9,4,4,2025-10-21T20:32:23.657205
1,8,10,5,5,2025-10-21T20:32:25.755028
1,9,1,2,2,2025-10-21T20:32:27.953380
1,9,2,1,1,2025-10-21T20:32:29.604027
1,9,3,2,2,2025-10-21T20:32:31.535054
1,9,4,2,2,2025-10-21T20:32:32.917934
1,9,5,2,2,2025-10-21T20:32:34.256332
1,9,6,2,2,2025-10-21T20:32:35.937604
1,9,7,1,1,2025-10-21T20:32:37.579905
1,9,8,2,2,2025-10-21T20:32:39.009996
1,9,9,2,2,2025-10-21T20:32:40.751365
1,9,10,2,2,2025-10-21T20:32:42.237452
1,10,1,3,3,2025-10-21T20:32:44.245217
1,10,2,3,3,2025-10-21T20:32:45.797953
1,10,3,3,3,2025-10-21T20:32:47.509799
1,10,4,4,4,2025-10-21T20:32:48.965354
1,10,5,4,4,2025-10-21T20:32:50.642956
1,10,6,4,4,2025-10-21T20:32:52.117613
1,10,7,3,3,2025-10-21T20:32:53.551302
1,10,8,3,3,2025-10-21T20:32:55.443154
1,10,9,3,3,2025-10-21T20:32:57.256629
1,10,10,3,3,2025-10-21T20:32:59.539999
1,11,1,5,5,2025-10-21T20:33:01.179625
1,11,2,5,5,2025-10-21T20:33:02.854276
1,11,3,5,5,2025-10-21T20:33:04.949274
1,11,4,5,5,2025-10-21T20:33:06.557509
1,11,5,5,5,2025-10-21T20:33:08.667786
1,11,6,5,5,2025-10-21T20:33:10.822821
1,11,7,5,5,2025-10-21T20:33:13.134367
1,11,8,5,5,2025-10-21T20:33:14.770025
1,11,9,5,5,2025-10-21T20:33:16.368194
1,11,10,5,5,2025-10-21T20:33:17.892891
1,12,1,5,5 -,2025-10-21T20:33:19.386094
1,12,2,5,5,2025-10-21T20:33:20.697238
1,12,3,5,5,2025-10-21T20:33:22.120417
1,12,4,5,5,2025-10-21T20:33:25.121248
1,12,5,5,5,2025-10-21T20:33:26.422370
1,12,6,5,5,2025-10-21T20:33:27.957692
1,12,7,5,5,2025-10-21T20:33:29.085601
1,12,8,5,5,2025-10-21T20:33:30.714252
1,12,9,5,5,2025-10-21T20:33:32.281412
1,12,10,5,5,2025-10-21T20:33:37.686396
1,13,1,4,4,2025-10-21T20:33:39.522526
1,13,2,4,4,2025-10-21T20:33:41.251874
1,13,3,5,5,2025-10-21T20:33:43.049415
1,13,4,4,4,2025-10-21T20:33:44.844297
1,13,5,5,5,2025-10-21T20:33:46.458477
1,13,6,4,4,2025-10-21T20:33:48.028160
1,13,7,4,4,2025-10-21T20:33:49.770383
1,13,8,5,5,2025-10-21T20:33:51.422702
1,13,9,4,4,2025-10-21T20:33:53.312928
1,13,10,4,4,2025-10-21T20:33:55.018359
1,14,1,5,5,2025-10-21T20:33:56.831860
1,14,2,4,4,2025-10-21T20:33:58.922803
1,14,3,4,4,2025-10-21T20:34:00.875344
1,14,4,4,4,2025-10-21T20:34:02.370700
1,14,5,4,4,2025-10-21T20:34:04.309240
1,14,6,4,4,2025-10-21T20:34:06.154647
1,14,7,5,5,2025-10-21T20:34:08.070914
1,14,8,4,4,2025-10-21T20:34:10.558628
1,14,9,4,4,2025-10-21T20:34:12.518629
1,14,10,4,4,2025-10-21T20:34:15.688841
1,15,1,0,0,2025-10-21T20:34:18.076023
1,15,2,0,0,2025-10-21T20:34:20.592187
1,15,3,0,0,2025-10-21T20:34:22.464423
1,15,4,0,0,2025-10-21T20:34:24.381638
1,15,5,1,1,2025-10-21T20:34:26.329923
1,15,6,0,0 -,2025-10-21T20:34:28.126251
1,15,7,0,0,2025-10-21T20:34:30.630459
1,15,8,0,0,2025-10-21T20:34:33.318627
1,15,9,0,0,2025-10-21T20:34:36.157294
1,15,10,0,0,2025-10-21T20:34:37.897800
1,16,1,5,5,2025-10-21T20:34:39.474986
1,16,2,5,5,2025-10-21T20:34:41.032333
1,16,3,5,5,2025-10-21T20:34:42.866868
1,16,4,5,5,2025-10-21T20:34:44.367040
1,16,5,5,5,2025-10-21T20:34:45.681051
1,16,6,5,5,2025-10-21T20:34:46.960960
1,16,7,5,5,2025-10-21T20:34:48.740933
1,16,8,5,5,2025-10-21T20:34:50.042508
1,16,9,5,5,2025-10-21T20:34:51.377887
1,16,10,5,5,2025-10-21T20:34:52.860922
1,17,1,5,5,2025-10-21T20:34:54.593853
1,17,2,5,5,2025-10-21T20:34:56.332889
1,17,3,5,5,2025-10-21T20:34:57.764648
1,17,4,5,5 Oh,2025-10-21T20:34:59.873994
1,17,5,5,5,2025-10-21T20:35:01.655141
1,17,6,5,5,2025-10-21T20:35:03.599406
1,17,7,5,5,2025-10-21T20:35:05.351969
1,17,8,5,5,2025-10-21T20:35:07.390745
1,17,9,5,5,2025-10-21T20:35:08.926450
1,17,10,5,5,2025-10-21T20:35:10.250542
1,18,1,4,4,2025-10-21T20:35:12.464275
1,18,2,3,3,2025-10-21T20:35:14.534930
1,18,3,3,3,2025-10-21T20:35:16.888892
1,18,4,3,3,2025-10-21T20:35:19.975284
1,18,5,4,4,2025-10-21T20:35:22.733746
1,18,6,3,3,2025-10-21T20:35:24.661509
1,18,7,3,3,2025-10-21T20:35:27.153758
1,18,8,4,4,2025-10-21T20:35:29.815778
1,18,9,4,4,2025-10-21T20:35:32.496562
1,18,10,3,3,2025-10-21T20:35:34.888196
1,19,1,4,4,2025-10-21T20:35:36.779184
1,19,2,3,3,2025-10-21T20:35:38.726395
1,19,3,4,4,2025-10-21T20:35:40.568783
1,19,4,4,4,2025-10-21T20:35:42.411289
1,19,5,4,4,2025-10-21T20:35:44.771124
1,19,6,4,4,2025-10-21T20:35:46.621861
1,19,7,4,4,2025-10-21T20:35:49.035700
1,19,8,4,4,2025-10-21T20:35:50.850162
1,19,9,2,2,2025-10-21T20:35:52.710477
1,19,10,4,4,2025-10-21T20:35:54.698083
1,20,1,2,2,2025-10-21T20:36:03.813268
1,20,2,2,2,2025-10-21T20:36:05.350446
1,20,3,2,2,2025-10-21T20:36:07.460226
1,20,4,2,2,2025-10-21T20:36:09.957658
1,20,5,2,2,2025-10-21T20:36:12.510789
1,20,6,2,2,2025-10-21T20:36:14.768111
1,20,7,2,2,2025-10-21T20:36:16.615085
1,20,8,2,2,2025-10-21T20:36:18.524800
1,20,9,3,3,2025-10-21T20:36:20.710690
1,20,10,2,2,2025-10-21T20:36:22.682671
1,21,1,5,5,2025-10-21T20:36:24.292389
1,21,2,5,5,2025-10-21T20:36:26.037058
1,21,3,5,5,2025-10-21T20:36:27.524773
1,21,4,5,5,2025-10-21T20:36:29.022798
1,21,5,5,5,2025-10-21T20:36:30.846813
1,21,6,5,5,2025-10-21T20:36:32.663242
1,21,7,5,5,2025-10-21T20:36:34.241665
1,21,8,5,5,2025-10-21T20:36:36.376833
1,21,9,5,5,2025-10-21T20:36:38.527315
1,21,10,5,5,2025-10-21T20:36:40.063723
1,22,1,5,5,2025-10-21T20:36:41.497420
1,22,2,5,5,2025-10-21T20:36:42.904326
1,22,3,5,5,2025-10-21T20:36:44.463113
1,22,4,4,4,2025-10-21T20:36:46.170118
1,22,5,5,5,2025-10-21T20:36:47.478556
1,22,6,5,5,2025-10-21T20:36:48.805811
1,22,7,5,5,2025-10-21T20:36:50.603723
1,22,8,5,5,2025-10-21T20:36:52.609768
1,22,9,4,4,2025-10-21T20:36:55.084691
1,22,10,5,5,2025-10-21T20:36:56.873221
1,23,1,4,4,2025-10-21T20:36:58.581842
1,23,2,4,4,2025-10-21T20:37:00.543605
1,23,3,4,4,2025-10-21T20:37:02.459064
1,23,4,4,4,2025-10-21T20:37:04.744199
1,23,5,4,4,2025-10-21T20:37:06.277981
1,23,6,4,4,2025-10-21T20:37:08.840225
1,23,7,4,4,2025-10-21T20:37:26.249348
1,23,8,4,4,2025-10-21T20:37:28.396489
1,23,9,4,4,2025-10-21T20:37:30.138294
1,23,10,4,4,2025-10-21T20:37:32.039576
1,24,1,0,0,2025-10-21T20:37:33.416673
1,24,2,0,0,2025-10-21T20:37:35.109415
1,24,3,0,0,2025-10-21T20:37:36.588829
1,24,4,0,0,2025-10-21T20:37:38.432896
1,24,5,0,0,2025-10-21T20:37:40.173419
1,24,6,0,0,2025-10-21T20:37:41.913660
1,24,7,0,0,2025-10-21T20:37:44.267726
1,24,8,0,0,2025-10-21T20:37:45.888172
1,24,9,0,0,2025-10-21T20:37:47.188289
1,24,10,0,0,2025-10-21T20:37:48.558204
1,25,1,2,2,2025-10-21T20:37:51.540081
1,25,2,1,1,2025-10-21T20:37:54.823578
1,25,3,1,1,2025-10-21T20:37:57.565459
1,25,4,0,0,2025-10-21T20:38:00.342627
1,25,5,0,0,2025-10-21T20:38:02.191099
1,25,6,0,0,2025-10-21T20:38:03.992852
1,25,7,0,0,2025-10-21T20:38:06.369196
1,25,8,2,2,2025-10-21T20:38:08.434148
1,25,9,0,0,2025-10-21T20:38:10.070329
1,25,10,0,0,2025-10-21T20:38:12.439557
1,26,1,2,2,2025-10-21T20:38:14.683899
1,26,2,2,2,2025-10-21T20:38:17.754024
1,26,3,2,2,2025-10-21T20:38:21.337057
1,26,4,2,2,2025-10-21T20:38:22.853305
1,26,5,2,2,2025-10-21T20:38:25.338637
1,26,6,2,2,2025-10-21T20:38:27.072879
1,26,7,2,2,2025-10-21T20:38:29.881733
1,26,8,2,2,2025-10-21T20:38:32.602576
1,26,9,1,1,2025-10-21T20:38:35.398752
1,26,10,2,2,2025-10-21T20:38:38.337348
1,27,1,4,4,2025-10-21T20:38:40.638687
1,27,2,4,4,2025-10-21T20:38:42.461832
1,27,3,4,4,2025-10-21T20:38:44.489112
1,27,4,4,4,2025-10-21T20:38:46.896584
1,27,5,4,4,2025-10-21T20:38:49.211407
1,27,6,4,4,2025-10-21T20:38:53.855413
1,27,7,4,4,2025-10-21T20:38:55.536798
1,27,8,4,4,2025-10-21T20:38:57.179237
1,27,9,4,4,2025-10-21T20:38:59.535283
1,27,10,5,5,2025-10-21T20:39:01.786376
1,28,1,4,4,2025-10-21T20:39:03.470107
1,28,2,4,4,2025-10-21T20:39:05.296080
1,28,3,3,3,2025-10-21T20:39:07.459665
1,28,4,4,4,2025-10-21T20:39:10.389466
1,28,5,4,4,2025-10-21T20:39:12.641825
1,28,6,4,4,2025-10-21T20:39:14.768561
1,28,7,4,4,2025-10-21T20:39:17.223347
1,28,8,4,4,2025-10-21T20:39:19.124479
1,28,9,3,3,2025-10-21T20:39:21.243415
1,28,10,3,3,2025-10-21T20:39:23.410334
1,29,1,2,2,2025-10-21T20:39:27.090292
1,29,2,4,4,2025-10-21T20:39:30.253787
1,29,3,4,4,2025-10-21T20:39:33.229976
1,29,4,3,3,2025-10-21T20:39:36.340745
1,29,5,2,2,2025-10-21T20:39:41.006637
1,29,6,2,2,2025-10-21T20:39:44.284415
1,29,7,2,2,2025-10-21T20:39:49.770334
1,29,8,2,2,2025-10-21T20:39:54.095767
1,29,9,2,2,2025-10-21T20:39:56.373630
1,29,10,4,4,2025-10-21T20:39:59.136034
1,30,1,3,3,2025-10-21T20:40:02.234305
1,30,2,2,2,2025-10-21T20:40:04.610756
1,30,3,3,3,2025-10-21T20:40:06.557031
1,30,4,3,3,2025-10-21T20:40:08.964485
1,30,5,2,2,2025-10-21T20:40:11.753641
1,30,6,3,3,2025-10-21T20:40:14.619677
1,30,7,2,2,2025-10-21T20:40:18.563277
1,30,8,1,1,2025-10-21T20:40:22.810197
1,30,9,3,3,2025-10-21T20:40:26.114922
1,30,10,4,4,2025-10-21T20:40:28.988794
2,1,1,4,4,2025-10-21T20:40:30.824408
2,1,2,5,5,2025-10-21T20:40:32.257665
2,1,3,5,5,2025-10-21T20:40:33.907190
2,1,4,5,5,2025-10-21T20:40:35.741479
2,1,5,4,4,2025-10-21T20:40:37.377857
2,1,6,5,5,2025-10-21T20:40:40.999725
2,1,7,4,4,2025-10-21T20:40:42.947073
2,1,8,4,4,2025-10-21T20:40:44.957384
2,1,9,4,4,2025-10-21T20:40:46.596445
2,1,10,4,4,2025-10-21T20:40:47.990354
2,2,1,5,5,2025-10-21T20:40:51.142997
2,2,2,5,5,2025-10-21T20:40:53.684086
2,2,3,4,4,2025-10-21T20:40:56.588760
2,2,4,5,5,2025-10-21T20:40:58.766539
2,2,5,4,4,2025-10-21T20:41:01.770850
2,2,6,5,5,2025-10-21T20:41:04.821002
2,2,7,4,4,2025-10-21T20:41:06.482569
2,2,8,5,5,2025-10-21T20:41:08.416857
2,2,9,4,4,2025-10-21T20:41:10.096867
2,2,10,5,5,2025-10-21T20:41:11.884433
2,3,1,3,3,2025-10-21T20:41:14.139764
2,3,2,3,3,2025-10-21T20:41:16.495365
2,3,3,2,2,2025-10-21T20:41:18.382508
2,3,4,2,2,2025-10-21T20:41:20.387371
2,3,5,3,3,2025-10-21T20:41:22.427732
2,3,6,2,2,2025-10-21T20:41:24.894237
2,3,7,3,3,2025-10-21T20:41:26.727216
2,3,8,3,3,2025-10-21T20:41:28.544627
2,3,9,3,3,2025-10-21T20:41:31.343646
2,3,10,4,4,2025-10-21T20:41:33.801104
2,4,1,2,2,2025-10-21T20:41:35.541681
2,4,2,2,2,2025-10-21T20:41:38.305601
2,4,3,2,2,2025-10-21T20:41:39.633413
2,4,4,2,2,2025-10-21T20:41:40.969431
2,4,5,2,2,2025-10-21T20:41:43.181274
2,4,6,2,2,2025-10-21T20:41:44.860835
2,4,7,2,2,2025-10-21T20:41:46.466163
2,4,8,2,2,2025-10-21T20:41:48.349225
2,4,9,2,2,2025-10-21T20:41:50.152948
2,4,10,2,2,2025-10-21T20:41:51.724454
2,5,1,3,3,2025-10-21T20:41:53.257701
2,5,2,3,3,2025-10-21T20:41:54.998530
2,5,3,3,3,2025-10-21T20:41:56.432057
2,5,4,2,2,2025-10-21T20:41:58.788606
2,5,5,3,3,2025-10-21T20:42:00.362150
2,5,6,2,2,2025-10-21T20:42:02.175878
2,5,7,4,4,2025-10-21T20:42:04.072871
2,5,8,3,3,2025-10-21T20:42:05.855052
2,5,9,3,3,2025-10-21T20:42:07.372212
2,5,10,3,3,2025-10-21T20:42:08.805851
2,6,1,4,4,2025-10-21T20:42:11.000962
2,6,2,5,5,2025-10-21T20:42:12.953179
2,6,3,5,5,2025-10-21T20:42:15.331562
2,6,4,5,5,2025-10-21T20:42:17.224215
2,6,5,5,5,2025-10-21T20:42:18.966021
2,6,6,4,4,2025-10-21T20:42:20.701321
2,6,7,5,5,2025-10-21T20:42:22.749341
2,6,8,4,4,2025-10-21T20:42:25.411884
2,6,9,4,4,2025-10-21T20:42:27.712206
2,6,10,5,5,2025-10-21T20:42:30.050595
2,7,1,4,4,2025-10-21T20:42:31.799009
2,7,2,5,5,2025-10-21T20:42:33.823062
2,7,3,5,5,2025-10-21T20:42:36.167484
2,7,4,5,5,2025-10-21T20:42:38.826389
2,7,5,5,5,2025-10-21T20:42:41.469373
2,7,6,5,5,2025-10-21T20:42:43.539044
2,7,7,5,5,2025-10-21T20:42:46.055180
2,7,8,5,5,2025-10-21T20:42:48.212843
2,7,9,5,5,2025-10-21T20:42:49.738372
2,7,10,5,5,2025-10-21T20:42:51.903640
2,8,1,4,4,2025-10-21T20:42:54.052153
2,8,2,4,4,2025-10-21T20:42:55.812634
2,8,3,4,4,2025-10-21T20:42:57.872918
2,8,4,4,4,2025-10-21T20:42:59.511701
2,8,5,4,4,2025-10-21T20:43:01.338437
2,8,6,4,4,2025-10-21T20:43:03.095543
2,8,7,4,4,2025-10-21T20:43:05.006691
2,8,8,4,4,2025-10-21T20:43:06.781996
2,8,9,4,4,2025-10-21T20:43:08.420347
2,8,10,4,4,2025-10-21T20:43:10.058720
2,9,1,2,2,2025-10-21T20:43:12.094284
2,9,2,2,2,2025-10-21T20:43:13.642049
2,9,3,2,2,2025-10-21T20:43:15.281143
2,9,4,2,2,2025-10-21T20:43:16.817039
2,9,5,2,2,2025-10-21T20:43:18.792375
2,9,6,2,2,2025-10-21T20:43:20.331240
2,9,7,2,2,2025-10-21T20:43:22.221467
2,9,8,2,2,2025-10-21T20:43:23.540082
2,9,9,2,2,2025-10-21T20:43:33.921835
2,9,10,2,2,2025-10-21T20:43:35.454622
2,10,1,2,2,2025-10-21T20:43:38.016518
2,10,2,3,3,2025-10-21T20:43:39.366950
2,10,3,4,4,2025-10-21T20:43:41.803978
2,10,4,3,3,2025-10-21T20:43:44.259658
2,10,5,3,3,2025-10-21T20:43:46.103612
2,10,6,2,2,2025-10-21T20:43:48.373826
2,10,7,3,3,2025-10-21T20:43:51.102412
2,10,8,3,3,2025-10-21T20:43:53.808081
2,10,9,2,2,2025-10-21T20:43:55.838573
2,10,10,3,3,2025-10-21T20:43:57.923495
2,11,1,5,5,2025-10-21T20:43:59.414879
2,11,2,4,4,2025-10-21T20:44:01.430936
2,11,3,5,5,2025-10-21T20:44:03.047079
2,11,4,5,5,2025-10-21T20:44:04.576997
2,11,5,5,5,2025-10-21T20:44:06.729921
2,11,6,5,5,2025-10-21T20:44:08.873834
2,11,7,5,5,2025-10-21T20:44:11.090588
2,11,8,5,5,2025-10-21T20:44:13.408084
2,11,9,5,5,2025-10-21T20:44:15.476330
2,11,10,5,5,2025-10-21T20:44:17.541665
2,12,1,5,5,2025-10-21T20:44:19.102724
2,12,2,5,5,2025-10-21T20:44:20.179787
2,12,3,5,5,2025-10-21T20:44:21.472998
2,12,4,5,5,2025-10-21T20:44:23.035031
2,12,5,5,5,2025-10-21T20:44:24.709331
2,12,6,5,5,2025-10-21T20:44:26.145212
2,12,7,5,5,2025-10-21T20:44:27.578811
2,12,8,5,5,2025-10-21T20:44:28.747051
2,12,9,5,5,2025-10-21T20:44:30.546575
2,12,10,5,5,2025-10-21T20:44:32.306051
2,13,1,4,4,2025-10-21T20:44:34.105168
2,13,2,4,4,2025-10-21T20:44:36.075824
2,13,3,4,4,2025-10-21T20:44:38.123456
2,13,4,4,4,2025-10-21T20:44:39.872787
2,13,5,4,4,2025-10-21T20:44:42.094222
2,13,6,4,4,2025-10-21T20:44:44.369224
2,13,7,4,4,2025-10-21T20:44:46.827496
2,13,8,4,4,2025-10-21T20:44:47.996973
2,13,9,4,4,2025-10-21T20:44:49.403540
2,13,10,4,4,2025-10-21T20:44:50.930083
2,14,1,3,3,2025-10-21T20:44:53.484220
2,14,2,3,3,2025-10-21T20:44:59.319793
2,14,3,4,4,2025-10-21T20:45:01.016834
2,14,4,3,3,2025-10-21T20:45:02.700747
2,14,5,4,4,2025-10-21T20:45:05.158227
2,14,6,4,4,2025-10-21T20:45:08.810732
2,14,7,3,3,2025-10-21T20:45:10.380742
2,14,8,4,4,2025-10-21T20:45:12.010475
2,14,9,4,4,2025-10-21T20:45:13.978161
2,14,10,4,4,2025-10-21T20:45:15.828936
2,15,1,2,2,2025-10-21T20:45:17.154402
2,15,2,1,1,2025-10-21T20:45:18.534758
2,15,3,1,1,2025-10-21T20:45:20.205161
2,15,4,1,1,2025-10-21T20:45:21.306393
2,15,5,1,1,2025-10-21T20:45:22.566647
2,15,6,1,1,2025-10-21T20:45:23.795285
2,15,7,1,1,2025-10-21T20:45:25.023919
2,15,8,2,2,2025-10-21T20:45:26.506281
2,15,9,1,1,2025-10-21T20:45:27.777258
2,15,10,2,2,2025-10-21T20:45:29.325194
2,16,1,4,4,2025-10-21T20:45:31.065873
2,16,2,4,4,2025-10-21T20:45:32.706531
2,16,3,4,4,2025-10-21T20:45:33.999738
2,16,4,4,4,2025-10-21T20:45:35.571162
2,16,5,4,4,2025-10-21T20:45:37.517505
2,16,6,4,4,2025-10-21T20:45:39.439970
2,16,7,4,4,2025-10-21T20:45:40.917090
2,16,8,4,4,2025-10-21T20:45:43.251324
2,16,9,4,4,2025-10-21T20:45:44.892467
2,16,10,4,4,2025-10-21T20:45:46.086895
2,17,1,5,5,2025-10-21T20:45:47.527002
2,17,2,5,5,2025-10-21T20:45:48.986453
2,17,3,5,5,2025-10-21T20:45:50.244377
2,17,4,5,5,2025-10-21T20:45:52.553581
2,17,5,5,5,2025-10-21T20:45:54.515729
2,17,6,5,5,2025-10-21T20:45:56.291379
2,17,7,5,5,2025-10-21T20:45:58.509641
2,17,8,5,5,2025-10-21T20:46:00.862334
2,17,9,5,5,2025-10-21T20:46:02.516668
2,17,10,5,5,2025-10-21T20:46:04.129732
2,18,1,4,4,2025-10-21T20:46:05.882791
2,18,2,4,4,2025-10-21T20:46:07.878402
2,18,3,4,4,2025-10-21T20:46:09.686692
2,18,4,4,4,2025-10-21T20:46:11.560755
2,18,5,4,4,2025-10-21T20:46:13.806459
2,18,6,4,4,2025-10-21T20:46:15.881560
2,18,7,4,4,2025-10-21T20:46:17.811672
2,18,8,4,4,2025-10-21T20:46:19.788698
2,18,9,4,4,2025-10-21T20:46:21.858388
2,18,10,4,4,2025-10-21T20:46:23.802372
2,19,1,4,4,2025-10-21T20:46:25.133782
2,19,2,4,4,2025-10-21T20:46:26.797428
2,19,3,4,4,2025-10-21T20:46:28.821124
2,19,4,4,4,2025-10-21T20:46:30.458940
2,19,5,4,4,2025-10-21T20:46:32.000672
2,19,6,4,4,2025-10-21T20:46:33.735412
2,19,7,4,4,2025-10-21T20:46:35.988320
2,19,8,3,3,2025-10-21T20:46:37.933497
2,19,9,4,4,2025-10-21T20:46:39.483772
2,19,10,4,4,2025-10-21T20:46:40.882243
2,20,1,2,2,2025-10-21T20:46:42.645211
2,20,2,2,2,2025-10-21T20:46:44.487305
2,20,3,2,2,2025-10-21T20:46:46.252562
2,20,4,2,2,2025-10-21T20:46:48.069915
2,20,5,2,2,2025-10-21T20:46:50.029031
2,20,6,2,2,2025-10-21T20:46:51.927660
2,20,7,2,2,2025-10-21T20:46:54.359044
2,20,8,2,2,2025-10-21T20:46:56.164738
2,20,9,2,2,2025-10-21T20:46:58.320445
2,20,10,2,2,2025-10-21T20:46:59.950236
2,21,1,5,5,2025-10-21T20:47:01.281571
2,21,2,5,5,2025-10-21T20:47:02.510754
2,21,3,5,5,2025-10-21T20:47:04.251315
2,21,4,5,5,2025-10-21T20:47:05.691561
2,21,5,5,5,2025-10-21T20:47:06.810373
2,21,6,5,5,2025-10-21T20:47:08.155675
2,21,7,5,5,2025-10-21T20:47:09.563051
2,21,8,5,5,2025-10-21T20:47:10.873587
2,21,9,5,5,2025-10-21T20:47:12.147046
2,21,10,5,5,2025-10-21T20:47:13.361525
2,22,1,4,4,2025-10-21T20:47:15.921940
2,22,2,4,4,2025-10-21T20:47:18.045374
2,22,3,4,4,2025-10-21T20:47:19.861535
2,22,4,4,4,2025-10-21T20:47:21.303365
2,22,5,4,4,2025-10-21T20:47:23.386560
2,22,6,4,4,2025-10-21T20:47:26.778454
2,22,7,4,4,2025-10-21T20:47:28.282051
2,22,8,4,4,2025-10-21T20:47:30.056374
2,22,9,4,4,2025-10-21T20:47:31.898576
2,22,10,4,4,2025-10-21T20:47:33.743841
2,23,1,3,3,2025-10-21T20:47:35.074506
2,23,2,3,3,2025-10-21T20:47:36.332117
2,23,3,3,3,2025-10-21T20:47:38.314131
2,23,4,3,3,2025-10-21T20:47:39.725326
2,23,5,3,3,2025-10-21T20:47:41.218573
2,23,6,3,3,2025-10-21T20:47:42.862222
2,23,7,3,3,2025-10-21T20:47:44.395151
2,23,8,3,3,2025-10-21T20:47:45.847665
2,23,9,3,3,2025-10-21T20:47:47.157431
2,23,10,3,3,2025-10-21T20:47:48.375518
2,24,1,0,0,2025-10-21T20:47:50.416919
2,24,2,2,2,2025-10-21T20:47:51.830337
2,24,3,0,0,2025-10-21T20:47:53.404148
2,24,4,0,0,2025-10-21T20:47:55.211565
2,24,5,2,2,2025-10-21T20:47:56.475869
2,24,6,2,2,2025-10-21T20:47:57.672971
2,24,7,2,2,2025-10-21T20:47:59.344487
2,24,8,2,2,2025-10-21T20:48:00.868665
2,24,9,2,2,2025-10-21T20:48:02.426296
2,24,10,2,2,2025-10-21T20:48:03.723322
2,25,1,2,2,2025-10-21T20:48:07.553639
2,25,2,1,1,2025-10-21T20:48:09.811921
2,25,3,2,2,2025-10-21T20:48:12.245626
2,25,4,2,2,2025-10-21T20:48:14.293997
2,25,5,2,2,2025-10-21T20:48:16.530347
2,25,6,1,1,2025-10-21T20:48:19.043693
2,25,7,0,0,2025-10-21T20:48:21.069122
2,25,8,2,2,2025-10-21T20:48:22.712848
2,25,9,2,2,2025-10-21T20:48:24.989460
2,25,10,1,1,2025-10-21T20:48:26.994866
2,26,1,2,2,2025-10-21T20:48:28.514423
2,26,2,4,4,2025-10-21T20:48:29.753063
2,26,3,4,4,2025-10-21T20:48:31.317003
2,26,4,2,2,2025-10-21T20:48:33.395382
2,26,5,2,2,2025-10-21T20:48:36.104251
2,26,6,2,2,2025-10-21T20:48:37.965647
2,26,7,2,2,2025-10-21T20:48:40.253378
2,26,8,2,2,2025-10-21T20:48:42.259395
2,26,9,2,2,2025-10-21T20:48:43.785335
2,26,10,5,5,2025-10-21T20:48:45.321667
2,27,1,4,4,2025-10-21T20:48:47.164486
2,27,2,2,2,2025-10-21T20:48:49.266883
2,27,3,4,4,2025-10-21T20:48:51.338786
2,27,4,4,4,2025-10-21T20:48:53.413188
2,27,5,4,4,2025-10-21T20:48:55.049675
2,27,6,3,3,2025-10-21T20:48:56.835075
2,27,7,4,4,2025-10-21T20:48:58.429655
2,27,8,4,4,2025-10-21T20:49:00.197159
2,27,9,4,4,2025-10-21T20:49:02.050133
2,27,10,3,3,2025-10-21T20:49:03.804064
2,28,1,2,2,2025-10-21T20:49:05.496018
2,28,2,2,2,2025-10-21T20:49:07.062497
2,28,3,2,2,2025-10-21T20:49:08.774619
2,28,4,2,2,2025-10-21T20:49:10.259740
2,28,5,2,2,2025-10-21T20:49:12.416697
2,28,6,2,2,2025-10-21T20:49:14.036614
2,28,7,2,2,2025-10-21T20:49:15.530060
2,28,8,2,2,2025-10-21T20:49:16.909078
2,28,9,2,2,2025-10-21T20:49:18.191764
2,28,10,2,2,2025-10-21T20:49:20.236974
2,29,1,4,4,2025-10-21T20:49:21.952611
2,29,2,3,3,2025-10-21T20:49:24.236273
2,29,3,2,2,2025-10-21T20:49:26.486553
2,29,4,2,2,2025-10-21T20:49:30.164159
2,29,5,2,2,2025-10-21T20:49:32.015766
2,29,6,2,2,2025-10-21T20:49:33.757464
2,29,7,3,3,2025-10-21T20:49:35.468385
2,29,8,3,3,2025-10-21T20:49:37.153005
2,29,9,2,2,2025-10-21T20:49:39.800458
2,29,10,3,3,2025-10-21T20:49:42.259305
2,30,1,3,3,2025-10-21T20:49:44.613957
2,30,2,3,3,2025-10-21T20:49:47.069591
2,30,3,2,2,2025-10-21T20:49:49.629459
2,30,4,3,3,2025-10-21T20:49:52.189513
2,30,5,3,3,2025-10-21T20:49:56.761998
2,30,6,3,3,2025-10-21T20:49:58.624897
2,30,7,3,3,2025-10-21T20:50:00.586820
2,30,8,3,3,2025-10-21T20:50:02.693135
2,30,9,3,3,2025-10-21T20:50:04.580270
2,30,10,3,3,2025-10-21T20:50:06.497928
3,1,1,5,5,2025-10-21T20:50:08.369043
3,1,2,4,4,2025-10-21T20:50:10.331116
3,1,3,5,5,2025-10-21T20:50:12.567720
3,1,4,4,4,2025-10-21T20:50:14.082603
3,1,5,5,5,2025-10-21T20:50:15.963431
3,1,6,5,5,2025-10-21T20:50:18.360994
3,1,7,4,4,2025-10-21T20:50:20.356993
3,1,8,5,5,2025-10-21T20:50:21.941061
3,1,9,5,5,2025-10-21T20:50:23.644331
3,1,10,4,4,2025-10-21T20:50:25.368405
3,2,1,5,5,2025-10-21T20:50:27.211434
3,2,2,5,5,2025-10-21T20:50:28.747624
3,2,3,5,5,2025-10-21T20:50:30.384273
3,2,4,5,5,2025-10-21T20:50:32.020744
3,2,5,5,5,2025-10-21T20:50:33.671035
3,2,6,4,4,2025-10-21T20:50:35.753345
3,2,7,5,5,2025-10-21T20:50:37.315815
3,2,8,5,5,2025-10-21T20:50:38.873766
3,2,9,5,5,2025-10-21T20:50:40.657487
3,2,10,5,5,2025-10-21T20:50:42.549555
3,3,1,1,1,2025-10-21T20:50:44.660417
3,3,2,2,2,2025-10-21T20:50:46.227349
3,3,3,3,3,2025-10-21T20:50:47.711768
3,3,4,2,2,2025-10-21T20:50:49.533636
3,3,5,3,3,2025-10-21T20:50:51.623730
3,3,6,3,3,2025-10-21T20:50:53.655153
3,3,7,2,2,2025-10-21T20:50:55.215548
3,3,8,2,2,2025-10-21T20:50:57.111137
3,3,9,2,2,2025-10-21T20:50:59.156394
3,3,10,2,2,2025-10-21T20:51:01.045208
3,4,1,3,3,2025-10-21T20:51:02.538837
3,4,2,3,3,2025-10-21T20:51:03.914658
3,4,3,4,4,2025-10-21T20:51:05.089598
3,4,4,3,3,2025-10-21T20:51:06.502064
3,4,5,4,4,2025-10-21T20:51:08.212121
3,4,6,4,4,2025-10-21T20:51:09.376073
3,4,7,3,3,2025-10-21T20:51:10.751453
3,4,8,4,4,2025-10-21T20:51:12.185688
3,4,9,4,4,2025-10-21T20:51:13.501548
3,4,10,3,3,2025-10-21T20:51:15.441629
3,5,1,3,3,2025-10-21T20:51:17.697016
3,5,2,4,4,2025-10-21T20:51:20.287143
3,5,3,3,3,2025-10-21T20:51:22.495629
3,5,4,3,3,2025-10-21T20:51:24.473725
3,5,5,3,3,2025-10-21T20:51:26.013286
3,5,6,3,3,2025-10-21T20:51:27.493374
3,5,7,3,3,2025-10-21T20:51:29.291725
3,5,8,3,3,2025-10-21T20:51:30.726391
3,5,9,4,4,2025-10-21T20:51:32.474390
3,5,10,4,4,2025-10-21T20:51:33.751176
3,6,1,5,5,2025-10-21T20:51:35.239492
3,6,2,5,5,2025-10-21T20:51:36.823267
3,6,3,5,5,2025-10-21T20:51:38.427103
3,6,4,5,5,2025-10-21T20:51:39.833643
3,6,5,5,5,2025-10-21T20:51:41.132000
3,6,6,5,5,2025-10-21T20:51:42.598132
3,6,7,5,5,2025-10-21T20:51:43.863226
3,6,8,5,5,2025-10-21T20:51:45.324841
3,6,9,5,5,2025-10-21T20:51:47.016872
3,6,10,5,5,2025-10-21T20:51:48.419154
3,7,1,5,5,2025-10-21T20:51:49.681259
3,7,2,5,5,2025-10-21T20:51:51.488017
3,7,3,5,5,2025-10-21T20:51:53.800071
3,7,4,5,5,2025-10-21T20:51:55.275941
3,7,5,5,5,2025-10-21T20:51:57.246915
3,7,6,5,5,2025-10-21T20:51:59.136938
3,7,7,5,5,2025-10-21T20:52:00.600746
3,7,8,5,5,2025-10-21T20:52:01.870968
3,7,9,5,5,2025-10-21T20:52:03.160292
3,7,10,5,5,2025-10-21T20:52:04.482505
3,8,1,4,4,2025-10-21T20:52:06.534062
3,8,2,5,5,2025-10-21T20:52:08.014674
3,8,3,4,4,2025-10-21T20:52:10.098977
3,8,4,5,5,2025-10-21T20:52:12.373124
3,8,5,4,4,2025-10-21T20:52:16.473979
3,8,6,4,4,2025-10-21T20:52:19.548911
3,8,7,5,5,2025-10-21T20:52:21.800044
3,8,8,5,5,2025-10-21T20:52:23.578477
3,8,9,4,4,2025-10-21T20:52:26.154733
3,8,10,4,4,2025-10-21T20:52:27.621600
3,9,1,4,4,2025-10-21T20:52:29.272274
3,9,2,4,4,2025-10-21T20:52:30.912041
3,9,3,4,4,2025-10-21T20:52:33.051666
3,9,4,4,4,2025-10-21T20:52:34.600837
3,9,5,4,4,2025-10-21T20:52:36.066082
3,9,6,4,4,2025-10-21T20:52:37.993980
3,9,7,4,4,2025-10-21T20:52:39.513859
3,9,8,3,3,2025-10-21T20:52:41.152491
3,9,9,4,4,2025-10-21T20:52:43.879158
3,9,10,4,4,2025-10-21T20:52:45.249188
3,10,1,2,2,2025-10-21T20:52:47.090410
3,10,2,2,2,2025-10-21T20:52:49.336947
3,10,3,2,2,2025-10-21T20:52:51.305016
3,10,4,3,3,2025-10-21T20:52:53.645246
3,10,5,3,3,2025-10-21T20:52:56.170119
3,10,6,4,4,2025-10-21T20:52:58.080714
3,10,7,3,3,2025-10-21T20:52:59.861468
3,10,8,3,3,2025-10-21T20:53:01.746079
3,10,9,3,3,2025-10-21T20:53:03.578780
3,10,10,2,2,2025-10-21T20:53:04.889243
3,11,1,5,5,2025-10-21T20:53:06.432653
3,11,2,5,5,2025-10-21T20:53:08.064270
3,11,3,5,5,2025-10-21T20:53:10.953266
3,11,4,5,5,2025-10-21T20:53:12.416676
3,11,5,5,5,2025-10-21T20:53:13.996396
3,11,6,5,5,2025-10-21T20:53:15.936200
3,11,7,5,5,2025-10-21T20:53:17.254964
3,11,8,5,5,2025-10-21T20:53:19.350006
3,11,9,5,5,2025-10-21T20:53:20.886313
3,11,10,5,5,2025-10-21T20:53:22.421471
3,12,1,5,5,2025-10-21T20:53:24.161564
3,12,2,5,5,2025-10-21T20:53:25.700389
3,12,3,5,5,2025-10-21T20:53:27.035698
3,12,4,5,5,2025-10-21T20:53:28.941021
3,12,5,5,5,2025-10-21T20:53:30.612688
3,12,6,5,5,2025-10-21T20:53:33.172939
3,12,7,5,5,2025-10-21T20:53:34.336475
3,12,8,5,5,2025-10-21T20:53:36.201061
3,12,9,5,5,2025-10-21T20:53:37.575522
3,12,10,5,5,2025-10-21T20:53:43.515199
3,13,1,4,4,2025-10-21T20:53:45.167962
3,13,2,4,4,2025-10-21T20:53:46.894496
3,13,3,4,4,2025-10-21T20:53:48.091965
3,13,4,4,4,2025-10-21T20:53:49.581783
3,13,5,4,4,2025-10-21T20:53:51.008469
3,13,6,3,3,2025-10-21T20:53:52.231968
3,13,7,4,4,2025-10-21T20:53:54.004989
3,13,8,4,4,2025-10-21T20:53:56.058031
3,13,9,4,4,2025-10-21T20:53:57.382198
3,13,10,4,4,2025-10-21T20:53:59.240070
3,14,1,4,4,2025-10-21T20:54:02.051698
3,14,2,4,4,2025-10-21T20:54:03.199607
3,14,3,5,5,2025-10-21T20:54:06.298908
3,14,4,4,4,2025-10-21T20:54:07.854790
3,14,5,4,4,2025-10-21T20:54:09.285557
3,14,6,4,4,2025-10-21T20:54:10.550789
3,14,7,4,4,2025-10-21T20:54:11.675528
3,14,8,4,4,2025-10-21T20:54:12.922383
3,14,9,4,4,2025-10-21T20:54:14.235235
3,14,10,4,4,2025-10-21T20:54:15.656296
3,15,1,2,2,2025-10-21T20:54:17.370667
3,15,2,2,2,2025-10-21T20:54:19.005747
3,15,3,2,2,2025-10-21T20:54:20.523483
3,15,4,2,2,2025-10-21T20:54:22.625639
3,15,5,2,2,2025-10-21T20:54:26.105942
3,15,6,2,2,2025-10-21T20:54:31.450095
3,15,7,0,0,2025-10-21T20:54:33.047083
3,15,8,2,2,2025-10-21T20:54:34.772125
3,15,9,2,2,2025-10-21T20:54:41.727385
3,15,10,2,2,2025-10-21T20:54:43.811110
3,16,1,5,5,2025-10-21T20:54:52.329745
3,16,2,4,4,2025-10-21T20:54:53.967013
3,16,3,5,5,2025-10-21T20:54:55.632294
3,16,4,5,5,2025-10-21T20:54:57.346442
3,16,5,5,5,2025-10-21T20:54:58.844272
3,16,6,5,5,2025-10-21T20:55:04.276078
3,16,7,5,5,2025-10-21T20:55:08.392145
3,16,8,5,5,2025-10-21T20:55:11.556066
3,16,9,5,5,2025-10-21T20:55:15.141661
3,16,10,5,5,2025-10-21T20:55:18.661717
3,17,1,5,5,2025-10-21T20:55:22.024890
3,17,2,5,5,2025-10-21T20:55:26.327147
3,17,3,5,5,2025-10-21T20:55:28.320721
3,17,4,5,5,2025-10-21T20:55:31.241096
3,17,5,5,5,2025-10-21T20:55:34.108357
3,17,6,5,5,2025-10-21T20:55:37.693224
3,17,7,5,5,2025-10-21T20:55:39.847321
3,17,8,5,5,2025-10-21T20:55:43.527741
3,17,9,5,5,2025-10-21T20:55:46.851965
3,17,10,5,5,2025-10-21T20:55:49.544899
3,18,1,5,5,2025-10-21T20:55:51.411564
3,18,2,5,5,2025-10-21T20:55:53.252117
3,18,3,5,5,2025-10-21T20:55:54.802833
3,18,4,5,5,2025-10-21T20:55:56.427101
3,18,5,5,5,2025-10-21T20:55:57.968250
3,18,6,5,5,2025-10-21T20:55:59.607184
3,18,7,5,5,2025-10-21T20:56:02.851860
3,18,8,5,5,2025-10-21T20:56:04.425328
3,18,9,5,5,2025-10-21T20:56:05.949692
3,18,10,5,5,2025-10-21T20:56:08.208051
3,19,1,4,4,2025-10-21T20:56:09.468070
3,19,2,4,4,2025-10-21T20:56:10.778400
3,19,3,4,4,2025-10-21T20:56:11.999006
3,19,4,4,4,2025-10-21T20:56:13.344041
3,19,5,4,4,2025-10-21T20:56:15.473039
3,19,6,4,4,2025-10-21T20:56:16.895574
3,19,7,4,4,2025-10-21T20:56:18.237652
3,19,8,4,4,2025-10-21T20:56:20.611467
3,19,9,4,4,2025-10-21T20:56:22.442138
3,19,10,4,4,2025-10-21T20:56:24.380358
3,20,1,3,3,2025-10-21T20:56:26.874192
3,20,2,3,3,2025-10-21T20:56:29.202673
3,20,3,4,4,2025-10-21T20:56:30.941888
3,20,4,3,3,2025-10-21T20:56:32.626463
3,20,5,3,3,2025-10-21T20:56:34.486109
3,20,6,2,2,2025-10-21T20:56:36.573361
3,20,7,2,2,2025-10-21T20:56:38.550168
3,20,8,3,3,2025-10-21T20:56:41.096542
3,20,9,2,2,2025-10-21T20:56:42.949541
3,20,10,3,3,2025-10-21T20:56:44.970455
3,21,1,5,5,2025-10-21T20:56:46.015933
3,21,2,5,5,2025-10-21T20:56:47.119783
3,21,3,5,5,2025-10-21T20:56:48.556909
3,21,4,5,5,2025-10-21T20:56:49.860594
3,21,5,5,5,2025-10-21T20:56:50.999591
3,21,6,5,5,2025-10-21T20:56:52.224806
3,21,7,5,5,2025-10-21T20:56:53.571733
3,21,8,5,5,2025-10-21T20:56:54.903632
3,21,9,5,5,2025-10-21T20:56:56.050083
3,21,10,5,5,2025-10-21T20:56:57.105760
3,22,1,4,4,2025-10-21T20:56:58.485508
3,22,2,4,4,2025-10-21T20:56:59.725022
3,22,3,4,4,2025-10-21T20:57:00.949206
3,22,4,4,4,2025-10-21T20:57:02.454232
3,22,5,4,4,2025-10-21T20:57:04.329411
3,22,6,4,4,2025-10-21T20:57:05.964298
3,22,7,4,4,2025-10-21T20:57:07.410636
3,22,8,4,4,2025-10-21T20:57:08.626645
3,22,9,4,4,2025-10-21T20:57:09.972694
3,22,10,4,4,2025-10-21T20:57:11.216388
3,23,1,4,4,2025-10-21T20:57:12.758595
3,23,2,4,4,2025-10-21T20:57:14.214045
3,23,3,4,4,2025-10-21T20:57:15.794193
3,23,4,4,4,2025-10-21T20:57:17.448304
3,23,5,4,4,2025-10-21T20:57:19.247620
3,23,6,4,4,2025-10-21T20:57:20.948931
3,23,7,4,4,2025-10-21T20:57:22.482923
3,23,8,3,3,2025-10-21T20:57:24.441404
3,23,9,4,4,2025-10-21T20:57:26.238510
3,23,10,4,4,2025-10-21T20:57:27.887393
3,24,1,3,3,2025-10-21T20:57:30.744545
3,24,2,3,3,2025-10-21T20:57:33.506589
3,24,3,3,3,2025-10-21T20:57:36.070061
3,24,4,4,4,2025-10-21T20:57:37.397998
3,24,5,3,3,2025-10-21T20:57:39.222999
3,24,6,2,2,2025-10-21T20:57:41.307887
3,24,7,3,3,2025-10-21T20:57:43.544676
3,24,8,3,3,2025-10-21T20:57:46.004253
3,24,9,4,4,2025-10-21T20:57:47.565640
3,24,10,3,3,2025-10-21T20:57:49.404377
3,25,1,2,2,2025-10-21T20:57:51.538232
3,25,2,2,2,2025-10-21T20:57:53.905893
3,25,3,1,1,2025-10-21T20:57:56.768693
3,25,4,3,3,2025-10-21T20:57:59.516984
3,25,5,3,3,2025-10-21T20:58:02.233288
3,25,6,3,3,2025-10-21T20:58:04.748761
3,25,7,2,2,2025-10-21T20:58:07.040140
3,25,8,2,2,2025-10-21T20:58:09.231071
3,25,9,2,2,2025-10-21T20:58:10.842424
3,25,10,2,2,2025-10-21T20:58:14.469592
3,26,1,4,4,2025-10-21T20:58:16.623193
3,26,2,4,4,2025-10-21T20:58:19.434742
3,26,3,5,5,2025-10-21T20:58:20.901955
3,26,4,4,4,2025-10-21T20:58:22.758146
3,26,5,5,5,2025-10-21T20:58:24.412800
3,26,6,4,4,2025-10-21T20:58:26.143732
3,26,7,4,4,2025-10-21T20:58:28.496488
3,26,8,5,5,2025-10-21T20:58:30.855882
3,26,9,4,4,2025-10-21T20:58:32.576450
3,26,10,2,2,2025-10-21T20:58:34.263922
3,27,1,4,4,2025-10-21T20:58:35.667112
3,27,2,4,4,2025-10-21T20:58:36.996897
3,27,3,4,4,2025-10-21T20:58:38.444003
3,27,4,4,4,2025-10-21T20:58:39.967819
3,27,5,4,4,2025-10-21T20:58:41.298985
3,27,6,4,4,2025-10-21T20:58:42.607444
3,27,7,4,4,2025-10-21T20:58:44.063879
3,27,8,4,4,2025-10-21T20:58:45.408151
3,27,9,4,4,2025-10-21T20:58:46.831347
3,27,10,4,4,2025-10-21T20:58:48.158976
3,28,1,4,4,2025-10-21T20:58:49.909083
3,28,2,4,4,2025-10-21T20:58:51.909565
3,28,3,3,3,2025-10-21T20:58:53.486784
3,28,4,3,3,2025-10-21T20:58:55.845499
3,28,5,4,4,2025-10-21T20:58:57.684992
3,28,6,4,4,2025-10-21T20:59:00.656489
3,28,7,3,3,2025-10-21T20:59:02.457330
3,28,8,4,4,2025-10-21T20:59:04.236812
3,28,9,3,3,2025-10-21T20:59:06.217709
3,28,10,4,4,2025-10-21T20:59:08.743085
3,29,1,2,2,2025-10-21T20:59:10.320365
3,29,2,2,2,2025-10-21T20:59:12.168225
3,29,3,2,2,2025-10-21T20:59:13.858210
3,29,4,2,2,2025-10-21T20:59:15.398859
3,29,5,2,2,2025-10-21T20:59:16.934770
3,29,6,2,2,2025-10-21T20:59:18.297230
3,29,7,2,2,2025-10-21T20:59:24.101282
3,29,8,2,2,2025-10-21T20:59:25.397123
3,29,9,2,2,2025-10-21T20:59:26.928337
3,29,10,2,2,2025-10-21T20:59:28.407267
3,30,1,4,4,2025-10-21T20:59:30.283255
3,30,2,4,4,2025-10-21T20:59:31.885781
3,30,3,4,4,2025-10-21T20:59:33.319272
3,30,4,4,4,2025-10-21T20:59:34.779733
3,30,5,4,4,2025-10-21T20:59:36.288997
3,30,6,4,4,2025-10-21T20:59:37.940572
3,30,7,4,4,2025-10-21T20:59:40.355775
3,30,8,4,4,2025-10-21T20:59:41.640282
3,30,9,4,4,2025-10-21T20:59:42.901251
3,30,10,4,4,2025-10-21T20:59:44.087539
4,1,1,4,4,2025-10-21T20:59:46.018078
4,1,2,4,4,2025-10-21T20:59:48.064894
4,1,3,4,4,2025-10-21T20:59:50.335412
4,1,4,4,4,2025-10-21T20:59:52.071877
4,1,5,4,4,2025-10-21T20:59:53.903413
4,1,6,3,3,2025-10-21T20:59:55.438168
4,1,7,4,4,2025-10-21T20:59:57.946375
4,1,8,5,5,2025-10-21T21:00:00.981857
4,1,9,3,3,2025-10-21T21:00:03.169411
4,1,10,4,4,2025-10-21T21:00:05.689397
4,2,1,4,4,2025-10-21T21:00:08.260774
4,2,2,5,5,2025-10-21T21:00:10.388591
4,2,3,5,5,2025-10-21T21:00:12.088067
4,2,4,5,5,2025-10-21T21:00:15.365459
4,2,5,5,5,2025-10-21T21:00:17.249120
4,2,6,5,5,2025-10-21T21:00:18.688857
4,2,7,5,5,2025-10-21T21:00:21.875667
4,2,8,5,5,2025-10-21T21:00:23.600255
4,2,9,5,5,2025-10-21T21:00:25.750703
4,2,10,5,5,2025-10-21T21:00:28.104034
4,3,1,2,2,2025-10-21T21:00:29.632756
4,3,2,2,2,2025-10-21T21:00:31.398169
4,3,3,2,2,2025-10-21T21:00:33.312006
4,3,4,1,1,2025-10-21T21:00:34.981303
4,3,5,1,1,2025-10-21T21:00:37.013952
4,3,6,2,2,2025-10-21T21:00:39.580280
4,3,7,1,1,2025-10-21T21:00:41.405681
4,3,8,1,1,2025-10-21T21:00:43.074773
4,3,9,2,2,2025-10-21T21:00:45.290494
4,3,10,1,1,2025-10-21T21:00:47.150793
4,4,1,3,3,2025-10-21T21:00:49.465731
4,4,2,3,3,2025-10-21T21:00:52.782719
4,4,3,3,3,2025-10-21T21:00:54.936216
4,4,4,2,2,2025-10-21T21:00:57.863517
4,4,5,3,3,2025-10-21T21:00:59.810356
4,4,6,4,4,2025-10-21T21:01:02.408488
4,4,7,3,3,2025-10-21T21:01:04.560845
4,4,8,4,4,2025-10-21T21:01:07.236094
4,4,9,3,3,2025-10-21T21:01:10.498284
4,4,10,3,3,2025-10-21T21:01:12.992980
4,5,1,4,4,2025-10-21T21:01:14.428690
4,5,2,4,4,2025-10-21T21:01:16.130584
4,5,3,4,4,2025-10-21T21:01:17.634239
4,5,4,4,4,2025-10-21T21:01:19.216824
4,5,5,4,4,2025-10-21T21:01:20.845857
4,5,6,4,4,2025-10-21T21:01:22.721470
4,5,7,4,4,2025-10-21T21:01:25.041619
4,5,8,4,4,2025-10-21T21:01:27.189440
4,5,9,5,5,2025-10-21T21:01:28.907352
4,5,10,4,4,2025-10-21T21:01:30.518380
4,6,1,4,4,2025-10-21T21:01:32.309694
4,6,2,5,5,2025-10-21T21:01:34.138078
4,6,3,5,5,2025-10-21T21:01:36.064977
4,6,4,5,5,2025-10-21T21:01:38.312566
4,6,5,5,5,2025-10-21T21:01:40.276042
4,6,6,5,5,2025-10-21T21:01:42.450425
4,6,7,5,5,2025-10-21T21:01:44.394308
4,6,8,5,5,2025-10-21T21:01:46.382134
4,6,9,5,5,2025-10-21T21:01:48.900325
4,6,10,4,4,2025-10-21T21:01:50.711742
4,7,1,5,5,2025-10-21T21:01:52.280472
4,7,2,4,4,2025-10-21T21:01:53.961669
4,7,3,4,4,2025-10-21T21:01:55.556490
4,7,4,4,4,2025-10-21T21:01:57.394562
4,7,5,4,4,2025-10-21T21:01:59.008524
4,7,6,4,4,2025-10-21T21:02:00.617645
4,7,7,5,5,2025-10-21T21:02:02.411206
4,7,8,4,4,2025-10-21T21:02:03.830642
4,7,9,4,4,2025-10-21T21:02:05.224498
4,7,10,5,5,2025-10-21T21:02:06.813495
4,8,1,5,5,2025-10-21T21:02:08.301174
4,8,2,5,5,2025-10-21T21:02:10.029938
4,8,3,5,5,2025-10-21T21:02:11.550047
4,8,4,5,5,2025-10-21T21:02:12.903072
4,8,5,5,5,2025-10-21T21:02:14.138711
4,8,6,5,5,2025-10-21T21:02:15.424488
4,8,7,5,5,2025-10-21T21:02:16.652537
4,8,8,5,5,2025-10-21T21:02:17.822032
4,8,9,5,5,2025-10-21T21:02:19.146053
4,8,10,5,5,2025-10-21T21:02:20.552158
4,9,1,5,5,2025-10-21T21:02:22.195805
4,9,2,5,5,2025-10-21T21:02:23.821809
4,9,3,5,5,2025-10-21T21:02:25.297081
4,9,4,5,5,2025-10-21T21:02:26.662138
4,9,5,5,5,2025-10-21T21:02:28.019568
4,9,6,5,5,2025-10-21T21:02:29.248480
4,9,7,5,5,2025-10-21T21:02:31.108594
4,9,8,5,5,2025-10-21T21:02:33.402805
4,9,9,4,4,2025-10-21T21:02:35.287362
4,9,10,5,5,2025-10-21T21:02:36.814379
4,10,1,1,1,2025-10-21T21:02:38.490847
4,10,2,1,1,2025-10-21T21:02:39.974424
4,10,3,2,2,2025-10-21T21:02:41.847424
4,10,4,1,1,2025-10-21T21:02:43.387753
4,10,5,2,2,2025-10-21T21:02:44.675913
4,10,6,1,1,2025-10-21T21:02:46.313807
4,10,7,2,2,2025-10-21T21:02:47.829337
4,10,8,2,2,2025-10-21T21:02:49.066410
4,10,9,1,1,2025-10-21T21:02:50.818552
4,10,10,1,1,2025-10-21T21:02:52.944341
4,11,1,4,4,2025-10-21T21:02:54.558183
4,11,2,4,4,2025-10-21T21:02:57.819056
4,11,3,2,2,2025-10-21T21:02:59.989694
4,11,4,4,4,2025-10-21T21:03:02.031565
4,11,5,2,2,2025-10-21T21:03:04.550346
4,11,6,2,2,2025-10-21T21:03:06.069517
4,11,7,2,2,2025-10-21T21:03:07.854986
4,11,8,2,2,2025-10-21T21:03:09.385945
4,11,9,2,2,2025-10-21T21:03:11.510779
4,11,10,4,4,2025-10-21T21:03:13.896595
4,12,1,5,5,2025-10-21T21:03:15.942660
4,12,2,5,5,2025-10-21T21:03:17.875333
4,12,3,4,4,2025-10-21T21:03:20.563382
4,12,4,5,5,2025-10-21T21:03:23.157300
4,12,5,4,4,2025-10-21T21:03:25.171408
4,12,6,4,4,2025-10-21T21:03:26.782535
4,12,7,5,5,2025-10-21T21:03:29.369587
4,12,8,4,4,2025-10-21T21:03:33.455099
4,12,9,5,5,2025-10-21T21:03:36.286757
4,12,10,3,3,2025-10-21T21:03:38.473002
4,13,1,5,5,2025-10-21T21:03:39.702083
4,13,2,5,5,2025-10-21T21:03:41.428433
4,13,3,5,5,2025-10-21T21:03:43.298371
4,13,4,5,5,2025-10-21T21:03:44.719897
4,13,5,5,5,2025-10-21T21:03:45.952394
4,13,6,5,5,2025-10-21T21:03:47.146799
4,13,7,5,5,2025-10-21T21:03:48.401863
4,13,8,5,5,2025-10-21T21:03:49.737311
4,13,9,5,5,2025-10-21T21:03:50.825781
4,13,10,5,5,2025-10-21T21:03:52.024010
4,14,1,4,4,2025-10-21T21:03:53.935790
4,14,2,4,4,2025-10-21T21:03:55.471832
4,14,3,4,4,2025-10-21T21:03:56.970973
4,14,4,4,4,2025-10-21T21:03:58.804121
4,14,5,4,4,2025-10-21T21:04:00.459419
4,14,6,4,4,2025-10-21T21:04:02.965017
4,14,7,4,4,2025-10-21T21:04:04.278392
4,14,8,5,5,2025-10-21T21:04:06.634057
4,14,9,4,4,2025-10-21T21:04:08.339853
4,14,10,4,4,2025-10-21T21:04:10.766413
4,15,1,2,2,2025-10-21T21:04:12.957023
4,15,2,2,2,2025-10-21T21:04:15.317770
4,15,3,2,2,2025-10-21T21:04:17.318084
4,15,4,2,2,2025-10-21T21:04:19.265913
4,15,5,4,4,2025-10-21T21:04:21.671095
4,15,6,3,3,2025-10-21T21:04:24.041097
4,15,7,2,2,2025-10-21T21:04:26.396961
4,15,8,2,2,2025-10-21T21:04:28.848306
4,15,9,2,2,2025-10-21T21:04:33.528129
4,15,10,2,2,2025-10-21T21:04:37.080920
4,16,1,3,3,2025-10-21T21:04:40.016922
4,16,2,4,4,2025-10-21T21:04:42.857015
4,16,3,4,4,2025-10-21T21:04:45.284007
4,16,4,4,4,2025-10-21T21:04:47.438189
4,16,5,3,3,2025-10-21T21:04:50.341144
4,16,6,4,4,2025-10-21T21:04:52.304768
4,16,7,3,3,2025-10-21T21:04:54.556201
4,16,8,4,4,2025-10-21T21:04:57.322748
4,16,9,4,4,2025-10-21T21:04:58.858301
4,16,10,4,4,2025-10-21T21:05:01.197971
4,17,1,4,4,2025-10-21T21:05:03.568772
4,17,2,5,5,2025-10-21T21:05:05.695977
4,17,3,4,4,2025-10-21T21:05:07.594061
4,17,4,3,3,2025-10-21T21:05:09.827608
4,17,5,5,5,2025-10-21T21:05:11.248767
4,17,6,4,4,2025-10-21T21:05:13.229513
4,17,7,5,5,2025-10-21T21:05:14.929436
4,17,8,4,4,2025-10-21T21:05:17.497681
4,17,9,4,4,2025-10-21T21:05:21.385665
4,17,10,4,4,2025-10-21T21:05:23.550628
4,18,1,3,3,2025-10-21T21:05:25.746410
4,18,2,3,3,2025-10-21T21:05:28.290691
4,18,3,3,3,2025-10-21T21:05:30.910787
4,18,4,3,3,2025-10-21T21:05:32.913908
4,18,5,3,3,2025-10-21T21:05:34.821271
4,18,6,3,3,2025-10-21T21:05:37.258877
4,18,7,3,3,2025-10-21T21:05:39.416434
4,18,8,3,3,2025-10-21T21:05:41.797870
4,18,9,3,3,2025-10-21T21:05:44.024151
4,18,10,3,3,2025-10-21T21:05:47.499272
4,19,1,4,4,2025-10-21T21:05:50.438210
4,19,2,2,2,2025-10-21T21:05:53.809045
4,19,3,2,2,2025-10-21T21:05:56.510710
4,19,4,3,3,2025-10-21T21:05:58.862021
4,19,5,3,3,2025-10-21T21:06:00.943350
4,19,6,3,3,2025-10-21T21:06:02.657495
4,19,7,4,4,2025-10-21T21:06:04.418280
4,19,8,3,3,2025-10-21T21:06:07.262192
4,19,9,4,4,2025-10-21T21:06:10.266589
4,19,10,4,4,2025-10-21T21:06:12.793999
4,20,1,1,1,2025-10-21T21:06:14.853011
4,20,2,2,2,2025-10-21T21:06:17.093033
4,20,3,1,1,2025-10-21T21:06:19.450225
