persona_id,question_id,run_index,rating,failures,response,collected_at
0,1,1,3,0,3,2025-10-23T14:34:36.050859
0,1,2,3,0,3,2025-10-23T14:34:51.316722
0,1,3,4,0,4,2025-10-23T14:35:03.618225
0,1,4,3,0,3,2025-10-23T14:35:14.668958
0,1,5,4,0,4,2025-10-23T14:35:25.488632
0,1,6,3,0,3,2025-10-23T14:35:38.715657
0,1,7,4,0,4,2025-10-23T14:35:47.822955
0,1,8,3,0,3,2025-10-23T14:35:54.685702
0,1,9,3,0,3,2025-10-23T14:36:06.242986
0,1,10,4,0,4,2025-10-23T14:36:17.144272
0,2,1,4,0,4,2025-10-23T14:36:25.784640
0,2,2,4,0,4,2025-10-23T14:36:33.662178
0,2,3,4,0,4,2025-10-23T14:36:46.972634
0,2,4,4,0,4,2025-10-23T14:36:57.234641
0,2,5,4,0,4,2025-10-23T14:37:08.200470
0,2,6,4,0,4,2025-10-23T14:37:17.204669
0,2,7,4,0,4,2025-10-23T14:37:32.364496
0,2,8,4,0,4,2025-10-23T14:37:40.096285
0,2,9,4,0,4,2025-10-23T14:37:50.410415
0,2,10,4,0,4,2025-10-23T14:37:59.444842
0,3,1,2,0,2,2025-10-23T14:38:10.357472
0,3,2,2,0,2,2025-10-23T14:38:21.308007
0,3,3,2,0,2,2025-10-23T14:38:33.470829
0,3,4,2,0,2,2025-10-23T14:38:41.868535
0,3,5,2,0,2,2025-10-23T14:38:49.173888
0,3,6,2,0,2,2025-10-23T14:39:00.184003
0,3,7,1,0,1,2025-10-23T14:39:13.961573
0,3,8,2,0,2,2025-10-23T14:39:21.401685
0,3,9,2,0,2,2025-10-23T14:39:31.567139
0,3,10,2,0,2,2025-10-23T14:39:43.210481
0,4,1,2,0,2,2025-10-23T14:39:50.876571
0,4,2,2,0,2,2025-10-23T14:40:02.183698
0,4,3,2,0,2,2025-10-23T14:40:16.149477
0,4,4,2,0,2,2025-10-23T14:40:24.272302
0,4,5,2,0,2,2025-10-23T14:40:32.036510
0,4,6,2,0,2,2025-10-23T14:40:41.821269
0,4,7,2,0,2,2025-10-23T14:40:50.971624
0,4,8,2,0,2,2025-10-23T14:40:59.517234
0,4,9,3,0,3,2025-10-23T14:41:10.775134
0,4,10,2,0,2,2025-10-23T14:41:19.635125
0,5,1,1,0,1,2025-10-23T14:41:31.617197
0,5,2,1,0,1,2025-10-23T14:41:41.620556
0,5,3,1,0,1,2025-10-23T14:41:50.440473
0,5,4,1,0,1,2025-10-23T14:41:59.949741
0,5,5,1,0,1,2025-10-23T14:42:09.822375
0,5,6,1,0,1,2025-10-23T14:42:20.446429
0,5,7,1,0,1,2025-10-23T14:42:30.760424
0,5,8,1,0,1,2025-10-23T14:42:42.680728
0,5,9,1,0,1,2025-10-23T14:42:52.809287
0,5,10,1,0,1,2025-10-23T14:43:14.440632
0,6,1,4,0,4,2025-10-23T14:43:25.637804
0,6,2,4,0,4,2025-10-23T14:43:33.801873
0,6,3,4,0,4,2025-10-23T14:43:42.619137
0,6,4,4,0,4,2025-10-23T14:43:52.275067
0,6,5,4,0,4,2025-10-23T14:44:03.054751
0,6,6,4,0,4,2025-10-23T14:44:13.083331
0,6,7,4,0,4,2025-10-23T14:44:23.952551
0,6,8,4,0,4,2025-10-23T14:44:34.495258
0,6,9,3,0,3,2025-10-23T14:44:44.482991
0,6,10,3,0,3,2025-10-23T14:44:55.805680
0,7,1,4,0,4,2025-10-23T14:45:04.025781
0,7,2,4,0,4,2025-10-23T14:45:11.458108
0,7,3,4,0,4,2025-10-23T14:45:17.595559
0,7,4,4,0,4,2025-10-23T14:45:24.813101
0,7,5,4,0,4,2025-10-23T14:45:31.312232
0,7,6,4,0,4,2025-10-23T14:45:39.333552
0,7,7,4,0,4,2025-10-23T14:45:46.418568
0,7,8,4,0,4,2025-10-23T14:45:51.436353
0,7,9,4,0,4,2025-10-23T14:45:59.307728
0,7,10,4,0,4,2025-10-23T14:46:10.009937
0,8,1,4,0,4,2025-10-23T14:46:21.187473
0,8,2,3,0,3,2025-10-23T14:46:31.886910
0,8,3,4,0,4,2025-10-23T14:46:40.151885
0,8,4,4,0,4,2025-10-23T14:46:48.911471
0,8,5,4,0,4,2025-10-23T14:46:58.325141
0,8,6,4,0,4,2025-10-23T14:47:07.129998
0,8,7,4,0,4,2025-10-23T14:47:14.688335
0,8,8,4,0,4,2025-10-23T14:47:23.659500
0,8,9,4,0,4,2025-10-23T14:47:32.397301
0,8,10,3,0,3,2025-10-23T14:47:41.734222
0,9,1,2,0,2,2025-10-23T14:47:49.840381
0,9,2,2,0,2,2025-10-23T14:47:57.484178
0,9,3,2,0,2,2025-10-23T14:48:07.728538
0,9,4,2,0,2,2025-10-23T14:48:15.288483
0,9,5,1,0,1,2025-10-23T14:48:23.517013
0,9,6,1,0,1,2025-10-23T14:48:36.004995
0,9,7,1,0,1,2025-10-23T14:48:45.039374
0,9,8,2,0,2,2025-10-23T14:48:54.954057
0,9,9,1,0,1,2025-10-23T14:49:04.981757
0,9,10,2,0,2,2025-10-23T14:49:14.598941
0,10,1,2,0,2,2025-10-23T14:49:25.520340
0,10,2,2,0,2,2025-10-23T14:49:36.444798
0,10,3,1,0,1,2025-10-23T14:49:46.223090
0,10,4,2,0,2,2025-10-23T14:49:53.773377
0,10,5,1,0,1,2025-10-23T14:50:03.507469
0,10,6,2,0,2,2025-10-23T14:50:13.889478
0,10,7,2,0,2,2025-10-23T14:50:24.180902
0,10,8,2,0,2,2025-10-23T14:50:33.264224
0,10,9,2,0,2,2025-10-23T14:50:43.812598
0,10,10,2,0,2,2025-10-23T14:50:53.718700
0,11,1,4,0,4,2025-10-23T14:51:03.437186
0,11,2,4,0,4,2025-10-23T14:51:11.223073
0,11,3,3,0,3,2025-10-23T14:51:21.173043
0,11,4,3,0,3,2025-10-23T14:51:31.855482
0,11,5,4,0,4,2025-10-23T14:51:43.630720
0,11,6,4,0,4,2025-10-23T14:51:52.457362
0,11,7,3,0,3,2025-10-23T14:52:04.270817
0,11,8,3,0,3,2025-10-23T14:52:12.545729
0,11,9,4,0,4,2025-10-23T14:52:22.185198
0,11,10,4,0,4,2025-10-23T14:52:33.440768
0,12,1,4,0,4,2025-10-23T14:52:42.239899
0,12,2,4,0,4,2025-10-23T14:52:49.710790
0,12,3,4,0,4,2025-10-23T14:52:56.814633
0,12,4,4,0,4,2025-10-23T14:53:03.652588
0,12,5,5,0,5,2025-10-23T14:53:12.262201
0,12,6,5,0,5,2025-10-23T14:53:19.760764
0,12,7,4,0,4,2025-10-23T14:53:26.424009
0,12,8,4,0,4,2025-10-23T14:53:35.609083
0,12,9,5,0,5,2025-10-23T14:53:45.248507
0,12,10,4,0,4,2025-10-23T14:53:55.006713
0,13,1,3,0,3,2025-10-23T14:54:04.575601
0,13,2,3,0,3,2025-10-23T14:54:13.516277
0,13,3,4,0,4,2025-10-23T14:54:23.973614
0,13,4,4,0,4,2025-10-23T14:54:31.426561
0,13,5,3,0,3,2025-10-23T14:54:40.944685
0,13,6,3,0,3,2025-10-23T14:54:50.592971
0,13,7,4,0,4,2025-10-23T14:55:01.068714
0,13,8,3,0,3,2025-10-23T14:55:11.316313
0,13,9,4,0,4,2025-10-23T14:55:20.513989
0,13,10,3,0,3,2025-10-23T14:55:29.365080
0,14,1,4,0,4,2025-10-23T14:55:38.634819
0,14,2,4,0,4,2025-10-23T14:55:48.698659
0,14,3,4,0,4,2025-10-23T14:55:58.539363
0,14,4,4,0,4,2025-10-23T14:56:07.665482
0,14,5,4,0,4,2025-10-23T14:56:18.241714
0,14,6,4,0,4,2025-10-23T14:56:29.885009
0,14,7,4,0,4,2025-10-23T14:56:40.366014
0,14,8,4,0,4,2025-10-23T14:56:47.841243
0,14,9,4,0,4,2025-10-23T14:56:55.464938
0,14,10,4,0,4,2025-10-23T14:57:10.243437
0,15,1,1,0,1,2025-10-23T14:57:17.741314
0,15,2,1,0,1,2025-10-23T14:57:24.749344
0,15,3,0,0,0,2025-10-23T14:57:32.720741
0,15,4,1,0,1,2025-10-23T14:57:40.567382
0,15,5,1,0,1,2025-10-23T14:57:49.383916
0,15,6,1,0,1,2025-10-23T14:57:57.391947
0,15,7,1,0,1,2025-10-23T14:58:06.253199
0,15,8,1,0,1,2025-10-23T14:58:14.864979
0,15,9,0,0,0,2025-10-23T14:58:23.730558
0,15,10,0,0,0,2025-10-23T14:58:33.646104
0,16,1,5,0,5,2025-10-23T14:58:43.695533
0,16,2,4,0,4,2025-10-23T14:58:56.691851
0,16,3,5,0,5,2025-10-23T14:59:06.789480
0,16,4,4,0,4,2025-10-23T14:59:16.149711
0,16,5,4,0,4,2025-10-23T14:59:27.496895
0,16,6,4,0,4,2025-10-23T14:59:37.814955
0,16,7,4,0,4,2025-10-23T14:59:46.480021
0,16,8,4,0,4,2025-10-23T14:59:55.536120
0,16,9,4,0,4,2025-10-23T15:00:06.480119
0,16,10,4,0,4,2025-10-23T15:00:16.820621
0,17,1,5,0,5,2025-10-23T15:00:25.246064
0,17,2,4,0,4,2025-10-23T15:00:38.412010
0,17,3,5,0,5,2025-10-23T15:00:45.566559
0,17,4,5,0,5,2025-10-23T15:00:53.098597
0,17,5,5,0,5,2025-10-23T15:01:05.285429
0,17,6,5,0,5,2025-10-23T15:01:13.302365
0,17,7,5,0,5,2025-10-23T15:01:20.268876
0,17,8,5,0,5,2025-10-23T15:01:27.503037
0,17,9,5,0,5,2025-10-23T15:01:34.780893
0,17,10,5,0,5,2025-10-23T15:01:42.509515
0,18,1,4,0,4,2025-10-23T15:01:53.713578
0,18,2,4,0,4,2025-10-23T15:02:08.849288
0,18,3,4,0,4,2025-10-23T15:02:22.764353
0,18,4,4,0,4,2025-10-23T15:02:32.836433
0,18,5,4,0,4,2025-10-23T15:02:43.802143
0,18,6,4,0,4,2025-10-23T15:02:53.595892
0,18,7,4,0,4,2025-10-23T15:03:04.216885
0,18,8,4,0,4,2025-10-23T15:03:15.399394
0,18,9,4,0,4,2025-10-23T15:03:28.782538
0,18,10,4,0,4,2025-10-23T15:03:41.435376
0,19,1,3,0,3,2025-10-23T15:03:51.258337
0,19,2,4,0,4,2025-10-23T15:04:03.442137
0,19,3,4,0,4,2025-10-23T15:04:19.910579
0,19,4,4,0,4,2025-10-23T15:04:32.701395
0,19,5,4,0,4,2025-10-23T15:04:44.786671
0,19,6,3,0,3,2025-10-23T15:04:59.031450
0,19,7,4,0,4,2025-10-23T15:05:12.535249
0,19,8,4,0,4,2025-10-23T15:05:25.990771
0,19,9,4,0,4,2025-10-23T15:05:36.885591
0,19,10,4,0,4,2025-10-23T15:05:47.354081
0,20,1,2,0,2,2025-10-23T15:05:58.065785
0,20,2,2,0,2,2025-10-23T15:06:08.493812
0,20,3,2,0,2,2025-10-23T15:06:16.143280
0,20,4,2,0,2,2025-10-23T15:06:27.222076
0,20,5,2,0,2,2025-10-23T15:06:37.377931
0,20,6,2,0,2,2025-10-23T15:06:46.700979
0,20,7,2,0,2,2025-10-23T15:06:57.070840
0,20,8,2,0,2,2025-10-23T15:07:08.904984
0,20,9,2,0,2,2025-10-23T15:07:18.551165
0,20,10,2,0,2,2025-10-23T15:07:25.651256
0,21,1,5,0,5,2025-10-23T15:07:31.806916
0,21,2,5,0,5,2025-10-23T15:07:39.467791
0,21,3,5,0,5,2025-10-23T15:07:45.577052
0,21,4,5,0,5,2025-10-23T15:07:53.712017
0,21,5,5,0,5,2025-10-23T15:08:02.701266
0,21,6,5,0,5,2025-10-23T15:08:09.889132
0,21,7,4,0,4,2025-10-23T15:08:18.627754
0,21,8,5,0,5,2025-10-23T15:08:25.952259
0,21,9,5,0,5,2025-10-23T15:08:34.469616
0,21,10,5,0,5,2025-10-23T15:08:46.448691
0,22,1,5,0,5,2025-10-23T15:08:56.763451
0,22,2,4,0,4,2025-10-23T15:09:09.335459
0,22,3,4,0,4,2025-10-23T15:09:18.094361
0,22,4,4,0,4,2025-10-23T15:09:28.820614
0,22,5,4,0,4,2025-10-23T15:09:39.125064
0,22,6,4,0,4,2025-10-23T15:09:46.642769
0,22,7,4,0,4,2025-10-23T15:09:53.559812
0,22,8,4,0,4,2025-10-23T15:10:02.484350
0,22,9,5,0,5,2025-10-23T15:10:12.854248
0,22,10,4,0,4,2025-10-23T15:10:23.268867
0,23,1,3,0,3,2025-10-23T15:10:27.695901
0,23,2,3,0,3,2025-10-23T15:10:32.086546
0,23,3,3,0,3,2025-10-23T15:10:36.654935
0,23,4,3,0,3,2025-10-23T15:10:41.097649
0,23,5,3,0,3,2025-10-23T15:10:49.247693
0,23,6,3,0,3,2025-10-23T15:10:53.887182
0,23,7,3,0,3,2025-10-23T15:10:58.743433
0,23,8,3,0,3,2025-10-23T15:11:03.052932
0,23,9,3,0,3,2025-10-23T15:11:07.768566
0,23,10,3,0,3,2025-10-23T15:11:12.109534
0,24,1,2,0,2,2025-10-23T15:11:23.296588
0,24,2,3,0,3,2025-10-23T15:11:32.963404
0,24,3,1,0,1,2025-10-23T15:11:43.407455
0,24,4,2,0,2,2025-10-23T15:11:52.054770
0,24,5,2,0,2,2025-10-23T15:12:05.299175
0,24,6,2,0,2,2025-10-23T15:12:17.645075
0,24,7,2,0,2,2025-10-23T15:12:28.929116
0,24,8,2,0,2,2025-10-23T15:12:38.003411
0,24,9,2,0,2,2025-10-23T15:12:47.413165
0,24,10,2,0,2,2025-10-23T15:12:53.649361
0,25,1,1,0,1,2025-10-23T15:13:07.732225
0,25,2,1,0,1,2025-10-23T15:13:18.400534
0,25,3,1,0,1,2025-10-23T15:13:30.453554
0,25,4,2,0,2,2025-10-23T15:13:40.344618
0,25,5,0,0,0,2025-10-23T15:14:00.014373
0,25,6,0,0,0,2025-10-23T15:14:10.956281
0,25,7,2,0,2,2025-10-23T15:14:20.563814
0,25,8,2,0,2,2025-10-23T15:14:33.650742
0,25,9,1,0,1,2025-10-23T15:14:42.417063
0,25,10,1,0,1,2025-10-23T15:14:56.077475
0,26,1,1,0,1,2025-10-23T15:15:04.252756
0,26,2,2,0,2,2025-10-23T15:15:13.661756
0,26,3,1,0,1,2025-10-23T15:15:23.838175
0,26,4,2,0,2,2025-10-23T15:15:36.735710
0,26,5,1,0,1,2025-10-23T15:15:47.732670
0,26,6,2,0,2,2025-10-23T15:15:55.713296
0,26,7,1,0,1,2025-10-23T15:16:05.112159
0,26,8,2,0,2,2025-10-23T15:16:13.671359
0,26,9,2,0,2,2025-10-23T15:16:24.371623
0,26,10,1,0,1,2025-10-23T15:16:33.109754
0,27,1,4,0,4,2025-10-23T15:16:44.685260
0,27,2,4,0,4,2025-10-23T15:16:56.333762
0,27,3,4,0,4,2025-10-23T15:17:09.876362
0,27,4,4,0,4,2025-10-23T15:17:22.280149
0,27,5,4,0,4,2025-10-23T15:17:31.953624
0,27,6,4,0,4,2025-10-23T15:17:41.119987
0,27,7,3,0,3,2025-10-23T15:17:50.217257
0,27,8,4,0,4,2025-10-23T15:18:01.837856
0,27,9,4,0,4,2025-10-23T15:18:10.958841
0,27,10,4,0,4,2025-10-23T15:18:21.140369
0,28,1,4,0,4,2025-10-23T15:18:30.230495
0,28,2,4,0,4,2025-10-23T15:18:39.208925
0,28,3,4,0,4,2025-10-23T15:18:50.613578
0,28,4,4,0,4,2025-10-23T15:18:58.238922
0,28,5,4,0,4,2025-10-23T15:19:05.881429
0,28,6,4,0,4,2025-10-23T15:19:14.918270
0,28,7,4,0,4,2025-10-23T15:19:23.379920
0,28,8,4,0,4,2025-10-23T15:19:32.789762
0,28,9,4,0,4,2025-10-23T15:19:43.683351
0,28,10,4,0,4,2025-10-23T15:19:54.384275
0,29,1,4,0,4,2025-10-23T15:20:05.004709
0,29,2,4,0,4,2025-10-23T15:20:14.939537
0,29,3,4,0,4,2025-10-23T15:20:25.996195
0,29,4,3,0,3,2025-10-23T15:20:35.309323
0,29,5,4,0,4,2025-10-23T15:20:46.586023
0,29,6,4,0,4,2025-10-23T15:21:01.133690
0,29,7,4,0,4,2025-10-23T15:21:11.558054
0,29,8,4,0,4,2025-10-23T15:21:21.980767
0,29,9,4,0,4,2025-10-23T15:21:32.407288
0,29,10,4,0,4,2025-10-23T15:21:42.887121
0,30,1,3,0,3,2025-10-23T15:21:57.941260
0,30,2,2,0,2,2025-10-23T15:22:13.315454
0,30,3,3,0,3,2025-10-23T15:22:25.734757
0,30,4,3,0,3,2025-10-23T15:22:38.002469
0,30,5,2,0,2,2025-10-23T15:22:52.658942
0,30,6,3,0,3,2025-10-23T15:23:03.777189
0,30,7,3,0,3,2025-10-23T15:23:13.557525
0,30,8,3,0,3,2025-10-23T15:23:22.801761
0,30,9,3,0,3,2025-10-23T15:23:36.087973
0,30,10,3,0,3,2025-10-23T15:23:45.821866
1,1,1,4,0,4,2025-10-23T15:23:53.419766
1,1,2,4,0,4,2025-10-23T15:24:03.680626
1,1,3,4,0,4,2025-10-23T15:24:14.416642
1,1,4,5,0,5,2025-10-23T15:24:24.251836
1,1,5,4,0,4,2025-10-23T15:24:37.301959
1,1,6,4,0,4,2025-10-23T15:24:48.573442
1,1,7,5,0,5,2025-10-23T15:25:00.478189
1,1,8,5,0,5,2025-10-23T15:25:10.823130
1,1,9,5,0,5,2025-10-23T15:25:20.316911
1,1,10,5,0,5,2025-10-23T15:25:29.488637
1,2,1,4,0,4,2025-10-23T15:25:40.341816
1,2,2,4,0,4,2025-10-23T15:25:49.030672
1,2,3,5,0,5,2025-10-23T15:25:58.918589
1,2,4,4,0,4,2025-10-23T15:26:07.344834
1,2,5,5,0,5,2025-10-23T15:26:15.123632
1,2,6,5,0,5,2025-10-23T15:26:25.194089
1,2,7,4,0,4,2025-10-23T15:26:34.728375
1,2,8,4,0,4,2025-10-23T15:26:45.493579
1,2,9,4,0,4,2025-10-23T15:26:56.692816
1,2,10,5,0,5,2025-10-23T15:27:05.723192
1,3,1,3,0,3,2025-10-23T15:27:18.537988
1,3,2,3,0,3,2025-10-23T15:27:28.404987
1,3,3,3,0,3,2025-10-23T15:27:38.937982
1,3,4,3,0,3,2025-10-23T15:27:51.820908
1,3,5,3,0,3,2025-10-23T15:28:06.384979
1,3,6,3,0,3,2025-10-23T15:28:18.819651
1,3,7,3,0,3,2025-10-23T15:28:28.616303
1,3,8,4,0,4,2025-10-23T15:28:43.374271
1,3,9,4,0,4,2025-10-23T15:28:58.285700
1,3,10,3,0,3,2025-10-23T15:29:08.667360
1,4,1,2,0,2,2025-10-23T15:29:17.139514
1,4,2,1,0,1,2025-10-23T15:29:25.925718
1,4,3,2,0,2,2025-10-23T15:29:35.757492
1,4,4,2,0,2,2025-10-23T15:29:46.441506
1,4,5,1,0,1,2025-10-23T15:29:55.897076
1,4,6,2,0,2,2025-10-23T15:30:06.744055
1,4,7,2,0,2,2025-10-23T15:30:18.304592
1,4,8,2,0,2,2025-10-23T15:30:29.409437
1,4,9,2,0,2,2025-10-23T15:30:40.539743
1,4,10,2,0,2,2025-10-23T15:30:51.772235
1,5,1,1,0,1,2025-10-23T15:31:06.231952
1,5,2,2,0,2,2025-10-23T15:31:16.362873
1,5,3,1,0,1,2025-10-23T15:31:29.473598
1,5,4,2,0,2,2025-10-23T15:31:39.110280
1,5,5,1,0,1,2025-10-23T15:32:04.650695
1,5,6,2,0,2,2025-10-23T15:32:21.234784
1,5,7,2,0,2,2025-10-23T15:32:37.802468
1,5,8,2,0,2,2025-10-23T15:32:48.977286
1,5,9,2,0,2,2025-10-23T15:33:01.041452
1,5,10,1,0,1,2025-10-23T15:33:40.034786
1,6,1,5,0,5,2025-10-23T15:33:49.202915
1,6,2,5,0,5,2025-10-23T15:33:57.153812
1,6,3,5,0,5,2025-10-23T15:34:06.732870
1,6,4,5,0,5,2025-10-23T15:34:17.616651
1,6,5,5,0,5,2025-10-23T15:34:26.669619
1,6,6,5,0,5,2025-10-23T15:34:35.775821
1,6,7,5,0,5,2025-10-23T15:34:45.132895
1,6,8,5,0,5,2025-10-23T15:34:53.097572
1,6,9,5,0,5,2025-10-23T15:35:01.014384
1,6,10,5,0,5,2025-10-23T15:35:10.343697
1,7,1,4,0,4,2025-10-23T15:35:19.439012
1,7,2,4,0,4,2025-10-23T15:35:27.921818
1,7,3,5,0,5,2025-10-23T15:35:37.178223
1,7,4,5,0,5,2025-10-23T15:35:45.170077
1,7,5,5,0,5,2025-10-23T15:35:54.167506
1,7,6,4,0,4,2025-10-23T15:36:03.760302
1,7,7,4,0,4,2025-10-23T15:36:12.651365
1,7,8,4,0,4,2025-10-23T15:36:22.132017
1,7,9,4,0,4,2025-10-23T15:36:31.211465
1,7,10,4,0,4,2025-10-23T15:36:41.115048
1,8,1,4,0,4,2025-10-23T15:36:49.769393
1,8,2,4,0,4,2025-10-23T15:37:01.953796
1,8,3,4,0,4,2025-10-23T15:37:12.617393
1,8,4,4,0,4,2025-10-23T15:37:20.399855
1,8,5,4,0,4,2025-10-23T15:37:28.328887
1,8,6,4,0,4,2025-10-23T15:37:37.743816
1,8,7,4,0,4,2025-10-23T15:37:45.204937
1,8,8,4,0,4,2025-10-23T15:37:53.169394
1,8,9,4,0,4,2025-10-23T15:38:02.473259
1,8,10,4,0,4,2025-10-23T15:38:11.687306
1,9,1,2,0,2,2025-10-23T15:38:21.603988
1,9,2,1,0,1,2025-10-23T15:38:28.912861
1,9,3,1,0,1,2025-10-23T15:38:38.677195
1,9,4,1,0,1,2025-10-23T15:38:48.901811
1,9,5,1,0,1,2025-10-23T15:38:57.245405
1,9,6,1,0,1,2025-10-23T15:39:05.385078
1,9,7,1,0,1,2025-10-23T15:39:14.234774
1,9,8,1,0,1,2025-10-23T15:39:30.861465
1,9,9,1,0,1,2025-10-23T15:39:46.419468
1,9,10,1,0,1,2025-10-23T15:39:56.414841
1,10,1,3,0,3,2025-10-23T15:40:09.088772
1,10,2,3,0,3,2025-10-23T15:40:23.183361
1,10,3,3,0,3,2025-10-23T15:40:35.018059
1,10,4,3,0,3,2025-10-23T15:40:46.801754
1,10,5,2,0,2,2025-10-23T15:40:58.410639
1,10,6,3,0,3,2025-10-23T15:41:09.224211
1,10,7,2,0,2,2025-10-23T15:41:21.661912
1,10,8,3,0,3,2025-10-23T15:41:36.865050
1,10,9,2,0,2,2025-10-23T15:41:48.602883
1,10,10,2,0,2,2025-10-23T15:42:02.241220
1,11,1,4,0,4,2025-10-23T15:42:13.914783
1,11,2,5,0,5,2025-10-23T15:42:28.028521
1,11,3,4,0,4,2025-10-23T15:42:36.417807
1,11,4,4,0,4,2025-10-23T15:42:47.254614
1,11,5,4,0,4,2025-10-23T15:42:58.095956
1,11,6,4,0,4,2025-10-23T15:43:10.220828
1,11,7,4,0,4,2025-10-23T15:43:24.024603
1,11,8,4,0,4,2025-10-23T15:43:37.975778
1,11,9,4,0,4,2025-10-23T15:43:48.805167
1,11,10,5,0,5,2025-10-23T15:43:57.028108
1,12,1,5,0,5,2025-10-23T15:44:04.251844
1,12,2,5,0,5,2025-10-23T15:44:14.795474
1,12,3,5,0,5,2025-10-23T15:44:23.362452
1,12,4,5,0,5,2025-10-23T15:44:32.137164
1,12,5,5,0,5,2025-10-23T15:44:38.546508
1,12,6,5,0,5,2025-10-23T15:44:45.811791
1,12,7,5,0,5,2025-10-23T15:44:54.764403
1,12,8,5,0,5,2025-10-23T15:45:03.602150
1,12,9,5,0,5,2025-10-23T15:45:12.800286
1,12,10,5,0,5,2025-10-23T15:45:22.574576
1,13,1,4,0,4,2025-10-23T15:45:32.927158
1,13,2,4,0,4,2025-10-23T15:45:42.725123
1,13,3,4,0,4,2025-10-23T15:45:51.791850
1,13,4,4,0,4,2025-10-23T15:46:02.787190
1,13,5,4,0,4,2025-10-23T15:46:09.836948
1,13,6,4,0,4,2025-10-23T15:46:19.460740
1,13,7,4,0,4,2025-10-23T15:46:27.761284
1,13,8,4,0,4,2025-10-23T15:46:36.871418
1,13,9,4,0,4,2025-10-23T15:46:45.729603
1,13,10,4,0,4,2025-10-23T15:46:56.695263
1,14,1,4,0,4,2025-10-23T15:47:05.964882
1,14,2,4,0,4,2025-10-23T15:47:16.450967
1,14,3,5,0,5,2025-10-23T15:47:26.606099
1,14,4,4,0,4,2025-10-23T15:47:37.640370
1,14,5,4,0,4,2025-10-23T15:47:49.378043
1,14,6,4,0,4,2025-10-23T15:48:02.255243
1,14,7,4,0,4,2025-10-23T15:48:12.186649
1,14,8,4,0,4,2025-10-23T15:48:20.530977
1,14,9,4,0,4,2025-10-23T15:48:33.140292
1,14,10,4,0,4,2025-10-23T15:48:42.292108
1,15,1,1,0,1,2025-10-23T15:48:54.089487
1,15,2,0,0,0,2025-10-23T15:49:04.899634
1,15,3,0,0,0,2025-10-23T15:49:11.854964
1,15,4,0,0,0,2025-10-23T15:49:22.636454
1,15,5,0,0,0,2025-10-23T15:49:30.971190
1,15,6,0,0,0,2025-10-23T15:49:41.156377
1,15,7,0,0,0,2025-10-23T15:49:48.395917
1,15,8,0,0,0,2025-10-23T15:49:58.168543
1,15,9,1,0,1,2025-10-23T15:50:08.018657
1,15,10,0,0,0,2025-10-23T15:50:19.007044
1,16,1,5,0,5,2025-10-23T15:50:25.278244
1,16,2,5,0,5,2025-10-23T15:50:31.241204
1,16,3,5,0,5,2025-10-23T15:50:38.605977
1,16,4,5,0,5,2025-10-23T15:50:46.118061
1,16,5,5,0,5,2025-10-23T15:50:52.554742
1,16,6,5,0,5,2025-10-23T15:50:58.584840
1,16,7,5,0,5,2025-10-23T15:51:05.079712
1,16,8,5,0,5,2025-10-23T15:51:10.380864
1,16,9,5,0,5,2025-10-23T15:51:16.621661
1,16,10,5,0,5,2025-10-23T15:51:22.980097
1,17,1,5,0,5,2025-10-23T15:51:28.437287
1,17,2,5,0,5,2025-10-23T15:51:36.066341
1,17,3,5,0,5,2025-10-23T15:51:43.866711
1,17,4,5,0,5,2025-10-23T15:51:51.265398
1,17,5,5,0,5,2025-10-23T15:51:58.090832
1,17,6,5,0,5,2025-10-23T15:52:05.403708
1,17,7,5,0,5,2025-10-23T15:52:15.953705
1,17,8,5,0,5,2025-10-23T15:52:23.214521
1,17,9,5,0,5,2025-10-23T15:52:31.387794
1,17,10,5,0,5,2025-10-23T15:52:38.876904
1,18,1,4,0,4,2025-10-23T15:52:51.663228
1,18,2,4,0,4,2025-10-23T15:53:02.875452
1,18,3,4,0,4,2025-10-23T15:53:13.663706
1,18,4,5,0,5,2025-10-23T15:53:27.943325
1,18,5,4,0,4,2025-10-23T15:53:40.111714
1,18,6,5,0,5,2025-10-23T15:53:52.685716
1,18,7,5,0,5,2025-10-23T15:54:03.356413
1,18,8,4,0,4,2025-10-23T15:54:14.873774
1,18,9,5,0,5,2025-10-23T15:54:28.487923
1,18,10,4,0,4,2025-10-23T15:54:44.061080
1,19,1,3,0,3,2025-10-23T15:54:52.315250
1,19,2,4,0,4,2025-10-23T15:54:59.674967
1,19,3,4,0,4,2025-10-23T15:55:12.123866
1,19,4,4,0,4,2025-10-23T15:55:22.203643
1,19,5,4,0,4,2025-10-23T15:55:32.494692
1,19,6,4,0,4,2025-10-23T15:55:44.242947
1,19,7,4,0,4,2025-10-23T15:55:50.431965
1,19,8,4,0,4,2025-10-23T15:56:00.082597
1,19,9,4,0,4,2025-10-23T15:56:10.342176
1,19,10,4,0,4,2025-10-23T15:56:21.160685
1,20,1,2,0,2,2025-10-23T15:56:32.700541
1,20,2,2,0,2,2025-10-23T15:56:44.524173
1,20,3,2,0,2,2025-10-23T15:56:53.978929
1,20,4,2,0,2,2025-10-23T15:57:03.481459
1,20,5,2,0,2,2025-10-23T15:57:13.170978
1,20,6,2,0,2,2025-10-23T15:57:23.885026
1,20,7,2,0,2,2025-10-23T15:57:35.695506
1,20,8,2,0,2,2025-10-23T15:57:44.924013
1,20,9,2,0,2,2025-10-23T15:57:56.562670
1,20,10,2,0,2,2025-10-23T15:58:09.385266
1,21,1,5,0,5,2025-10-23T15:58:24.929906
1,21,2,5,0,5,2025-10-23T15:58:33.473831
1,21,3,5,0,5,2025-10-23T15:58:41.899179
1,21,4,5,0,5,2025-10-23T15:58:50.679933
1,21,5,5,0,5,2025-10-23T15:58:57.651196
1,21,6,5,0,5,2025-10-23T15:59:04.981717
1,21,7,5,0,5,2025-10-23T15:59:12.654499
1,21,8,5,0,5,2025-10-23T15:59:23.387828
1,21,9,5,0,5,2025-10-23T15:59:30.734264
1,21,10,5,0,5,2025-10-23T15:59:36.951212
1,22,1,5,0,5,2025-10-23T15:59:45.953477
1,22,2,5,0,5,2025-10-23T15:59:53.422896
1,22,3,4,0,4,2025-10-23T16:00:01.804430
1,22,4,5,0,5,2025-10-23T16:00:09.870557
1,22,5,5,0,5,2025-10-23T16:00:18.427072
1,22,6,5,0,5,2025-10-23T16:00:26.366208
1,22,7,5,0,5,2025-10-23T16:00:34.725774
1,22,8,5,0,5,2025-10-23T16:00:43.996139
1,22,9,4,0,4,2025-10-23T16:00:53.547385
1,22,10,5,0,5,2025-10-23T16:01:01.028813
1,23,1,4,0,4,2025-10-23T16:01:12.090444
1,23,2,4,0,4,2025-10-23T16:01:21.250008
1,23,3,4,0,4,2025-10-23T16:01:32.461189
1,23,4,4,0,4,2025-10-23T16:01:46.891482
1,23,5,4,0,4,2025-10-23T16:02:00.614602
1,23,6,4,0,4,2025-10-23T16:02:11.259980
1,23,7,4,0,4,2025-10-23T16:02:21.173390
1,23,8,4,0,4,2025-10-23T16:02:31.609057
1,23,9,4,0,4,2025-10-23T16:02:43.153069
1,23,10,4,0,4,2025-10-23T16:02:55.669556
1,24,1,1,0,1,2025-10-23T16:03:05.749968
1,24,2,2,0,2,2025-10-23T16:03:16.565615
1,24,3,1,0,1,2025-10-23T16:03:24.105179
1,24,4,0,0,0,2025-10-23T16:03:31.765734
1,24,5,0,0,0,2025-10-23T16:03:41.767968
1,24,6,1,0,1,2025-10-23T16:03:51.151558
1,24,7,1,0,1,2025-10-23T16:04:01.827488
1,24,8,0,0,0,2025-10-23T16:04:14.509035
1,24,9,1,0,1,2025-10-23T16:04:24.784061
1,24,10,2,0,2,2025-10-23T16:04:37.695605
1,25,1,1,0,1,2025-10-23T16:04:46.251051
1,25,2,0,0,0,2025-10-23T16:04:56.579140
1,25,3,0,0,0,2025-10-23T16:05:06.898281
1,25,4,1,0,1,2025-10-23T16:05:18.949798
1,25,5,0,0,0,2025-10-23T16:05:28.538929
1,25,6,1,0,1,2025-10-23T16:05:39.106295
1,25,7,2,0,2,2025-10-23T16:05:48.518657
1,25,8,0,0,0,2025-10-23T16:05:57.061292
1,25,9,1,0,1,2025-10-23T16:06:09.729583
1,25,10,0,0,0,2025-10-23T16:06:20.627157
1,26,1,1,0,1,2025-10-23T16:06:31.089408
1,26,2,0,0,0,2025-10-23T16:06:41.824573
1,26,3,2,0,2,2025-10-23T16:06:52.425487
1,26,4,0,0,0,2025-10-23T16:07:03.321098
1,26,5,0,0,0,2025-10-23T16:07:15.327828
1,26,6,1,0,1,2025-10-23T16:07:24.946238
1,26,7,2,0,2,2025-10-23T16:07:37.419423
1,26,8,0,0,0,2025-10-23T16:07:46.487346
1,26,9,1,0,1,2025-10-23T16:07:57.075271
1,26,10,1,0,1,2025-10-23T16:08:09.861527
1,27,1,4,0,4,2025-10-23T16:08:19.455189
1,27,2,4,0,4,2025-10-23T16:08:28.022168
1,27,3,4,0,4,2025-10-23T16:08:37.335139
1,27,4,4,0,4,2025-10-23T16:08:48.035908
1,27,5,4,0,4,2025-10-23T16:08:59.340622
1,27,6,4,0,4,2025-10-23T16:09:07.988968
1,27,7,4,0,4,2025-10-23T16:09:18.820852
1,27,8,4,0,4,2025-10-23T16:09:26.814240
1,27,9,4,0,4,2025-10-23T16:09:35.627380
1,27,10,4,0,4,2025-10-23T16:09:46.020134
1,28,1,4,0,4,2025-10-23T16:09:59.870513
1,28,2,4,0,4,2025-10-23T16:10:09.434919
1,28,3,3,0,3,2025-10-23T16:10:20.930239
1,28,4,3,0,3,2025-10-23T16:10:31.362712
1,28,5,4,0,4,2025-10-23T16:10:44.345707
1,28,6,4,0,4,2025-10-23T16:10:57.685138
1,28,7,4,0,4,2025-10-23T16:11:08.656240
1,28,8,4,0,4,2025-10-23T16:11:21.487205
1,28,9,4,0,4,2025-10-23T16:11:30.857700
1,28,10,4,0,4,2025-10-23T16:11:42.371269
1,29,1,3,0,3,2025-10-23T16:11:54.271736
1,29,2,2,0,2,2025-10-23T16:12:04.442094
1,29,3,3,0,3,2025-10-23T16:12:17.011411
1,29,4,4,0,4,2025-10-23T16:12:29.294631
1,29,5,3,0,3,2025-10-23T16:12:42.968043
1,29,6,3,0,3,2025-10-23T16:12:52.383695
1,29,7,3,0,3,2025-10-23T16:13:00.789618
1,29,8,3,0,3,2025-10-23T16:13:11.658157
1,29,9,3,0,3,2025-10-23T16:13:21.301916
1,29,10,4,0,4,2025-10-23T16:13:30.610392
1,30,1,3,0,3,2025-10-23T16:13:40.493975
1,30,2,3,0,3,2025-10-23T16:13:52.303712
1,30,3,3,0,3,2025-10-23T16:14:07.651636
1,30,4,3,0,3,2025-10-23T16:14:22.450904
1,30,5,3,0,3,2025-10-23T16:14:36.359933
1,30,6,3,0,3,2025-10-23T16:14:50.676672
1,30,7,3,0,3,2025-10-23T16:15:01.904692
1,30,8,2,0,2,2025-10-23T16:15:21.840220
1,30,9,2,0,2,2025-10-23T16:15:38.056634
1,30,10,3,0,3,2025-10-23T16:15:51.601415
2,1,1,4,0,4,2025-10-23T16:16:00.563471
2,1,2,4,0,4,2025-10-23T16:16:07.881847
2,1,3,4,0,4,2025-10-23T16:16:16.237565
2,1,4,5,0,5,2025-10-23T16:16:24.695860
2,1,5,4,0,4,2025-10-23T16:16:32.351576
2,1,6,4,0,4,2025-10-23T16:16:40.554711
2,1,7,4,0,4,2025-10-23T16:16:51.710976
2,1,8,4,0,4,2025-10-23T16:16:59.735916
2,1,9,4,0,4,2025-10-23T16:17:10.226601
2,1,10,4,0,4,2025-10-23T16:17:19.178026
2,2,1,4,0,4,2025-10-23T16:17:25.431820
2,2,2,4,0,4,2025-10-23T16:17:35.462679
2,2,3,4,0,4,2025-10-23T16:17:43.107517
2,2,4,4,0,4,2025-10-23T16:17:51.610715
2,2,5,4,0,4,2025-10-23T16:17:59.430349
2,2,6,4,0,4,2025-10-23T16:18:08.936732
2,2,7,4,0,4,2025-10-23T16:18:17.352087
2,2,8,4,0,4,2025-10-23T16:18:26.428279
2,2,9,4,0,4,2025-10-23T16:18:35.243638
2,2,10,4,0,4,2025-10-23T16:18:42.099540
2,3,1,3,0,3,2025-10-23T16:18:50.830220
2,3,2,3,0,3,2025-10-23T16:19:00.293608
2,3,3,3,0,3,2025-10-23T16:19:11.705398
2,3,4,3,0,3,2025-10-23T16:19:17.632268
2,3,5,3,0,3,2025-10-23T16:19:25.486996
2,3,6,3,0,3,2025-10-23T16:19:36.921731
2,3,7,3,0,3,2025-10-23T16:19:44.286709
2,3,8,3,0,3,2025-10-23T16:19:53.903341
2,3,9,3,0,3,2025-10-23T16:20:09.265411
2,3,10,3,0,3,2025-10-23T16:20:20.357116
2,4,1,3,0,3,2025-10-23T16:20:31.658949
2,4,2,3,0,3,2025-10-23T16:20:40.676870
2,4,3,3,0,3,2025-10-23T16:20:47.335926
2,4,4,2,0,2,2025-10-23T16:20:55.299354
2,4,5,2,0,2,2025-10-23T16:21:03.526999
2,4,6,3,0,3,2025-10-23T16:21:12.817381
2,4,7,3,0,3,2025-10-23T16:21:24.559033
2,4,8,3,0,3,2025-10-23T16:21:32.794213
2,4,9,3,0,3,2025-10-23T16:21:42.696778
2,4,10,2,0,2,2025-10-23T16:21:53.157686
2,5,1,2,0,2,2025-10-23T16:22:04.187358
2,5,2,2,0,2,2025-10-23T16:22:17.597937
2,5,3,2,0,2,2025-10-23T16:22:29.710492
2,5,4,2,0,2,2025-10-23T16:22:41.524364
2,5,5,2,0,2,2025-10-23T16:22:52.869374
2,5,6,2,0,2,2025-10-23T16:23:07.189178
2,5,7,2,0,2,2025-10-23T16:23:19.537311
2,5,8,2,0,2,2025-10-23T16:23:34.556597
2,5,9,2,0,2,2025-10-23T16:23:49.068859
2,5,10,2,0,2,2025-10-23T16:24:02.672916
2,6,1,4,0,4,2025-10-23T16:24:15.654440
2,6,2,4,0,4,2025-10-23T16:24:25.167167
2,6,3,4,0,4,2025-10-23T16:24:36.118084
2,6,4,4,0,4,2025-10-23T16:24:45.628154
2,6,5,4,0,4,2025-10-23T16:24:54.996887
2,6,6,4,0,4,2025-10-23T16:25:05.285302
2,6,7,4,0,4,2025-10-23T16:25:16.385675
2,6,8,4,0,4,2025-10-23T16:25:23.659498
2,6,9,4,0,4,2025-10-23T16:25:32.762937
2,6,10,4,0,4,2025-10-23T16:25:41.609582
2,7,1,4,0,4,2025-10-23T16:25:51.239456
2,7,2,4,0,4,2025-10-23T16:26:00.273741
2,7,3,4,0,4,2025-10-23T16:26:08.536075
2,7,4,4,0,4,2025-10-23T16:26:16.644715
2,7,5,4,0,4,2025-10-23T16:26:25.862828
2,7,6,4,0,4,2025-10-23T16:26:35.103645
2,7,7,4,0,4,2025-10-23T16:26:42.895332
2,7,8,4,0,4,2025-10-23T16:26:50.192635
2,7,9,4,0,4,2025-10-23T16:26:57.792368
2,7,10,4,0,4,2025-10-23T16:27:04.989466
2,8,1,4,0,4,2025-10-23T16:27:15.484578
2,8,2,4,0,4,2025-10-23T16:27:25.095982
2,8,3,4,0,4,2025-10-23T16:27:33.509972
2,8,4,4,0,4,2025-10-23T16:27:41.844305
2,8,5,4,0,4,2025-10-23T16:27:50.717273
2,8,6,4,0,4,2025-10-23T16:27:59.252791
2,8,7,4,0,4,2025-10-23T16:28:11.410078
2,8,8,4,0,4,2025-10-23T16:28:20.261284
2,8,9,4,0,4,2025-10-23T16:28:29.483699
2,8,10,4,0,4,2025-10-23T16:28:40.206134
2,9,1,2,0,2,2025-10-23T16:28:49.975033
2,9,2,2,0,2,2025-10-23T16:28:58.067542
2,9,3,2,0,2,2025-10-23T16:29:08.323247
2,9,4,2,0,2,2025-10-23T16:29:16.807559
2,9,5,2,0,2,2025-10-23T16:29:24.851121
2,9,6,2,0,2,2025-10-23T16:29:32.124815
2,9,7,2,0,2,2025-10-23T16:29:40.495498
2,9,8,2,0,2,2025-10-23T16:29:47.706663
2,9,9,2,0,2,2025-10-23T16:29:57.464018
2,9,10,1,0,1,2025-10-23T16:30:07.935109
2,10,1,3,0,3,2025-10-23T16:30:18.720671
2,10,2,3,0,3,2025-10-23T16:30:31.429758
2,10,3,3,0,3,2025-10-23T16:30:42.024861
2,10,4,3,0,3,2025-10-23T16:30:55.355628
2,10,5,3,0,3,2025-10-23T16:31:07.785079
2,10,6,3,0,3,2025-10-23T16:31:19.697498
2,10,7,3,0,3,2025-10-23T16:31:30.408764
2,10,8,3,0,3,2025-10-23T16:31:38.843258
2,10,9,3,0,3,2025-10-23T16:31:48.683699
2,10,10,3,0,3,2025-10-23T16:32:00.295585
2,11,1,4,0,4,2025-10-23T16:32:09.374332
2,11,2,5,0,5,2025-10-23T16:32:20.236549
2,11,3,5,0,5,2025-10-23T16:32:29.220504
2,11,4,5,0,5,2025-10-23T16:32:38.727875
2,11,5,4,0,4,2025-10-23T16:32:48.369042
2,11,6,5,0,5,2025-10-23T16:32:56.137614
2,11,7,5,0,5,2025-10-23T16:33:05.748126
2,11,8,5,0,5,2025-10-23T16:33:15.241022
2,11,9,5,0,5,2025-10-23T16:33:23.126641
2,11,10,4,0,4,2025-10-23T16:33:34.914212
2,12,1,5,0,5,2025-10-23T16:33:44.446380
2,12,2,5,0,5,2025-10-23T16:33:53.767603
2,12,3,4,0,4,2025-10-23T16:34:02.911929
2,12,4,4,0,4,2025-10-23T16:34:12.967577
2,12,5,5,0,5,2025-10-23T16:34:23.905214
2,12,6,5,0,5,2025-10-23T16:34:33.752312
2,12,7,4,0,4,2025-10-23T16:34:42.830152
2,12,8,5,0,5,2025-10-23T16:34:54.211230
2,12,9,5,0,5,2025-10-23T16:35:02.314593
2,12,10,5,0,5,2025-10-23T16:35:12.848519
2,13,1,4,0,4,2025-10-23T16:35:52.350296
2,13,2,4,0,4,2025-10-23T16:36:00.771175
2,13,3,4,0,4,2025-10-23T16:36:09.752022
2,13,4,4,0,4,2025-10-23T16:36:17.752215
2,13,5,4,0,4,2025-10-23T16:36:25.010493
2,13,6,4,0,4,2025-10-23T16:36:36.392137
2,13,7,4,0,4,2025-10-23T16:36:47.768051
2,13,8,4,0,4,2025-10-23T16:36:57.083030
2,13,9,4,0,4,2025-10-23T16:37:06.947211
2,13,10,4,0,4,2025-10-23T16:37:17.133278
2,14,1,3,0,3,2025-10-23T16:37:50.362033
2,14,2,3,0,3,2025-10-23T16:38:03.219106
2,14,3,3,0,3,2025-10-23T16:38:15.602240
2,14,4,4,0,4,2025-10-23T16:38:25.882510
2,14,5,3,0,3,2025-10-23T16:38:37.878195
2,14,6,3,0,3,2025-10-23T16:38:52.698582
2,14,7,4,0,4,2025-10-23T16:39:07.143673
2,14,8,3,0,3,2025-10-23T16:39:17.201930
2,14,9,3,0,3,2025-10-23T16:39:27.374979
2,14,10,3,0,3,2025-10-23T16:39:39.781614
2,15,1,2,0,2,2025-10-23T16:39:49.309557
2,15,2,2,0,2,2025-10-23T16:39:59.101482
2,15,3,1,0,1,2025-10-23T16:40:07.967352
2,15,4,1,0,1,2025-10-23T16:40:19.672755
2,15,5,2,0,2,2025-10-23T16:40:28.086391
2,15,6,2,0,2,2025-10-23T16:40:38.503212
2,15,7,3,0,3,2025-10-23T16:40:51.621036
2,15,8,2,0,2,2025-10-23T16:41:02.786435
2,15,9,3,0,3,2025-10-23T16:41:14.124776
2,15,10,2,0,2,2025-10-23T16:41:33.632411
2,16,1,5,0,5,2025-10-23T16:41:38.096220
2,16,2,5,0,5,2025-10-23T16:41:43.814158
2,16,3,5,0,5,2025-10-23T16:41:50.164581
2,16,4,5,0,5,2025-10-23T16:41:58.694725
2,16,5,5,0,5,2025-10-23T16:42:05.623738
2,16,6,5,0,5,2025-10-23T16:42:12.531252
2,16,7,5,0,5,2025-10-23T16:42:20.179425
2,16,8,5,0,5,2025-10-23T16:42:29.234954
2,16,9,5,0,5,2025-10-23T16:42:36.518911
2,16,10,5,0,5,2025-10-23T16:42:44.912388
2,17,1,5,0,5,2025-10-23T16:42:51.608307
2,17,2,5,0,5,2025-10-23T16:43:00.841825
2,17,3,5,0,5,2025-10-23T16:43:10.340757
2,17,4,5,0,5,2025-10-23T16:43:16.140594
2,17,5,5,0,5,2025-10-23T16:43:25.240803
2,17,6,5,0,5,2025-10-23T16:43:30.761546
2,17,7,5,0,5,2025-10-23T16:43:37.148456
2,17,8,5,0,5,2025-10-23T16:43:43.923674
2,17,9,5,0,5,2025-10-23T16:43:50.155072
2,17,10,5,0,5,2025-10-23T16:43:56.584629
2,18,1,4,0,4,2025-10-23T16:44:03.452807
2,18,2,4,0,4,2025-10-23T16:44:11.265792
2,18,3,4,0,4,2025-10-23T16:44:18.811600
2,18,4,4,0,4,2025-10-23T16:44:24.497449
2,18,5,4,0,4,2025-10-23T16:44:34.679175
2,18,6,4,0,4,2025-10-23T16:44:43.960254
2,18,7,4,0,4,2025-10-23T16:44:50.131988
2,18,8,4,0,4,2025-10-23T16:44:55.669485
2,18,9,4,0,4,2025-10-23T16:45:00.963920
2,18,10,4,0,4,2025-10-23T16:45:06.214256
2,19,1,4,0,4,2025-10-23T16:45:12.840703
2,19,2,4,0,4,2025-10-23T16:45:18.692173
2,19,3,4,0,4,2025-10-23T16:45:23.275084
2,19,4,4,0,4,2025-10-23T16:45:30.574993
2,19,5,4,0,4,2025-10-23T16:45:36.633687
2,19,6,4,0,4,2025-10-23T16:45:42.614636
2,19,7,4,0,4,2025-10-23T16:45:48.937343
2,19,8,4,0,4,2025-10-23T16:45:55.568766
2,19,9,4,0,4,2025-10-23T16:46:00.110628
2,19,10,4,0,4,2025-10-23T16:46:05.898913
2,20,1,2,0,2,2025-10-23T16:46:15.938273
2,20,2,2,0,2,2025-10-23T16:46:26.365455
2,20,3,2,0,2,2025-10-23T16:46:34.841991
2,20,4,3,0,3,2025-10-23T16:46:42.593809
2,20,5,2,0,2,2025-10-23T16:46:49.816565
2,20,6,3,0,3,2025-10-23T16:46:56.345870
2,20,7,2,0,2,2025-10-23T16:47:06.669495
2,20,8,4,0,4,2025-10-23T16:47:12.981106
2,20,9,2,0,2,2025-10-23T16:47:20.913623
2,20,10,0,0,0,2025-10-23T16:47:30.424994
2,21,1,5,0,5,2025-10-23T16:47:35.949337
2,21,2,5,0,5,2025-10-23T16:47:42.246457
2,21,3,5,0,5,2025-10-23T16:47:48.511873
2,21,4,5,0,5,2025-10-23T16:47:53.983744
2,21,5,4,0,4,2025-10-23T16:47:58.924314
2,21,6,5,0,5,2025-10-23T16:48:04.959531
2,21,7,5,0,5,2025-10-23T16:48:11.842634
2,21,8,5,0,5,2025-10-23T16:48:18.020130
2,21,9,4,0,4,2025-10-23T16:48:26.492251
2,21,10,5,0,5,2025-10-23T16:48:33.075105
2,22,1,5,0,5,2025-10-23T16:48:39.392047
2,22,2,4,0,4,2025-10-23T16:48:44.296672
2,22,3,4,0,4,2025-10-23T16:48:51.795492
2,22,4,4,0,4,2025-10-23T16:48:57.656178
2,22,5,4,0,4,2025-10-23T16:49:03.964335
2,22,6,4,0,4,2025-10-23T16:49:11.510018
2,22,7,4,0,4,2025-10-23T16:49:17.079990
2,22,8,4,0,4,2025-10-23T16:49:21.913396
2,22,9,4,0,4,2025-10-23T16:49:29.025177
2,22,10,5,0,5,2025-10-23T16:49:34.991977
2,23,1,4,0,4,2025-10-23T16:49:39.904480
2,23,2,4,0,4,2025-10-23T16:49:45.591801
2,23,3,4,0,4,2025-10-23T16:49:50.788700
2,23,4,4,0,4,2025-10-23T16:49:55.511265
2,23,5,4,0,4,2025-10-23T16:49:59.878031
2,23,6,4,0,4,2025-10-23T16:50:05.581599
2,23,7,4,0,4,2025-10-23T16:50:11.357907
2,23,8,4,0,4,2025-10-23T16:50:18.122823
2,23,9,4,0,4,2025-10-23T16:50:22.969574
2,23,10,4,0,4,2025-10-23T16:50:29.498208
2,24,1,3,0,3,2025-10-23T16:50:36.351948
2,24,2,3,0,3,2025-10-23T16:50:43.115578
2,24,3,3,0,3,2025-10-23T16:50:50.263837
2,24,4,3,0,3,2025-10-23T16:50:57.249652
2,24,5,3,0,3,2025-10-23T16:51:05.796015
2,24,6,3,0,3,2025-10-23T16:51:12.795567
2,24,7,3,0,3,2025-10-23T16:51:19.204450
2,24,8,3,0,3,2025-10-23T16:51:25.850163
2,24,9,2,0,2,2025-10-23T16:51:32.955698
2,24,10,3,0,3,2025-10-23T16:51:39.226819
2,25,1,2,0,2,2025-10-23T16:51:46.974374
2,25,2,3,0,3,2025-10-23T16:51:53.095762
2,25,3,1,0,1,2025-10-23T16:51:59.852763
2,25,4,2,0,2,2025-10-23T16:52:06.161538
2,25,5,1,0,1,2025-10-23T16:52:14.867662
2,25,6,0,0,0,2025-10-23T16:52:24.118250
2,25,7,2,0,2,2025-10-23T16:52:31.097720
2,25,8,1,0,1,2025-10-23T16:52:37.840352
2,25,9,1,0,1,2025-10-23T16:52:44.233868
2,25,10,2,0,2,2025-10-23T16:52:51.876185
2,26,1,2,0,2,2025-10-23T16:52:58.419148
2,26,2,2,0,2,2025-10-23T16:53:05.069043
2,26,3,2,0,2,2025-10-23T16:53:10.361665
2,26,4,2,0,2,2025-10-23T16:53:19.083280
2,26,5,2,0,2,2025-10-23T16:53:28.355822
2,26,6,2,0,2,2025-10-23T16:53:34.518825
2,26,7,4,0,4,2025-10-23T16:53:41.157266
2,26,8,1,0,1,2025-10-23T16:53:47.102339
2,26,9,2,0,2,2025-10-23T16:53:53.837441
2,26,10,3,0,3,2025-10-23T16:54:01.712990
2,27,1,3,0,3,2025-10-23T16:54:08.599871
2,27,2,3,0,3,2025-10-23T16:54:17.475013
2,27,3,3,0,3,2025-10-23T16:54:24.318513
2,27,4,3,0,3,2025-10-23T16:54:29.806951
2,27,5,3,0,3,2025-10-23T16:54:35.684482
2,27,6,3,0,3,2025-10-23T16:54:42.111942
2,27,7,3,0,3,2025-10-23T16:54:49.952442
2,27,8,4,0,4,2025-10-23T16:54:55.159104
2,27,9,3,0,3,2025-10-23T16:55:02.907016
2,27,10,3,0,3,2025-10-23T16:55:11.669192
2,28,1,4,0,4,2025-10-23T16:55:20.035848
2,28,2,4,0,4,2025-10-23T16:55:27.607723
2,28,3,4,0,4,2025-10-23T16:55:33.777608
2,28,4,4,0,4,2025-10-23T16:55:40.052322
2,28,5,4,0,4,2025-10-23T16:55:45.892854
2,28,6,4,0,4,2025-10-23T16:55:53.252357
2,28,7,3,0,3,2025-10-23T16:55:59.741738
2,28,8,3,0,3,2025-10-23T16:56:07.714743
2,28,9,3,0,3,2025-10-23T16:56:15.298230
2,28,10,3,0,3,2025-10-23T16:56:22.557277
2,29,1,4,0,4,2025-10-23T16:56:28.533173
2,29,2,4,0,4,2025-10-23T16:56:36.152163
2,29,3,4,0,4,2025-10-23T16:56:41.956206
2,29,4,4,0,4,2025-10-23T16:56:48.690563
2,29,5,4,0,4,2025-10-23T16:56:54.612670
2,29,6,4,0,4,2025-10-23T16:57:01.158160
2,29,7,4,0,4,2025-10-23T16:57:06.902022
2,29,8,4,0,4,2025-10-23T16:57:12.207269
2,29,9,4,0,4,2025-10-23T16:57:18.583671
2,29,10,4,0,4,2025-10-23T16:57:25.205542
2,30,1,3,0,3,2025-10-23T16:57:32.302287
2,30,2,3,0,3,2025-10-23T16:57:40.569536
2,30,3,3,0,3,2025-10-23T16:57:47.671723
2,30,4,4,0,4,2025-10-23T16:57:54.233891
2,30,5,3,0,3,2025-10-23T16:58:03.758071
2,30,6,3,0,3,2025-10-23T16:58:10.278044
2,30,7,3,0,3,2025-10-23T16:58:21.828771
2,30,8,3,0,3,2025-10-23T16:58:27.873873
2,30,9,3,0,3,2025-10-23T16:58:37.093826
2,30,10,3,0,3,2025-10-23T16:58:46.274095
3,1,1,4,0,4,2025-10-23T16:58:50.547215
3,1,2,4,0,4,2025-10-23T16:58:55.277838
3,1,3,4,0,4,2025-10-23T16:58:59.897084
3,1,4,4,0,4,2025-10-23T16:59:04.681467
3,1,5,4,0,4,2025-10-23T16:59:08.819968
3,1,6,4,0,4,2025-10-23T16:59:13.348031
3,1,7,4,0,4,2025-10-23T16:59:18.134961
3,1,8,4,0,4,2025-10-23T16:59:22.955427
3,1,9,4,0,4,2025-10-23T16:59:27.001061
3,1,10,4,0,4,2025-10-23T16:59:31.441893
3,2,1,4,0,4,2025-10-23T16:59:40.236558
3,2,2,4,0,4,2025-10-23T16:59:49.547677
3,2,3,4,0,4,2025-10-23T16:59:56.969442
3,2,4,4,0,4,2025-10-23T17:00:05.401027
3,2,5,4,0,4,2025-10-23T17:00:14.243245
3,2,6,4,0,4,2025-10-23T17:00:23.477101
3,2,7,4,0,4,2025-10-23T17:00:36.178173
3,2,8,4,0,4,2025-10-23T17:00:43.497979
3,2,9,4,0,4,2025-10-23T17:00:52.923211
3,2,10,4,0,4,2025-10-23T17:01:00.592511
3,3,1,3,0,3,2025-10-23T17:01:08.146732
3,3,2,3,0,3,2025-10-23T17:01:23.294227
3,3,3,3,0,3,2025-10-23T17:01:35.135279
3,3,4,3,0,3,2025-10-23T17:01:44.275574
3,3,5,3,0,3,2025-10-23T17:01:52.990905
3,3,6,3,0,3,2025-10-23T17:02:01.706279
3,3,7,3,0,3,2025-10-23T17:02:12.634339
3,3,8,3,0,3,2025-10-23T17:02:18.732023
3,3,9,3,0,3,2025-10-23T17:02:24.499176
3,3,10,3,0,3,2025-10-23T17:02:34.706529
3,4,1,3,0,3,2025-10-23T17:02:42.721582
3,4,2,4,0,4,2025-10-23T17:02:54.469066
3,4,3,4,0,4,2025-10-23T17:03:02.430526
3,4,4,3,0,3,2025-10-23T17:03:11.013895
3,4,5,3,0,3,2025-10-23T17:03:21.336665
3,4,6,4,0,4,2025-10-23T17:03:28.652041
3,4,7,4,0,4,2025-10-23T17:03:36.795506
3,4,8,4,0,4,2025-10-23T17:03:45.040487
3,4,9,4,0,4,2025-10-23T17:03:52.449425
3,4,10,4,0,4,2025-10-23T17:04:00.441728
3,5,1,3,0,3,2025-10-23T17:04:06.683991
3,5,2,3,0,3,2025-10-23T17:04:15.228004
3,5,3,4,0,4,2025-10-23T17:04:24.611069
3,5,4,4,0,4,2025-10-23T17:04:36.902267
3,5,5,4,0,4,2025-10-23T17:04:45.194024
3,5,6,4,0,4,2025-10-23T17:04:58.220048
3,5,7,3,0,3,2025-10-23T17:05:06.986238
3,5,8,3,0,3,2025-10-23T17:05:20.047396
3,5,9,3,0,3,2025-10-23T17:05:27.084095
3,5,10,3,0,3,2025-10-23T17:05:36.027499
3,6,1,5,0,5,2025-10-23T17:05:44.392731
3,6,2,5,0,5,2025-10-23T17:05:54.330413
3,6,3,4,0,4,2025-10-23T17:06:03.816970
3,6,4,5,0,5,2025-10-23T17:06:12.794517
3,6,5,4,0,4,2025-10-23T17:06:21.233783
3,6,6,5,0,5,2025-10-23T17:06:30.528495
3,6,7,5,0,5,2025-10-23T17:06:39.465408
3,6,8,5,0,5,2025-10-23T17:06:57.663319
3,6,9,5,0,5,2025-10-23T17:07:09.756736
3,6,10,5,0,5,2025-10-23T17:07:21.809546
3,7,1,4,0,4,2025-10-23T17:07:30.273401
3,7,2,4,0,4,2025-10-23T17:07:38.144694
3,7,3,4,0,4,2025-10-23T17:07:47.984346
3,7,4,4,0,4,2025-10-23T17:07:57.076017
3,7,5,4,0,4,2025-10-23T17:08:05.465946
3,7,6,4,0,4,2025-10-23T17:08:14.394488
3,7,7,4,0,4,2025-10-23T17:08:24.016848
3,7,8,4,0,4,2025-10-23T17:08:32.115350
3,7,9,4,0,4,2025-10-23T17:08:41.286848
3,7,10,4,0,4,2025-10-23T17:08:50.522934
3,8,1,4,0,4,2025-10-23T17:08:57.965411
3,8,2,4,0,4,2025-10-23T17:09:06.977543
3,8,3,4,0,4,2025-10-23T17:09:15.503931
3,8,4,4,0,4,2025-10-23T17:09:22.654800
3,8,5,4,0,4,2025-10-23T17:09:32.294648
3,8,6,4,0,4,2025-10-23T17:09:40.483307
3,8,7,4,0,4,2025-10-23T17:09:50.254644
3,8,8,4,0,4,2025-10-23T17:10:00.295427
3,8,9,4,0,4,2025-10-23T17:10:08.966618
3,8,10,4,0,4,2025-10-23T17:10:17.994974
3,9,1,3,0,3,2025-10-23T17:10:25.948081
3,9,2,3,0,3,2025-10-23T17:10:38.924128
3,9,3,4,0,4,2025-10-23T17:10:49.453764
3,9,4,3,0,3,2025-10-23T17:10:58.797879
3,9,5,3,0,3,2025-10-23T17:11:06.485245
3,9,6,4,0,4,2025-10-23T17:11:16.726924
3,9,7,3,0,3,2025-10-23T17:11:27.875303
3,9,8,3,0,3,2025-10-23T17:11:38.866558
3,9,9,3,0,3,2025-10-23T17:11:46.210926
3,9,10,3,0,3,2025-10-23T17:11:53.934244
3,10,1,3,0,3,2025-10-23T17:12:03.854456
3,10,2,2,0,2,2025-10-23T17:12:13.358655
3,10,3,3,0,3,2025-10-23T17:12:24.413341
3,10,4,3,0,3,2025-10-23T17:12:33.828018
3,10,5,3,0,3,2025-10-23T17:12:45.615425
3,10,6,3,0,3,2025-10-23T17:12:56.533191
3,10,7,2,0,2,2025-10-23T17:13:07.628891
3,10,8,3,0,3,2025-10-23T17:13:16.285262
3,10,9,3,0,3,2025-10-23T17:13:27.901449
3,10,10,3,0,3,2025-10-23T17:13:40.749104
3,11,1,5,0,5,2025-10-23T17:13:47.611712
3,11,2,5,0,5,2025-10-23T17:13:55.909676
3,11,3,4,0,4,2025-10-23T17:14:04.933705
3,11,4,5,0,5,2025-10-23T17:14:16.597661
3,11,5,4,0,4,2025-10-23T17:14:26.336187
3,11,6,4,0,4,2025-10-23T17:14:35.129184
3,11,7,5,0,5,2025-10-23T17:14:43.937471
3,11,8,5,0,5,2025-10-23T17:14:56.147750
3,11,9,5,0,5,2025-10-23T17:15:06.062362
3,11,10,4,0,4,2025-10-23T17:15:15.988820
3,12,1,5,0,5,2025-10-23T17:15:24.625945
3,12,2,5,0,5,2025-10-23T17:15:47.783793
3,12,3,4,0,4,2025-10-23T17:15:55.074736
3,12,4,5,0,5,2025-10-23T17:16:03.067329
3,12,5,4,0,4,2025-10-23T17:16:12.384496
3,12,6,4,0,4,2025-10-23T17:16:24.096815
3,12,7,5,0,5,2025-10-23T17:16:31.336582
3,12,8,5,0,5,2025-10-23T17:16:38.613775
3,12,9,4,0,4,2025-10-23T17:16:46.147059
3,12,10,4,0,4,2025-10-23T17:16:56.977053
3,13,1,3,0,3,2025-10-23T17:17:05.371561
3,13,2,4,0,4,2025-10-23T17:17:13.017402
3,13,3,3,0,3,2025-10-23T17:17:18.565648
3,13,4,3,0,3,2025-10-23T17:17:25.821179
3,13,5,4,0,4,2025-10-23T17:17:32.479826
3,13,6,3,0,3,2025-10-23T17:17:41.755988
3,13,7,4,0,4,2025-10-23T17:17:49.839492
3,13,8,4,0,4,2025-10-23T17:17:58.192710
3,13,9,4,0,4,2025-10-23T17:18:03.427133
3,13,10,3,0,3,2025-10-23T17:18:10.401157
3,14,1,4,0,4,2025-10-23T17:18:16.941397
3,14,2,4,0,4,2025-10-23T17:18:24.117686
3,14,3,4,0,4,2025-10-23T17:18:29.687376
3,14,4,4,0,4,2025-10-23T17:18:36.256063
3,14,5,4,0,4,2025-10-23T17:18:42.806748
3,14,6,4,0,4,2025-10-23T17:18:50.037392
3,14,7,4,0,4,2025-10-23T17:18:58.078530
3,14,8,4,0,4,2025-10-23T17:19:04.997141
3,14,9,4,0,4,2025-10-23T17:19:12.170631
