persona_id,question_id,run_index,rating,collected_at
0,1,1,4,2025-10-13T19:29:33.694295
0,1,2,4,2025-10-13T19:29:34.031089
0,1,3,4,2025-10-13T19:29:34.367817
0,1,4,4,2025-10-13T19:29:34.704451
0,1,5,4,2025-10-13T19:29:35.042800
0,1,6,4,2025-10-13T19:29:35.386387
0,1,7,4,2025-10-13T19:29:35.753502
0,1,8,4,2025-10-13T19:29:36.090929
0,1,9,4,2025-10-13T19:29:36.427807
0,1,10,4,2025-10-13T19:29:36.765556
0,2,1,4,2025-10-13T19:29:37.367831
0,2,2,4,2025-10-13T19:29:37.710112
0,2,3,4,2025-10-13T19:29:38.048739
0,2,4,4,2025-10-13T19:29:38.386714
0,2,5,4,2025-10-13T19:29:38.724215
0,2,6,4,2025-10-13T19:29:39.062793
0,2,7,4,2025-10-13T19:29:39.403191
0,2,8,4,2025-10-13T19:29:39.747896
0,2,9,4,2025-10-13T19:29:40.086509
0,2,10,4,2025-10-13T19:29:40.424437
0,3,1,4,2025-10-13T19:29:41.026767
0,3,2,4,2025-10-13T19:29:41.368588
0,3,3,4,2025-10-13T19:29:41.706965
0,3,4,4,2025-10-13T19:29:42.045504
0,3,5,4,2025-10-13T19:29:42.383062
0,3,6,4,2025-10-13T19:29:42.721828
0,3,7,4,2025-10-13T19:29:43.059836
0,3,8,4,2025-10-13T19:29:43.398132
0,3,9,4,2025-10-13T19:29:43.735738
0,3,10,4,2025-10-13T19:29:44.073766
0,4,1,4,2025-10-13T19:29:44.674507
0,4,2,4,2025-10-13T19:29:45.015830
0,4,3,4,2025-10-13T19:29:45.353730
0,4,4,4,2025-10-13T19:29:45.692168
0,4,5,4,2025-10-13T19:29:46.031896
0,4,6,4,2025-10-13T19:29:46.368643
0,4,7,4,2025-10-13T19:29:46.709693
0,4,8,4,2025-10-13T19:29:47.050711
0,4,9,4,2025-10-13T19:29:47.389866
0,4,10,4,2025-10-13T19:29:47.728840
0,5,1,4,2025-10-13T19:29:48.332197
0,5,2,4,2025-10-13T19:29:48.670622
0,5,3,4,2025-10-13T19:29:49.009798
0,5,4,4,2025-10-13T19:29:49.347115
0,5,5,4,2025-10-13T19:29:49.688612
0,5,6,4,2025-10-13T19:29:50.027080
0,5,7,4,2025-10-13T19:29:50.365630
0,5,8,4,2025-10-13T19:29:50.703962
0,5,9,4,2025-10-13T19:29:51.041799
0,5,10,4,2025-10-13T19:29:51.379898
0,6,1,4,2025-10-13T19:29:51.984244
0,6,2,4,2025-10-13T19:29:52.325741
0,6,3,4,2025-10-13T19:29:52.665667
0,6,4,4,2025-10-13T19:29:53.005064
0,6,5,4,2025-10-13T19:29:53.344293
0,6,6,4,2025-10-13T19:29:53.683936
0,6,7,4,2025-10-13T19:29:54.025658
0,6,8,4,2025-10-13T19:29:54.365296
0,6,9,4,2025-10-13T19:29:54.704452
0,6,10,4,2025-10-13T19:29:55.043760
0,7,1,2,2025-10-13T19:29:55.652086
0,7,2,2,2025-10-13T19:29:55.990874
0,7,3,2,2025-10-13T19:29:56.332460
0,7,4,2,2025-10-13T19:29:56.672324
0,7,5,2,2025-10-13T19:29:57.012462
0,7,6,2,2025-10-13T19:29:57.352134
0,7,7,2,2025-10-13T19:29:57.691729
0,7,8,2,2025-10-13T19:29:58.030880
0,7,9,2,2025-10-13T19:29:58.371744
0,7,10,2,2025-10-13T19:29:58.711317
0,8,1,2,2025-10-13T19:29:59.315452
0,8,2,2,2025-10-13T19:29:59.655079
0,8,3,3,2025-10-13T19:29:59.995052
0,8,4,2,2025-10-13T19:30:00.335369
0,8,5,2,2025-10-13T19:30:00.674128
0,8,6,2,2025-10-13T19:30:01.014424
0,8,7,2,2025-10-13T19:30:01.355067
0,8,8,2,2025-10-13T19:30:01.695167
0,8,9,2,2025-10-13T19:30:02.035560
0,8,10,2,2025-10-13T19:30:02.375398
0,9,1,2,2025-10-13T19:30:02.977400
0,9,2,2,2025-10-13T19:30:03.316945
0,9,3,2,2025-10-13T19:30:03.658781
0,9,4,2,2025-10-13T19:30:03.998932
0,9,5,2,2025-10-13T19:30:04.349796
0,9,6,2,2025-10-13T19:30:04.686370
0,9,7,2,2025-10-13T19:30:05.023705
0,9,8,2,2025-10-13T19:30:05.363807
0,9,9,2,2025-10-13T19:30:05.703963
0,9,10,2,2025-10-13T19:30:06.044232
0,10,1,2,2025-10-13T19:30:06.647554
0,10,2,3,2025-10-13T19:30:06.987277
0,10,3,2,2025-10-13T19:30:07.326250
0,10,4,2,2025-10-13T19:30:07.665280
0,10,5,2,2025-10-13T19:30:08.010588
0,10,6,2,2025-10-13T19:30:08.352641
0,10,7,2,2025-10-13T19:30:08.694948
0,10,8,2,2025-10-13T19:30:09.036982
0,10,9,2,2025-10-13T19:30:09.377717
0,10,10,2,2025-10-13T19:30:09.718919
0,11,1,2,2025-10-13T19:30:10.322570
0,11,2,2,2025-10-13T19:30:10.666939
0,11,3,2,2025-10-13T19:30:11.007021
0,11,4,2,2025-10-13T19:30:11.347467
0,11,5,2,2025-10-13T19:30:11.687596
0,11,6,2,2025-10-13T19:30:12.027665
0,11,7,2,2025-10-13T19:30:12.367958
0,11,8,2,2025-10-13T19:30:12.708184
0,11,9,3,2025-10-13T19:30:13.048496
0,11,10,2,2025-10-13T19:30:13.388182
0,12,1,4,2025-10-13T19:30:13.992601
0,12,2,4,2025-10-13T19:30:14.332167
0,12,3,4,2025-10-13T19:30:14.671668
0,12,4,4,2025-10-13T19:30:15.011089
0,12,5,4,2025-10-13T19:30:15.351448
0,12,6,4,2025-10-13T19:30:15.689741
0,12,7,4,2025-10-13T19:30:16.028196
0,12,8,4,2025-10-13T19:30:16.367334
0,12,9,4,2025-10-13T19:30:16.706647
0,12,10,4,2025-10-13T19:30:17.046071
0,13,1,4,2025-10-13T19:30:17.651111
0,13,2,2,2025-10-13T19:30:17.991069
0,13,3,2,2025-10-13T19:30:18.331088
0,13,4,2,2025-10-13T19:30:18.671074
0,13,5,2,2025-10-13T19:30:19.010692
0,13,6,2,2025-10-13T19:30:19.350743
0,13,7,2,2025-10-13T19:30:19.690730
0,13,8,2,2025-10-13T19:30:20.030392
0,13,9,2,2025-10-13T19:30:20.370106
0,13,10,2,2025-10-13T19:30:20.709983
0,14,1,4,2025-10-13T19:30:21.312077
0,14,2,4,2025-10-13T19:30:21.650663
0,14,3,4,2025-10-13T19:30:21.988611
0,14,4,4,2025-10-13T19:30:22.328011
0,14,5,4,2025-10-13T19:30:22.667104
0,14,6,4,2025-10-13T19:30:23.006278
0,14,7,4,2025-10-13T19:30:23.345446
0,14,8,4,2025-10-13T19:30:23.684742
0,14,9,4,2025-10-13T19:30:24.023826
0,14,10,4,2025-10-13T19:30:24.363447
0,15,1,1,2025-10-13T19:30:24.968382
0,15,2,1,2025-10-13T19:30:25.308167
0,15,3,1,2025-10-13T19:30:25.649275
0,15,4,1,2025-10-13T19:30:25.989303
0,15,5,1,2025-10-13T19:30:26.329286
0,15,6,1,2025-10-13T19:30:26.669801
0,15,7,1,2025-10-13T19:30:27.009988
0,15,8,1,2025-10-13T19:30:27.350007
0,15,9,1,2025-10-13T19:30:27.689538
0,15,10,1,2025-10-13T19:30:28.029298
0,16,1,4,2025-10-13T19:30:28.631979
0,16,2,4,2025-10-13T19:30:28.970317
0,16,3,4,2025-10-13T19:30:29.308607
0,16,4,4,2025-10-13T19:30:29.646403
0,16,5,4,2025-10-13T19:30:29.985466
0,16,6,4,2025-10-13T19:30:30.324125
0,16,7,4,2025-10-13T19:30:30.663766
0,16,8,4,2025-10-13T19:30:31.001812
0,16,9,4,2025-10-13T19:30:31.346075
0,16,10,4,2025-10-13T19:30:31.685580
0,17,1,4,2025-10-13T19:30:32.287852
0,17,2,4,2025-10-13T19:30:32.632015
0,17,3,4,2025-10-13T19:30:32.969494
0,17,4,4,2025-10-13T19:30:33.308756
0,17,5,4,2025-10-13T19:30:33.647687
0,17,6,4,2025-10-13T19:30:33.987215
0,17,7,4,2025-10-13T19:30:34.326333
0,17,8,4,2025-10-13T19:30:34.665155
0,17,9,4,2025-10-13T19:30:35.004096
0,17,10,4,2025-10-13T19:30:35.343363
0,18,1,4,2025-10-13T19:30:35.880532
0,18,2,3,2025-10-13T19:30:36.218052
0,18,3,3,2025-10-13T19:30:36.555717
0,18,4,3,2025-10-13T19:30:36.894519
0,18,5,3,2025-10-13T19:30:37.232547
0,18,6,4,2025-10-13T19:30:37.571137
0,18,7,3,2025-10-13T19:30:37.910494
0,18,8,3,2025-10-13T19:30:38.248072
0,18,9,3,2025-10-13T19:30:38.586558
0,18,10,3,2025-10-13T19:30:38.924666
0,19,1,3,2025-10-13T19:30:39.523882
0,19,2,3,2025-10-13T19:30:39.862048
0,19,3,3,2025-10-13T19:30:40.201473
0,19,4,3,2025-10-13T19:30:40.541934
0,19,5,3,2025-10-13T19:30:40.882586
0,19,6,3,2025-10-13T19:30:41.222693
0,19,7,3,2025-10-13T19:30:41.559197
0,19,8,3,2025-10-13T19:30:41.901016
0,19,9,3,2025-10-13T19:30:42.242459
0,19,10,3,2025-10-13T19:30:42.578288
0,20,1,4,2025-10-13T19:30:43.179145
0,20,2,4,2025-10-13T19:30:43.526348
0,20,3,4,2025-10-13T19:30:43.862900
0,20,4,5,2025-10-13T19:30:44.201675
0,20,5,4,2025-10-13T19:30:44.539659
0,20,6,5,2025-10-13T19:30:44.878110
0,20,7,4,2025-10-13T19:30:45.223048
0,20,8,4,2025-10-13T19:30:45.561220
0,20,9,4,2025-10-13T19:30:45.900428
0,20,10,4,2025-10-13T19:30:46.239533
0,21,1,5,2025-10-13T19:30:46.837701
0,21,2,5,2025-10-13T19:30:47.175698
0,21,3,5,2025-10-13T19:30:47.514622
0,21,4,5,2025-10-13T19:30:47.852494
0,21,5,5,2025-10-13T19:30:48.190217
0,21,6,4,2025-10-13T19:30:48.528122
0,21,7,5,2025-10-13T19:30:48.866155
0,21,8,5,2025-10-13T19:30:49.203974
0,21,9,5,2025-10-13T19:30:49.543688
0,21,10,5,2025-10-13T19:30:49.884222
0,22,1,5,2025-10-13T19:30:50.485310
0,22,2,5,2025-10-13T19:30:50.825626
0,22,3,5,2025-10-13T19:30:51.167744
0,22,4,5,2025-10-13T19:30:51.506521
0,22,5,5,2025-10-13T19:30:51.845195
0,22,6,5,2025-10-13T19:30:52.183838
0,22,7,5,2025-10-13T19:30:52.522309
0,22,8,5,2025-10-13T19:30:52.860356
0,22,9,5,2025-10-13T19:30:53.199891
0,22,10,5,2025-10-13T19:30:53.539572
0,23,1,3,2025-10-13T19:30:54.139043
0,23,2,3,2025-10-13T19:30:54.478288
0,23,3,3,2025-10-13T19:30:54.817570
0,23,4,3,2025-10-13T19:30:55.155642
0,23,5,3,2025-10-13T19:30:55.499038
0,23,6,3,2025-10-13T19:30:55.852610
0,23,7,3,2025-10-13T19:30:56.192503
0,23,8,3,2025-10-13T19:30:56.535249
0,23,9,3,2025-10-13T19:30:56.874906
0,23,10,3,2025-10-13T19:30:57.214941
0,24,1,3,2025-10-13T19:30:57.819132
0,24,2,3,2025-10-13T19:30:58.160747
0,24,3,3,2025-10-13T19:30:58.503689
0,24,4,3,2025-10-13T19:30:58.844241
0,24,5,3,2025-10-13T19:30:59.184265
0,24,6,3,2025-10-13T19:30:59.525766
0,24,7,3,2025-10-13T19:30:59.865360
0,24,8,3,2025-10-13T19:31:00.205312
0,24,9,3,2025-10-13T19:31:00.545773
0,24,10,3,2025-10-13T19:31:00.886769
0,25,1,1,2025-10-13T19:31:01.490890
0,25,2,3,2025-10-13T19:31:01.831570
0,25,3,3,2025-10-13T19:31:02.171583
0,25,4,3,2025-10-13T19:31:02.511020
0,25,5,3,2025-10-13T19:31:02.851886
0,25,6,3,2025-10-13T19:31:03.191019
0,25,7,3,2025-10-13T19:31:03.530214
0,25,8,3,2025-10-13T19:31:03.869651
0,25,9,3,2025-10-13T19:31:04.208582
0,25,10,3,2025-10-13T19:31:04.547665
0,26,1,3,2025-10-13T19:31:05.152824
0,26,2,3,2025-10-13T19:31:05.493013
0,26,3,3,2025-10-13T19:31:05.831503
0,26,4,3,2025-10-13T19:31:06.170125
0,26,5,3,2025-10-13T19:31:06.510626
0,26,6,3,2025-10-13T19:31:06.866810
0,26,7,3,2025-10-13T19:31:07.203940
0,26,8,3,2025-10-13T19:31:07.542408
0,26,9,3,2025-10-13T19:31:07.884440
0,26,10,3,2025-10-13T19:31:08.223787
0,27,1,5,2025-10-13T19:31:08.828876
0,27,2,5,2025-10-13T19:31:09.170302
0,27,3,5,2025-10-13T19:31:09.509799
0,27,4,5,2025-10-13T19:31:09.849573
0,27,5,5,2025-10-13T19:31:10.188496
0,27,6,5,2025-10-13T19:31:10.531939
0,27,7,5,2025-10-13T19:31:10.873674
0,27,8,5,2025-10-13T19:31:11.213197
0,27,9,4,2025-10-13T19:31:11.554801
0,27,10,5,2025-10-13T19:31:11.893208
0,28,1,3,2025-10-13T19:31:12.508318
0,28,2,3,2025-10-13T19:31:12.849816
0,28,3,3,2025-10-13T19:31:13.190248
0,28,4,3,2025-10-13T19:31:13.530354
0,28,5,3,2025-10-13T19:31:13.873768
0,28,6,3,2025-10-13T19:31:14.214148
0,28,7,3,2025-10-13T19:31:14.554945
0,28,8,3,2025-10-13T19:31:14.894808
0,28,9,3,2025-10-13T19:31:15.235628
0,28,10,3,2025-10-13T19:31:15.576355
0,29,1,4,2025-10-13T19:31:16.186650
0,29,2,4,2025-10-13T19:31:16.527130
0,29,3,4,2025-10-13T19:31:16.866818
0,29,4,4,2025-10-13T19:31:17.207699
0,29,5,4,2025-10-13T19:31:17.547927
0,29,6,4,2025-10-13T19:31:17.889949
0,29,7,4,2025-10-13T19:31:18.232074
0,29,8,4,2025-10-13T19:31:18.573385
0,29,9,4,2025-10-13T19:31:18.913796
0,29,10,4,2025-10-13T19:31:19.254379
0,30,1,1,2025-10-13T19:31:19.868519
0,30,2,1,2025-10-13T19:31:20.209764
0,30,3,1,2025-10-13T19:31:20.551058
0,30,4,1,2025-10-13T19:31:20.892147
0,30,5,1,2025-10-13T19:31:21.233102
0,30,6,1,2025-10-13T19:31:21.574337
0,30,7,1,2025-10-13T19:31:21.915786
0,30,8,1,2025-10-13T19:31:22.256814
0,30,9,1,2025-10-13T19:31:22.597807
0,30,10,1,2025-10-13T19:31:22.938901
0,31,1,3,2025-10-13T19:31:23.485898
0,31,2,3,2025-10-13T19:31:23.826243
0,31,3,3,2025-10-13T19:31:24.166300
0,31,4,3,2025-10-13T19:31:24.506294
0,31,5,3,2025-10-13T19:31:24.846247
0,31,6,3,2025-10-13T19:31:25.186192
0,31,7,3,2025-10-13T19:31:25.526390
0,31,8,3,2025-10-13T19:31:25.866037
0,31,9,3,2025-10-13T19:31:26.206321
0,31,10,3,2025-10-13T19:31:26.547279
1,1,1,5,2025-10-13T19:31:27.317701
1,1,2,5,2025-10-13T19:31:27.660187
1,1,3,4,2025-10-13T19:31:28.002550
1,1,4,5,2025-10-13T19:31:28.344422
1,1,5,5,2025-10-13T19:31:28.686692
1,1,6,5,2025-10-13T19:31:29.028449
1,1,7,5,2025-10-13T19:31:29.371225
1,1,8,5,2025-10-13T19:31:29.714014
1,1,9,5,2025-10-13T19:31:30.056832
1,1,10,5,2025-10-13T19:31:30.397735
1,2,1,5,2025-10-13T19:31:31.013962
1,2,2,5,2025-10-13T19:31:31.356546
1,2,3,5,2025-10-13T19:31:31.699626
1,2,4,5,2025-10-13T19:31:32.042266
1,2,5,5,2025-10-13T19:31:32.384757
1,2,6,5,2025-10-13T19:31:32.727559
1,2,7,5,2025-10-13T19:31:33.070171
1,2,8,5,2025-10-13T19:31:33.412883
1,2,9,5,2025-10-13T19:31:33.755224
1,2,10,5,2025-10-13T19:31:34.097917
1,3,1,4,2025-10-13T19:31:34.712701
1,3,2,5,2025-10-13T19:31:35.054468
1,3,3,5,2025-10-13T19:31:35.396719
1,3,4,4,2025-10-13T19:31:35.738991
1,3,5,5,2025-10-13T19:31:36.081307
1,3,6,5,2025-10-13T19:31:36.423625
1,3,7,4,2025-10-13T19:31:36.765775
1,3,8,5,2025-10-13T19:31:37.107817
1,3,9,5,2025-10-13T19:31:37.449959
1,3,10,4,2025-10-13T19:31:37.792440
1,4,1,5,2025-10-13T19:31:38.406695
1,4,2,5,2025-10-13T19:31:38.749266
1,4,3,5,2025-10-13T19:31:39.091519
1,4,4,5,2025-10-13T19:31:39.433879
1,4,5,5,2025-10-13T19:31:39.776124
1,4,6,5,2025-10-13T19:31:40.118530
1,4,7,5,2025-10-13T19:31:40.460768
1,4,8,5,2025-10-13T19:31:40.804385
1,4,9,4,2025-10-13T19:31:41.146669
1,4,10,5,2025-10-13T19:31:41.489530
1,5,1,5,2025-10-13T19:31:42.101186
1,5,2,5,2025-10-13T19:31:42.443091
1,5,3,5,2025-10-13T19:31:42.785601
1,5,4,5,2025-10-13T19:31:43.128118
1,5,5,5,2025-10-13T19:31:43.473193
1,5,6,4,2025-10-13T19:31:43.816592
1,5,7,5,2025-10-13T19:31:44.157774
1,5,8,5,2025-10-13T19:31:44.501229
1,5,9,5,2025-10-13T19:31:44.845355
1,5,10,5,2025-10-13T19:31:45.188030
1,6,1,5,2025-10-13T19:31:45.800264
1,6,2,5,2025-10-13T19:31:46.146265
1,6,3,5,2025-10-13T19:31:46.489373
1,6,4,5,2025-10-13T19:31:46.832083
1,6,5,5,2025-10-13T19:31:47.174907
1,6,6,5,2025-10-13T19:31:47.517808
1,6,7,5,2025-10-13T19:31:47.860400
1,6,8,5,2025-10-13T19:31:48.203290
1,6,9,5,2025-10-13T19:31:48.548233
1,6,10,5,2025-10-13T19:31:48.890558
1,7,1,2,2025-10-13T19:31:49.506227
1,7,2,2,2025-10-13T19:31:49.849711
1,7,3,2,2025-10-13T19:31:50.192369
1,7,4,2,2025-10-13T19:31:50.536584
1,7,5,2,2025-10-13T19:31:50.879650
1,7,6,2,2025-10-13T19:31:51.222515
1,7,7,2,2025-10-13T19:31:51.565462
1,7,8,2,2025-10-13T19:31:51.909549
1,7,9,2,2025-10-13T19:31:52.253694
1,7,10,2,2025-10-13T19:31:52.595970
1,8,1,4,2025-10-13T19:31:53.208837
1,8,2,4,2025-10-13T19:31:53.552674
1,8,3,4,2025-10-13T19:31:53.895222
1,8,4,5,2025-10-13T19:31:54.239586
1,8,5,4,2025-10-13T19:31:54.582584
1,8,6,4,2025-10-13T19:31:54.924406
1,8,7,4,2025-10-13T19:31:55.267867
1,8,8,5,2025-10-13T19:31:55.611360
1,8,9,4,2025-10-13T19:31:55.956522
1,8,10,4,2025-10-13T19:31:56.298991
1,9,1,2,2025-10-13T19:31:56.909232
1,9,2,1,2025-10-13T19:31:57.253743
1,9,3,2,2025-10-13T19:31:57.598575
1,9,4,2,2025-10-13T19:31:57.940873
1,9,5,2,2025-10-13T19:31:58.282438
1,9,6,2,2025-10-13T19:31:58.623291
1,9,7,2,2025-10-13T19:31:58.965702
1,9,8,2,2025-10-13T19:31:59.307732
1,9,9,2,2025-10-13T19:31:59.653692
1,9,10,2,2025-10-13T19:31:59.998412
1,10,1,3,2025-10-13T19:32:00.607993
1,10,2,2,2025-10-13T19:32:00.950658
1,10,3,3,2025-10-13T19:32:01.294634
1,10,4,2,2025-10-13T19:32:01.638298
1,10,5,3,2025-10-13T19:32:01.980520
1,10,6,3,2025-10-13T19:32:02.322709
1,10,7,3,2025-10-13T19:32:02.664929
1,10,8,3,2025-10-13T19:32:03.007215
1,10,9,3,2025-10-13T19:32:03.349804
1,10,10,2,2025-10-13T19:32:03.695504
1,11,1,2,2025-10-13T19:32:04.302683
1,11,2,2,2025-10-13T19:32:04.645893
1,11,3,2,2025-10-13T19:32:04.989110
1,11,4,2,2025-10-13T19:32:05.330918
1,11,5,2,2025-10-13T19:32:05.673499
1,11,6,2,2025-10-13T19:32:06.018727
1,11,7,2,2025-10-13T19:32:06.363063
1,11,8,2,2025-10-13T19:32:06.706729
1,11,9,2,2025-10-13T19:32:07.050083
1,11,10,2,2025-10-13T19:32:07.393805
1,12,1,5,2025-10-13T19:32:08.000807
1,12,2,5,2025-10-13T19:32:08.345018
1,12,3,5,2025-10-13T19:32:08.687372
1,12,4,5,2025-10-13T19:32:09.029691
1,12,5,5,2025-10-13T19:32:09.371803
1,12,6,5,2025-10-13T19:32:09.713899
1,12,7,5,2025-10-13T19:32:10.056724
1,12,8,5,2025-10-13T19:32:10.398885
1,12,9,5,2025-10-13T19:32:10.741747
1,12,10,4,2025-10-13T19:32:11.084381
1,13,1,2,2025-10-13T19:32:11.695908
1,13,2,1,2025-10-13T19:32:12.038298
1,13,3,2,2025-10-13T19:32:12.380365
1,13,4,2,2025-10-13T19:32:12.723985
1,13,5,2,2025-10-13T19:32:13.067209
1,13,6,2,2025-10-13T19:32:13.410930
1,13,7,1,2025-10-13T19:32:13.754592
1,13,8,1,2025-10-13T19:32:14.098289
1,13,9,2,2025-10-13T19:32:14.441876
1,13,10,1,2025-10-13T19:32:14.784986
1,14,1,5,2025-10-13T19:32:15.389027
1,14,2,5,2025-10-13T19:32:15.730749
1,14,3,5,2025-10-13T19:32:16.073205
1,14,4,5,2025-10-13T19:32:16.415564
1,14,5,5,2025-10-13T19:32:16.758287
1,14,6,5,2025-10-13T19:32:17.099731
1,14,7,5,2025-10-13T19:32:17.441858
1,14,8,5,2025-10-13T19:32:17.783787
1,14,9,5,2025-10-13T19:32:18.125944
1,14,10,5,2025-10-13T19:32:18.467567
1,15,1,2,2025-10-13T19:32:19.074236
1,15,2,1,2025-10-13T19:32:19.415461
1,15,3,1,2025-10-13T19:32:19.757252
1,15,4,1,2025-10-13T19:32:20.098681
1,15,5,1,2025-10-13T19:32:20.440543
1,15,6,1,2025-10-13T19:32:20.782372
1,15,7,1,2025-10-13T19:32:21.124174
1,15,8,1,2025-10-13T19:32:21.466059
1,15,9,1,2025-10-13T19:32:21.807601
1,15,10,1,2025-10-13T19:32:22.150506
1,16,1,5,2025-10-13T19:32:22.755034
1,16,2,5,2025-10-13T19:32:23.094646
1,16,3,5,2025-10-13T19:32:23.435551
1,16,4,5,2025-10-13T19:32:23.775152
1,16,5,5,2025-10-13T19:32:24.115875
1,16,6,5,2025-10-13T19:32:24.456563
1,16,7,5,2025-10-13T19:32:24.797417
1,16,8,5,2025-10-13T19:32:25.137883
1,16,9,5,2025-10-13T19:32:25.478543
1,16,10,5,2025-10-13T19:32:25.819457
1,17,1,5,2025-10-13T19:32:26.421067
1,17,2,5,2025-10-13T19:32:26.760717
1,17,3,5,2025-10-13T19:32:27.102187
1,17,4,5,2025-10-13T19:32:27.441308
1,17,5,5,2025-10-13T19:32:27.781948
1,17,6,5,2025-10-13T19:32:28.123452
1,17,7,5,2025-10-13T19:32:28.466887
1,17,8,5,2025-10-13T19:32:28.807740
1,17,9,5,2025-10-13T19:32:29.148416
1,17,10,5,2025-10-13T19:32:29.489461
1,18,1,4,2025-10-13T19:32:30.027830
1,18,2,4,2025-10-13T19:32:30.366832
1,18,3,4,2025-10-13T19:32:30.706757
1,18,4,4,2025-10-13T19:32:31.044881
1,18,5,4,2025-10-13T19:32:31.385464
1,18,6,4,2025-10-13T19:32:31.724766
1,18,7,4,2025-10-13T19:32:32.065532
1,18,8,4,2025-10-13T19:32:32.406543
1,18,9,4,2025-10-13T19:32:32.747449
1,18,10,4,2025-10-13T19:32:33.089345
1,19,1,3,2025-10-13T19:32:33.690699
1,19,2,3,2025-10-13T19:32:34.031275
1,19,3,3,2025-10-13T19:32:34.371608
1,19,4,3,2025-10-13T19:32:34.711832
1,19,5,3,2025-10-13T19:32:35.052202
1,19,6,3,2025-10-13T19:32:35.394236
1,19,7,3,2025-10-13T19:32:35.735648
1,19,8,3,2025-10-13T19:32:36.076866
1,19,9,3,2025-10-13T19:32:36.417117
1,19,10,3,2025-10-13T19:32:36.758442
1,20,1,5,2025-10-13T19:32:37.362254
1,20,2,5,2025-10-13T19:32:37.704153
1,20,3,5,2025-10-13T19:32:38.044913
1,20,4,5,2025-10-13T19:32:38.385470
1,20,5,5,2025-10-13T19:32:38.726367
1,20,6,5,2025-10-13T19:32:39.067218
1,20,7,5,2025-10-13T19:32:39.412968
1,20,8,5,2025-10-13T19:32:39.754422
1,20,9,5,2025-10-13T19:32:40.094910
1,20,10,5,2025-10-13T19:32:40.435353
1,21,1,5,2025-10-13T19:32:41.037258
1,21,2,5,2025-10-13T19:32:41.380964
1,21,3,5,2025-10-13T19:32:41.721653
1,21,4,5,2025-10-13T19:32:42.062163
1,21,5,5,2025-10-13T19:32:42.402574
1,21,6,5,2025-10-13T19:32:42.742458
1,21,7,5,2025-10-13T19:32:43.082984
1,21,8,5,2025-10-13T19:32:43.424486
1,21,9,5,2025-10-13T19:32:43.764841
1,21,10,5,2025-10-13T19:32:44.105532
1,22,1,5,2025-10-13T19:32:44.709286
1,22,2,5,2025-10-13T19:32:45.049905
1,22,3,5,2025-10-13T19:32:45.390387
1,22,4,5,2025-10-13T19:32:45.731406
1,22,5,5,2025-10-13T19:32:46.071588
1,22,6,5,2025-10-13T19:32:46.413991
1,22,7,5,2025-10-13T19:32:46.760135
1,22,8,5,2025-10-13T19:32:47.104428
1,22,9,5,2025-10-13T19:32:47.447003
1,22,10,5,2025-10-13T19:32:47.787897
1,23,1,5,2025-10-13T19:32:48.391176
1,23,2,4,2025-10-13T19:32:48.731937
1,23,3,4,2025-10-13T19:32:49.072565
1,23,4,4,2025-10-13T19:32:49.414786
1,23,5,4,2025-10-13T19:32:49.755450
1,23,6,4,2025-10-13T19:32:50.095663
1,23,7,4,2025-10-13T19:32:50.436108
1,23,8,4,2025-10-13T19:32:50.777550
1,23,9,4,2025-10-13T19:32:51.118540
1,23,10,4,2025-10-13T19:32:51.460570
1,24,1,4,2025-10-13T19:32:52.066089
1,24,2,5,2025-10-13T19:32:52.407785
1,24,3,4,2025-10-13T19:32:52.748429
1,24,4,4,2025-10-13T19:32:53.089458
1,24,5,4,2025-10-13T19:32:53.430095
1,24,6,5,2025-10-13T19:32:53.774385
1,24,7,4,2025-10-13T19:32:54.114777
1,24,8,4,2025-10-13T19:32:54.455315
1,24,9,5,2025-10-13T19:32:54.795977
1,24,10,4,2025-10-13T19:32:55.136357
1,25,1,3,2025-10-13T19:32:55.742053
1,25,2,1,2025-10-13T19:32:56.082700
1,25,3,1,2025-10-13T19:32:56.422916
1,25,4,1,2025-10-13T19:32:56.763205
1,25,5,1,2025-10-13T19:32:57.103616
1,25,6,1,2025-10-13T19:32:57.444761
1,25,7,1,2025-10-13T19:32:57.781360
1,25,8,1,2025-10-13T19:32:58.124404
1,25,9,3,2025-10-13T19:32:58.475433
1,25,10,1,2025-10-13T19:32:58.825502
1,26,1,3,2025-10-13T19:32:59.431665
1,26,2,3,2025-10-13T19:32:59.773033
1,26,3,3,2025-10-13T19:33:00.114692
1,26,4,3,2025-10-13T19:33:00.454615
1,26,5,3,2025-10-13T19:33:00.796642
1,26,6,3,2025-10-13T19:33:01.148182
1,26,7,3,2025-10-13T19:33:01.489503
1,26,8,3,2025-10-13T19:33:01.831157
1,26,9,3,2025-10-13T19:33:02.172343
1,26,10,3,2025-10-13T19:33:02.513772
1,27,1,3,2025-10-13T19:33:03.118126
1,27,2,3,2025-10-13T19:33:03.461023
1,27,3,3,2025-10-13T19:33:03.807488
1,27,4,3,2025-10-13T19:33:04.151221
1,27,5,3,2025-10-13T19:33:04.502525
1,27,6,3,2025-10-13T19:33:04.844981
1,27,7,3,2025-10-13T19:33:05.186441
1,27,8,3,2025-10-13T19:33:05.531036
1,27,9,3,2025-10-13T19:33:05.875883
1,27,10,3,2025-10-13T19:33:06.219107
1,28,1,4,2025-10-13T19:33:06.835668
1,28,2,4,2025-10-13T19:33:07.197668
1,28,3,4,2025-10-13T19:33:07.541702
1,28,4,4,2025-10-13T19:33:07.884716
1,28,5,4,2025-10-13T19:33:08.225746
1,28,6,4,2025-10-13T19:33:08.568214
1,28,7,4,2025-10-13T19:33:08.911793
1,28,8,4,2025-10-13T19:33:09.258967
1,28,9,4,2025-10-13T19:33:09.604960
1,28,10,4,2025-10-13T19:33:09.950028
1,29,1,4,2025-10-13T19:33:10.564786
1,29,2,4,2025-10-13T19:33:10.907268
1,29,3,4,2025-10-13T19:33:11.261010
1,29,4,4,2025-10-13T19:33:11.604615
1,29,5,3,2025-10-13T19:33:11.956003
1,29,6,4,2025-10-13T19:33:12.317458
1,29,7,4,2025-10-13T19:33:12.666829
1,29,8,4,2025-10-13T19:33:13.016538
1,29,9,4,2025-10-13T19:33:13.372925
1,29,10,3,2025-10-13T19:33:13.722761
1,30,1,1,2025-10-13T19:33:14.334880
1,30,2,1,2025-10-13T19:33:14.681086
1,30,3,1,2025-10-13T19:33:15.023664
1,30,4,1,2025-10-13T19:33:15.366132
1,30,5,1,2025-10-13T19:33:15.708335
1,30,6,1,2025-10-13T19:33:16.050806
1,30,7,1,2025-10-13T19:33:16.392585
1,30,8,1,2025-10-13T19:33:16.734641
1,30,9,1,2025-10-13T19:33:17.076340
1,30,10,1,2025-10-13T19:33:17.416571
1,31,1,3,2025-10-13T19:33:17.968930
1,31,2,3,2025-10-13T19:33:18.309488
1,31,3,3,2025-10-13T19:33:18.649739
1,31,4,3,2025-10-13T19:33:18.991042
1,31,5,3,2025-10-13T19:33:19.331353
1,31,6,3,2025-10-13T19:33:19.671744
1,31,7,3,2025-10-13T19:33:20.011999
1,31,8,3,2025-10-13T19:33:20.352138
1,31,9,3,2025-10-13T19:33:20.692327
1,31,10,3,2025-10-13T19:33:21.032362
2,1,1,4,2025-10-13T19:33:21.791359
2,1,2,4,2025-10-13T19:33:22.134719
2,1,3,4,2025-10-13T19:33:22.477007
2,1,4,4,2025-10-13T19:33:22.819517
2,1,5,4,2025-10-13T19:33:23.161604
2,1,6,4,2025-10-13T19:33:23.503663
2,1,7,4,2025-10-13T19:33:23.845591
2,1,8,4,2025-10-13T19:33:24.187602
2,1,9,4,2025-10-13T19:33:24.529622
2,1,10,4,2025-10-13T19:33:24.871516
2,2,1,4,2025-10-13T19:33:25.477593
2,2,2,4,2025-10-13T19:33:25.820809
2,2,3,4,2025-10-13T19:33:26.162753
2,2,4,4,2025-10-13T19:33:26.504796
2,2,5,4,2025-10-13T19:33:26.847626
2,2,6,4,2025-10-13T19:33:27.189674
2,2,7,4,2025-10-13T19:33:27.531488
2,2,8,4,2025-10-13T19:33:27.873621
2,2,9,4,2025-10-13T19:33:28.215311
2,2,10,4,2025-10-13T19:33:28.558177
2,3,1,4,2025-10-13T19:33:29.161661
2,3,2,4,2025-10-13T19:33:29.503392
2,3,3,4,2025-10-13T19:33:29.845420
2,3,4,4,2025-10-13T19:33:30.187159
2,3,5,4,2025-10-13T19:33:30.529963
2,3,6,4,2025-10-13T19:33:30.872019
2,3,7,4,2025-10-13T19:33:31.213864
2,3,8,4,2025-10-13T19:33:31.555390
2,3,9,4,2025-10-13T19:33:31.897422
2,3,10,4,2025-10-13T19:33:32.239120
2,4,1,4,2025-10-13T19:33:32.843990
2,4,2,4,2025-10-13T19:33:33.186357
2,4,3,4,2025-10-13T19:33:33.527879
2,4,4,4,2025-10-13T19:33:33.869482
2,4,5,4,2025-10-13T19:33:34.210969
2,4,6,4,2025-10-13T19:33:34.552642
2,4,7,4,2025-10-13T19:33:34.894217
2,4,8,4,2025-10-13T19:33:35.235566
2,4,9,4,2025-10-13T19:33:35.576073
2,4,10,4,2025-10-13T19:33:35.917598
2,5,1,4,2025-10-13T19:33:36.521150
2,5,2,4,2025-10-13T19:33:36.862765
2,5,3,4,2025-10-13T19:33:37.204374
2,5,4,4,2025-10-13T19:33:37.546289
2,5,5,4,2025-10-13T19:33:37.888212
2,5,6,4,2025-10-13T19:33:38.229950
2,5,7,4,2025-10-13T19:33:38.571956
2,5,8,4,2025-10-13T19:33:38.914425
2,5,9,4,2025-10-13T19:33:39.256609
2,5,10,4,2025-10-13T19:33:39.598146
2,6,1,4,2025-10-13T19:33:40.202887
2,6,2,4,2025-10-13T19:33:40.545204
2,6,3,4,2025-10-13T19:33:40.887916
2,6,4,4,2025-10-13T19:33:41.229679
2,6,5,4,2025-10-13T19:33:41.578960
2,6,6,4,2025-10-13T19:33:41.919435
2,6,7,4,2025-10-13T19:33:42.260533
2,6,8,4,2025-10-13T19:33:42.604711
2,6,9,4,2025-10-13T19:33:42.946243
2,6,10,4,2025-10-13T19:33:43.288274
2,7,1,2,2025-10-13T19:33:43.903573
2,7,2,3,2025-10-13T19:33:44.252908
2,7,3,3,2025-10-13T19:33:44.594759
2,7,4,2,2025-10-13T19:33:44.945237
2,7,5,3,2025-10-13T19:33:45.286522
2,7,6,2,2025-10-13T19:33:45.625691
2,7,7,2,2025-10-13T19:33:45.972502
2,7,8,2,2025-10-13T19:33:46.317501
2,7,9,2,2025-10-13T19:33:46.661193
2,7,10,2,2025-10-13T19:33:47.027531
2,8,1,3,2025-10-13T19:33:47.647705
2,8,2,2,2025-10-13T19:33:47.993045
2,8,3,3,2025-10-13T19:33:48.347771
2,8,4,3,2025-10-13T19:33:48.691781
2,8,5,3,2025-10-13T19:33:49.037693
2,8,6,2,2025-10-13T19:33:49.382389
2,8,7,2,2025-10-13T19:33:49.726729
2,8,8,3,2025-10-13T19:33:50.072747
2,8,9,3,2025-10-13T19:33:50.415128
2,8,10,3,2025-10-13T19:33:50.759020
2,9,1,2,2025-10-13T19:33:51.374359
2,9,2,3,2025-10-13T19:33:51.719039
2,9,3,3,2025-10-13T19:33:52.064236
2,9,4,3,2025-10-13T19:33:52.411434
2,9,5,2,2025-10-13T19:33:52.753874
2,9,6,2,2025-10-13T19:33:53.097271
2,9,7,2,2025-10-13T19:33:53.440213
2,9,8,2,2025-10-13T19:33:53.779733
2,9,9,2,2025-10-13T19:33:54.128715
2,9,10,3,2025-10-13T19:33:54.471917
2,10,1,2,2025-10-13T19:33:55.085356
2,10,2,2,2025-10-13T19:33:55.427473
2,10,3,2,2025-10-13T19:33:55.769722
2,10,4,2,2025-10-13T19:33:56.111225
2,10,5,2,2025-10-13T19:33:56.452902
2,10,6,2,2025-10-13T19:33:56.794673
2,10,7,2,2025-10-13T19:33:57.134171
2,10,8,2,2025-10-13T19:33:57.476005
2,10,9,3,2025-10-13T19:33:57.817455
2,10,10,2,2025-10-13T19:33:58.157962
2,11,1,2,2025-10-13T19:33:58.770120
2,11,2,2,2025-10-13T19:33:59.112367
2,11,3,2,2025-10-13T19:33:59.456695
2,11,4,2,2025-10-13T19:33:59.803755
2,11,5,2,2025-10-13T19:34:00.148629
2,11,6,3,2025-10-13T19:34:00.492413
2,11,7,3,2025-10-13T19:34:00.833507
2,11,8,2,2025-10-13T19:34:01.173694
2,11,9,2,2025-10-13T19:34:01.515541
2,11,10,2,2025-10-13T19:34:01.856191
2,12,1,3,2025-10-13T19:34:02.470878
2,12,2,4,2025-10-13T19:34:02.813789
2,12,3,3,2025-10-13T19:34:03.154859
2,12,4,3,2025-10-13T19:34:03.495947
2,12,5,4,2025-10-13T19:34:03.837136
2,12,6,3,2025-10-13T19:34:04.178195
2,12,7,3,2025-10-13T19:34:04.519946
2,12,8,4,2025-10-13T19:34:04.861577
2,12,9,3,2025-10-13T19:34:05.202650
2,12,10,4,2025-10-13T19:34:05.544087
2,13,1,3,2025-10-13T19:34:06.158276
2,13,2,3,2025-10-13T19:34:06.504637
2,13,3,2,2025-10-13T19:34:06.845687
2,13,4,2,2025-10-13T19:34:07.186687
2,13,5,2,2025-10-13T19:34:07.528088
2,13,6,2,2025-10-13T19:34:07.869016
2,13,7,2,2025-10-13T19:34:08.210156
2,13,8,2,2025-10-13T19:34:08.551338
2,13,9,2,2025-10-13T19:34:08.892133
2,13,10,2,2025-10-13T19:34:09.233657
2,14,1,2,2025-10-13T19:34:09.848558
2,14,2,2,2025-10-13T19:34:10.190979
2,14,3,2,2025-10-13T19:34:10.533841
2,14,4,2,2025-10-13T19:34:10.876443
2,14,5,2,2025-10-13T19:34:11.217296
2,14,6,2,2025-10-13T19:34:11.558639
2,14,7,2,2025-10-13T19:34:11.899421
2,14,8,2,2025-10-13T19:34:12.240577
2,14,9,2,2025-10-13T19:34:12.582087
2,14,10,2,2025-10-13T19:34:12.923108
2,15,1,2,2025-10-13T19:34:13.538510
2,15,2,2,2025-10-13T19:34:13.881205
2,15,3,2,2025-10-13T19:34:14.223530
2,15,4,2,2025-10-13T19:34:14.565109
2,15,5,2,2025-10-13T19:34:14.905991
2,15,6,2,2025-10-13T19:34:15.247039
2,15,7,2,2025-10-13T19:34:15.587728
2,15,8,2,2025-10-13T19:34:15.928610
2,15,9,2,2025-10-13T19:34:16.269807
2,15,10,2,2025-10-13T19:34:16.610477
2,16,1,4,2025-10-13T19:34:17.216681
2,16,2,3,2025-10-13T19:34:17.557432
2,16,3,3,2025-10-13T19:34:17.897330
2,16,4,3,2025-10-13T19:34:18.237628
2,16,5,4,2025-10-13T19:34:18.577454
2,16,6,4,2025-10-13T19:34:18.917573
2,16,7,4,2025-10-13T19:34:19.257292
2,16,8,4,2025-10-13T19:34:19.597058
2,16,9,4,2025-10-13T19:34:19.936923
2,16,10,4,2025-10-13T19:34:20.277300
2,17,1,4,2025-10-13T19:34:20.882463
2,17,2,4,2025-10-13T19:34:21.223636
2,17,3,4,2025-10-13T19:34:21.563020
2,17,4,4,2025-10-13T19:34:21.902122
2,17,5,4,2025-10-13T19:34:22.241835
2,17,6,4,2025-10-13T19:34:22.579631
2,17,7,4,2025-10-13T19:34:22.918707
2,17,8,4,2025-10-13T19:34:23.256057
2,17,9,4,2025-10-13T19:34:23.595884
2,17,10,4,2025-10-13T19:34:23.937265
2,18,1,3,2025-10-13T19:34:24.476503
2,18,2,3,2025-10-13T19:34:24.818606
2,18,3,3,2025-10-13T19:34:25.166750
2,18,4,3,2025-10-13T19:34:25.506407
2,18,5,3,2025-10-13T19:34:25.849552
2,18,6,3,2025-10-13T19:34:26.189075
2,18,7,3,2025-10-13T19:34:26.529424
2,18,8,4,2025-10-13T19:34:26.874925
2,18,9,3,2025-10-13T19:34:27.213273
2,18,10,3,2025-10-13T19:34:27.556570
2,19,1,3,2025-10-13T19:34:28.165940
2,19,2,3,2025-10-13T19:34:28.507928
2,19,3,3,2025-10-13T19:34:28.849358
2,19,4,3,2025-10-13T19:34:29.190992
2,19,5,3,2025-10-13T19:34:29.532636
2,19,6,3,2025-10-13T19:34:29.874278
2,19,7,3,2025-10-13T19:34:30.215422
2,19,8,3,2025-10-13T19:34:30.555895
2,19,9,3,2025-10-13T19:34:30.895975
2,19,10,3,2025-10-13T19:34:31.237227
2,20,1,4,2025-10-13T19:34:31.849087
2,20,2,4,2025-10-13T19:34:32.190403
2,20,3,4,2025-10-13T19:34:32.531111
2,20,4,4,2025-10-13T19:34:32.872428
2,20,5,4,2025-10-13T19:34:33.212443
2,20,6,4,2025-10-13T19:34:33.553015
2,20,7,4,2025-10-13T19:34:33.892734
2,20,8,4,2025-10-13T19:34:34.232868
2,20,9,4,2025-10-13T19:34:34.572874
2,20,10,4,2025-10-13T19:34:34.913342
2,21,1,4,2025-10-13T19:34:35.518250
2,21,2,4,2025-10-13T19:34:35.858620
2,21,3,4,2025-10-13T19:34:36.198542
2,21,4,4,2025-10-13T19:34:36.542546
2,21,5,4,2025-10-13T19:34:36.882937
2,21,6,4,2025-10-13T19:34:37.220554
2,21,7,4,2025-10-13T19:34:37.562140
2,21,8,4,2025-10-13T19:34:37.903105
2,21,9,5,2025-10-13T19:34:38.244864
2,21,10,4,2025-10-13T19:34:38.584190
2,22,1,4,2025-10-13T19:34:39.196058
2,22,2,5,2025-10-13T19:34:39.537140
2,22,3,5,2025-10-13T19:34:39.877327
2,22,4,5,2025-10-13T19:34:40.217339
2,22,5,5,2025-10-13T19:34:40.557592
2,22,6,5,2025-10-13T19:34:40.898964
2,22,7,5,2025-10-13T19:34:41.239709
2,22,8,5,2025-10-13T19:34:41.582064
2,22,9,5,2025-10-13T19:34:41.923904
2,22,10,5,2025-10-13T19:34:42.265143
2,23,1,3,2025-10-13T19:34:42.877860
2,23,2,3,2025-10-13T19:34:43.220330
2,23,3,3,2025-10-13T19:34:43.561885
2,23,4,3,2025-10-13T19:34:43.903011
2,23,5,3,2025-10-13T19:34:44.245094
2,23,6,3,2025-10-13T19:34:44.585239
2,23,7,3,2025-10-13T19:34:44.925286
2,23,8,3,2025-10-13T19:34:45.265129
2,23,9,3,2025-10-13T19:34:45.604390
2,23,10,3,2025-10-13T19:34:45.944218
2,24,1,3,2025-10-13T19:34:46.555750
2,24,2,3,2025-10-13T19:34:46.897577
2,24,3,4,2025-10-13T19:34:47.238640
2,24,4,3,2025-10-13T19:34:47.579312
2,24,5,3,2025-10-13T19:34:47.919921
2,24,6,4,2025-10-13T19:34:48.259706
2,24,7,4,2025-10-13T19:34:48.598283
2,24,8,3,2025-10-13T19:34:48.936579
2,24,9,3,2025-10-13T19:34:49.275649
2,24,10,4,2025-10-13T19:34:49.615470
2,25,1,3,2025-10-13T19:34:50.225051
2,25,2,3,2025-10-13T19:34:50.566597
2,25,3,3,2025-10-13T19:34:50.907762
2,25,4,3,2025-10-13T19:34:51.249095
2,25,5,3,2025-10-13T19:34:51.589370
2,25,6,1,2025-10-13T19:34:51.929212
2,25,7,3,2025-10-13T19:34:52.269016
2,25,8,3,2025-10-13T19:34:52.608917
2,25,9,1,2025-10-13T19:34:52.948863
2,25,10,1,2025-10-13T19:34:53.288582
2,26,1,2,2025-10-13T19:34:53.899053
2,26,2,3,2025-10-13T19:34:54.240758
2,26,3,3,2025-10-13T19:34:54.580873
2,26,4,2,2025-10-13T19:34:54.922044
2,26,5,2,2025-10-13T19:34:55.263227
2,26,6,3,2025-10-13T19:34:55.605014
2,26,7,3,2025-10-13T19:34:55.945770
2,26,8,2,2025-10-13T19:34:56.284153
2,26,9,3,2025-10-13T19:34:56.624507
2,26,10,3,2025-10-13T19:34:56.974279
2,27,1,5,2025-10-13T19:34:57.585217
2,27,2,4,2025-10-13T19:34:57.924914
2,27,3,4,2025-10-13T19:34:58.266363
2,27,4,5,2025-10-13T19:34:58.607764
2,27,5,5,2025-10-13T19:34:58.949889
2,27,6,5,2025-10-13T19:34:59.291918
2,27,7,5,2025-10-13T19:34:59.634273
2,27,8,5,2025-10-13T19:34:59.976156
2,27,9,5,2025-10-13T19:35:00.318126
2,27,10,5,2025-10-13T19:35:00.659465
2,28,1,3,2025-10-13T19:35:01.275332
2,28,2,3,2025-10-13T19:35:01.616016
2,28,3,3,2025-10-13T19:35:01.957207
2,28,4,3,2025-10-13T19:35:02.297675
2,28,5,3,2025-10-13T19:35:02.637882
2,28,6,3,2025-10-13T19:35:02.979105
2,28,7,3,2025-10-13T19:35:03.318955
2,28,8,3,2025-10-13T19:35:03.659905
2,28,9,3,2025-10-13T19:35:04.001510
2,28,10,3,2025-10-13T19:35:04.341258
2,29,1,3,2025-10-13T19:35:04.959364
2,29,2,3,2025-10-13T19:35:05.301488
2,29,3,3,2025-10-13T19:35:05.642585
2,29,4,3,2025-10-13T19:35:05.984799
2,29,5,3,2025-10-13T19:35:06.326384
2,29,6,3,2025-10-13T19:35:06.666064
2,29,7,3,2025-10-13T19:35:07.005589
2,29,8,3,2025-10-13T19:35:07.347679
2,29,9,3,2025-10-13T19:35:07.686537
2,29,10,3,2025-10-13T19:35:08.026404
2,30,1,1,2025-10-13T19:35:08.640643
2,30,2,1,2025-10-13T19:35:08.978453
2,30,3,1,2025-10-13T19:35:09.318105
2,30,4,1,2025-10-13T19:35:09.658908
2,30,5,1,2025-10-13T19:35:10.000066
2,30,6,1,2025-10-13T19:35:10.341912
2,30,7,1,2025-10-13T19:35:10.684378
2,30,8,1,2025-10-13T19:35:11.026367
2,30,9,1,2025-10-13T19:35:11.367548
2,30,10,1,2025-10-13T19:35:11.708953
2,31,1,3,2025-10-13T19:35:12.262665
2,31,2,3,2025-10-13T19:35:12.604259
2,31,3,3,2025-10-13T19:35:12.946014
2,31,4,3,2025-10-13T19:35:13.287441
2,31,5,3,2025-10-13T19:35:13.630613
2,31,6,3,2025-10-13T19:35:13.971317
2,31,7,3,2025-10-13T19:35:14.312502
2,31,8,3,2025-10-13T19:35:14.653564
2,31,9,3,2025-10-13T19:35:14.994338
2,31,10,3,2025-10-13T19:35:15.335283
3,1,1,4,2025-10-13T19:35:16.116280
3,1,2,4,2025-10-13T19:35:16.457963
3,1,3,4,2025-10-13T19:35:16.799448
3,1,4,4,2025-10-13T19:35:17.140836
3,1,5,4,2025-10-13T19:35:17.481726
3,1,6,4,2025-10-13T19:35:17.822617
3,1,7,4,2025-10-13T19:35:18.163425
3,1,8,4,2025-10-13T19:35:18.504288
3,1,9,4,2025-10-13T19:35:18.845129
3,1,10,4,2025-10-13T19:35:19.186296
3,2,1,4,2025-10-13T19:35:19.805512
3,2,2,4,2025-10-13T19:35:20.147269
3,2,3,4,2025-10-13T19:35:20.488847
3,2,4,4,2025-10-13T19:35:20.830051
3,2,5,4,2025-10-13T19:35:21.171072
3,2,6,4,2025-10-13T19:35:21.510225
3,2,7,4,2025-10-13T19:35:21.849405
3,2,8,4,2025-10-13T19:35:22.189364
3,2,9,4,2025-10-13T19:35:22.530266
3,2,10,4,2025-10-13T19:35:22.870920
3,3,1,4,2025-10-13T19:35:23.489632
3,3,2,4,2025-10-13T19:35:23.830969
3,3,3,4,2025-10-13T19:35:24.172789
3,3,4,4,2025-10-13T19:35:24.513532
3,3,5,4,2025-10-13T19:35:24.852710
3,3,6,4,2025-10-13T19:35:25.193335
3,3,7,4,2025-10-13T19:35:25.534253
3,3,8,4,2025-10-13T19:35:25.874904
3,3,9,4,2025-10-13T19:35:26.215887
3,3,10,4,2025-10-13T19:35:26.556516
3,4,1,4,2025-10-13T19:35:27.177320
3,4,2,4,2025-10-13T19:35:27.518385
3,4,3,4,2025-10-13T19:35:27.860074
3,4,4,4,2025-10-13T19:35:28.201648
3,4,5,4,2025-10-13T19:35:28.543198
3,4,6,4,2025-10-13T19:35:28.884480
3,4,7,4,2025-10-13T19:35:29.225869
3,4,8,4,2025-10-13T19:35:29.566690
3,4,9,4,2025-10-13T19:35:29.908172
3,4,10,4,2025-10-13T19:35:30.249431
3,5,1,4,2025-10-13T19:35:30.872425
3,5,2,4,2025-10-13T19:35:31.214315
3,5,3,4,2025-10-13T19:35:31.555728
3,5,4,4,2025-10-13T19:35:31.897210
3,5,5,4,2025-10-13T19:35:32.238284
3,5,6,4,2025-10-13T19:35:32.579122
3,5,7,4,2025-10-13T19:35:32.920053
3,5,8,4,2025-10-13T19:35:33.261150
3,5,9,4,2025-10-13T19:35:33.601736
3,5,10,4,2025-10-13T19:35:33.942480
3,6,1,4,2025-10-13T19:35:34.565111
3,6,2,4,2025-10-13T19:35:34.907270
3,6,3,4,2025-10-13T19:35:35.249054
3,6,4,4,2025-10-13T19:35:35.590278
3,6,5,4,2025-10-13T19:35:35.931934
3,6,6,4,2025-10-13T19:35:36.274209
3,6,7,4,2025-10-13T19:35:36.615708
3,6,8,4,2025-10-13T19:35:36.957190
3,6,9,4,2025-10-13T19:35:37.298204
3,6,10,4,2025-10-13T19:35:37.639337
3,7,1,3,2025-10-13T19:35:38.272697
3,7,2,3,2025-10-13T19:35:38.616188
3,7,3,2,2025-10-13T19:35:38.954343
3,7,4,2,2025-10-13T19:35:39.295714
3,7,5,2,2025-10-13T19:35:39.636725
3,7,6,2,2025-10-13T19:35:39.980290
3,7,7,2,2025-10-13T19:35:40.326399
3,7,8,3,2025-10-13T19:35:40.667872
3,7,9,2,2025-10-13T19:35:41.009262
3,7,10,3,2025-10-13T19:35:41.351556
3,8,1,4,2025-10-13T19:35:41.988054
3,8,2,4,2025-10-13T19:35:42.330447
3,8,3,4,2025-10-13T19:35:42.675964
3,8,4,4,2025-10-13T19:35:43.017828
3,8,5,4,2025-10-13T19:35:43.359892
3,8,6,4,2025-10-13T19:35:43.701222
3,8,7,4,2025-10-13T19:35:44.041227
3,8,8,4,2025-10-13T19:35:44.382061
3,8,9,4,2025-10-13T19:35:44.723441
3,8,10,4,2025-10-13T19:35:45.065069
3,9,1,3,2025-10-13T19:35:45.692256
3,9,2,3,2025-10-13T19:35:46.033841
3,9,3,2,2025-10-13T19:35:46.375088
3,9,4,3,2025-10-13T19:35:46.716220
3,9,5,2,2025-10-13T19:35:47.056778
3,9,6,2,2025-10-13T19:35:47.397155
3,9,7,2,2025-10-13T19:35:47.737923
3,9,8,2,2025-10-13T19:35:48.078439
3,9,9,2,2025-10-13T19:35:48.418054
3,9,10,2,2025-10-13T19:35:48.758532
3,10,1,2,2025-10-13T19:35:49.385708
3,10,2,3,2025-10-13T19:35:49.727576
3,10,3,2,2025-10-13T19:35:50.069493
3,10,4,2,2025-10-13T19:35:50.411219
3,10,5,2,2025-10-13T19:35:50.753027
3,10,6,2,2025-10-13T19:35:51.095097
3,10,7,2,2025-10-13T19:35:51.435485
3,10,8,2,2025-10-13T19:35:51.776288
3,10,9,2,2025-10-13T19:35:52.117400
3,10,10,3,2025-10-13T19:35:52.458342
3,11,1,3,2025-10-13T19:35:53.088117
3,11,2,3,2025-10-13T19:35:53.430265
3,11,3,4,2025-10-13T19:35:53.771895
3,11,4,3,2025-10-13T19:35:54.113826
3,11,5,4,2025-10-13T19:35:54.455160
3,11,6,3,2025-10-13T19:35:54.796734
3,11,7,3,2025-10-13T19:35:55.137728
3,11,8,3,2025-10-13T19:35:55.479385
3,11,9,3,2025-10-13T19:35:55.820460
3,11,10,3,2025-10-13T19:35:56.161727
3,12,1,4,2025-10-13T19:35:56.790114
3,12,2,4,2025-10-13T19:35:57.131859
3,12,3,4,2025-10-13T19:35:57.471976
3,12,4,4,2025-10-13T19:35:57.813305
3,12,5,4,2025-10-13T19:35:58.153762
3,12,6,4,2025-10-13T19:35:58.493971
3,12,7,4,2025-10-13T19:35:58.834905
3,12,8,4,2025-10-13T19:35:59.175372
3,12,9,4,2025-10-13T19:35:59.516766
3,12,10,4,2025-10-13T19:35:59.857760
3,13,1,4,2025-10-13T19:36:00.489565
3,13,2,4,2025-10-13T19:36:00.830899
3,13,3,4,2025-10-13T19:36:01.173108
3,13,4,4,2025-10-13T19:36:01.515049
3,13,5,3,2025-10-13T19:36:01.856573
3,13,6,4,2025-10-13T19:36:02.198381
3,13,7,3,2025-10-13T19:36:02.539375
3,13,8,4,2025-10-13T19:36:02.880982
3,13,9,3,2025-10-13T19:36:03.222692
3,13,10,4,2025-10-13T19:36:03.564516
3,14,1,4,2025-10-13T19:36:04.196022
3,14,2,3,2025-10-13T19:36:04.538661
3,14,3,4,2025-10-13T19:36:04.879819
3,14,4,3,2025-10-13T19:36:05.221631
3,14,5,2,2025-10-13T19:36:05.562727
3,14,6,4,2025-10-13T19:36:05.903758
3,14,7,2,2025-10-13T19:36:06.244652
3,14,8,2,2025-10-13T19:36:06.585642
3,14,9,3,2025-10-13T19:36:06.926059
3,14,10,4,2025-10-13T19:36:07.267026
3,15,1,2,2025-10-13T19:36:07.899340
3,15,2,2,2025-10-13T19:36:08.241925
3,15,3,2,2025-10-13T19:36:08.583915
3,15,4,2,2025-10-13T19:36:08.925955
3,15,5,2,2025-10-13T19:36:09.267787
3,15,6,2,2025-10-13T19:36:09.609609
3,15,7,2,2025-10-13T19:36:09.951448
3,15,8,2,2025-10-13T19:36:10.293023
3,15,9,2,2025-10-13T19:36:10.635738
3,15,10,2,2025-10-13T19:36:10.977256
3,16,1,4,2025-10-13T19:36:11.609239
3,16,2,4,2025-10-13T19:36:11.949404
3,16,3,4,2025-10-13T19:36:12.289964
3,16,4,4,2025-10-13T19:36:12.629863
3,16,5,4,2025-10-13T19:36:12.968325
3,16,6,4,2025-10-13T19:36:13.308237
3,16,7,4,2025-10-13T19:36:13.648069
3,16,8,4,2025-10-13T19:36:13.989917
3,16,9,4,2025-10-13T19:36:14.329728
3,16,10,4,2025-10-13T19:36:14.669864
3,17,1,4,2025-10-13T19:36:15.308553
3,17,2,4,2025-10-13T19:36:15.650838
3,17,3,4,2025-10-13T19:36:15.992334
3,17,4,4,2025-10-13T19:36:16.332946
3,17,5,4,2025-10-13T19:36:16.673513
3,17,6,4,2025-10-13T19:36:17.016776
3,17,7,4,2025-10-13T19:36:17.357381
3,17,8,4,2025-10-13T19:36:17.698263
3,17,9,4,2025-10-13T19:36:18.041713
3,17,10,4,2025-10-13T19:36:18.382826
3,18,1,4,2025-10-13T19:36:18.942680
3,18,2,4,2025-10-13T19:36:19.284050
3,18,3,4,2025-10-13T19:36:19.624542
3,18,4,4,2025-10-13T19:36:19.965637
3,18,5,4,2025-10-13T19:36:20.305918
3,18,6,4,2025-10-13T19:36:20.650921
3,18,7,4,2025-10-13T19:36:20.987819
3,18,8,4,2025-10-13T19:36:21.327499
3,18,9,4,2025-10-13T19:36:21.667263
3,18,10,4,2025-10-13T19:36:22.009134
3,19,1,3,2025-10-13T19:36:22.671671
3,19,2,3,2025-10-13T19:36:23.014330
3,19,3,3,2025-10-13T19:36:23.356218
3,19,4,3,2025-10-13T19:36:23.696903
3,19,5,3,2025-10-13T19:36:24.037974
3,19,6,3,2025-10-13T19:36:24.378040
3,19,7,3,2025-10-13T19:36:24.719941
3,19,8,3,2025-10-13T19:36:25.060357
3,19,9,3,2025-10-13T19:36:25.400352
3,19,10,3,2025-10-13T19:36:25.740530
3,20,1,4,2025-10-13T19:36:26.378951
3,20,2,4,2025-10-13T19:36:26.720306
3,20,3,4,2025-10-13T19:36:27.060921
3,20,4,4,2025-10-13T19:36:27.401416
3,20,5,4,2025-10-13T19:36:27.740880
3,20,6,4,2025-10-13T19:36:28.081630
3,20,7,4,2025-10-13T19:36:28.423711
3,20,8,4,2025-10-13T19:36:28.764177
3,20,9,4,2025-10-13T19:36:29.107250
3,20,10,4,2025-10-13T19:36:29.447916
3,21,1,5,2025-10-13T19:36:30.086665
3,21,2,5,2025-10-13T19:36:30.432806
3,21,3,5,2025-10-13T19:36:30.775191
3,21,4,5,2025-10-13T19:36:31.117148
3,21,5,5,2025-10-13T19:36:31.458025
3,21,6,5,2025-10-13T19:36:31.798464
3,21,7,5,2025-10-13T19:36:32.138463
3,21,8,5,2025-10-13T19:36:32.478976
3,21,9,5,2025-10-13T19:36:32.819490
3,21,10,5,2025-10-13T19:36:33.159256
3,22,1,5,2025-10-13T19:36:33.797067
3,22,2,5,2025-10-13T19:36:34.140808
3,22,3,5,2025-10-13T19:36:34.481364
3,22,4,5,2025-10-13T19:36:34.821495
3,22,5,5,2025-10-13T19:36:35.160427
3,22,6,5,2025-10-13T19:36:35.500332
3,22,7,5,2025-10-13T19:36:35.840758
3,22,8,5,2025-10-13T19:36:36.181825
3,22,9,5,2025-10-13T19:36:36.522161
3,22,10,5,2025-10-13T19:36:36.863040
3,23,1,3,2025-10-13T19:36:37.504708
3,23,2,3,2025-10-13T19:36:37.845822
3,23,3,3,2025-10-13T19:36:38.187421
3,23,4,3,2025-10-13T19:36:38.527090
3,23,5,3,2025-10-13T19:36:38.866837
3,23,6,3,2025-10-13T19:36:39.206585
3,23,7,3,2025-10-13T19:36:39.546377
3,23,8,3,2025-10-13T19:36:39.886302
3,23,9,3,2025-10-13T19:36:40.226154
3,23,10,3,2025-10-13T19:36:40.566354
3,24,1,4,2025-10-13T19:36:41.201217
3,24,2,4,2025-10-13T19:36:41.542572
3,24,3,4,2025-10-13T19:36:41.883798
3,24,4,4,2025-10-13T19:36:42.224655
3,24,5,4,2025-10-13T19:36:42.565242
3,24,6,4,2025-10-13T19:36:42.906007
3,24,7,4,2025-10-13T19:36:43.246940
3,24,8,4,2025-10-13T19:36:43.588139
3,24,9,4,2025-10-13T19:36:43.928660
3,24,10,4,2025-10-13T19:36:44.269336
3,25,1,3,2025-10-13T19:36:44.904622
3,25,2,3,2025-10-13T19:36:45.246175
3,25,3,3,2025-10-13T19:36:45.587116
3,25,4,3,2025-10-13T19:36:45.927751
3,25,5,3,2025-10-13T19:36:46.267985
3,25,6,3,2025-10-13T19:36:46.608251
3,25,7,3,2025-10-13T19:36:46.949015
3,25,8,3,2025-10-13T19:36:47.293056
3,25,9,3,2025-10-13T19:36:47.633809
3,25,10,3,2025-10-13T19:36:47.974048
3,26,1,3,2025-10-13T19:36:48.619596
3,26,2,3,2025-10-13T19:36:48.964883
3,26,3,3,2025-10-13T19:36:49.307296
3,26,4,3,2025-10-13T19:36:49.647773
3,26,5,3,2025-10-13T19:36:49.988601
3,26,6,3,2025-10-13T19:36:50.330975
3,26,7,3,2025-10-13T19:36:50.676514
3,26,8,3,2025-10-13T19:36:51.019697
3,26,9,3,2025-10-13T19:36:51.360928
3,26,10,3,2025-10-13T19:36:51.701388
