persona_id,question_id,average_score,standard_deviation
0,1,2.0,0.0
0,2,4.0,0.0
0,3,1.0,0.0
0,4,1.0,0.0
0,5,1.0,0.0
0,6,3.0,0.0
0,7,4.0,0.0
0,8,2.0,0.0
0,9,1.0,0.0
0,10,1.0,0.0
0,11,2.0,0.0
0,12,4.0,0.0
0,13,2.0,0.0
0,14,3.0,0.0
0,15,0.0,0.0
0,16,4.0,0.0
0,17,4.0,0.0
0,18,3.0,0.0
0,19,3.0,0.0
0,20,3.0,0.0
0,21,5.0,0.0
0,22,4.0,0.0
0,23,2.0,0.0
0,24,1.0,0.0
0,25,1.0,0.0
0,26,5.0,0.0
0,27,3.0,0.0
0,28,1.0,0.0
0,29,1.8,0.4216370213557839
0,30,3.0,0.0
1,1,5.0,0.0
1,2,4.0,0.0
1,3,2.0,0.0
1,4,2.0,0.0
1,5,1.0,0.0
1,6,5.0,0.0
1,7,4.0,0.0
1,8,4.0,0.0
1,9,2.0,0.0
1,10,3.0,0.0
1,11,5.0,0.0
1,12,5.0,0.0
1,13,3.0,0.0
1,14,3.0,0.0
1,15,1.0,0.0
1,16,5.0,0.0
1,17,5.0,0.0
1,18,3.0,0.0
1,19,3.0,0.0
1,20,3.0,0.0
1,21,5.0,0.0
1,22,4.0,0.0
1,23,3.0,0.0
1,24,2.0,0.0
1,25,2.0,0.0
1,26,2.0,0.0
1,27,4.0,0.0
1,28,3.0,0.0
1,29,2.0,0.0
1,30,3.0,0.0
2,1,4.0,0.0
2,2,4.0,0.0
2,3,2.0,0.0
2,4,2.0,0.0
2,5,2.0,0.0
2,6,4.0,0.0
2,7,4.0,0.0
2,8,2.0,0.0
2,9,2.0,0.0
2,10,2.0,0.0
2,11,4.0,0.0
2,12,4.0,0.0
2,13,4.0,0.0
2,14,2.0,0.0
2,15,1.0,0.0
2,16,4.0,0.0
2,17,5.0,0.0
2,18,4.0,0.0
2,19,4.0,0.0
2,20,2.2,0.4216370213557839
2,21,5.0,0.0
2,22,4.0,0.0
2,23,3.0,0.0
2,24,1.0,0.0
2,25,2.0,0.0
2,26,4.0,0.0
2,27,4.0,0.0
2,28,2.0,0.0
2,29,2.0,0.0
2,30,3.0,0.0
3,1,3.0,0.0
3,2,3.0,0.0
3,3,2.0,0.0
3,4,1.0,0.0
3,5,1.0,0.0
3,6,4.0,0.0
3,7,4.0,0.0
3,8,1.1,0.31622776601683794
3,9,2.0,0.0
3,10,1.9,0.31622776601683794
3,11,4.0,0.0
3,12,4.0,0.0
3,13,2.0,0.0
3,14,2.0,0.0
3,15,2.0,0.0
3,16,4.0,0.0
3,17,4.0,0.0
3,18,4.0,0.0
3,19,3.0,0.0
3,20,3.0,0.0
3,21,5.0,0.0
3,22,4.0,0.0
3,23,2.0,0.0
3,24,2.0,0.0
3,25,2.0,0.0
3,26,3.0,0.0
3,27,4.0,0.0
3,28,2.0,0.0
3,29,2.0,0.0
3,30,2.0,0.0
4,1,4.0,0.0
4,2,4.0,0.0
4,3,2.0,0.0
4,4,2.0,0.0
4,5,2.0,0.0
4,6,4.0,0.0
4,7,4.0,0.0
4,8,4.0,0.0
4,9,4.0,0.0
4,10,2.0,0.0
4,11,4.0,0.0
4,12,4.0,0.0
4,13,4.0,0.0
4,14,3.0,0.0
4,15,3.0,0.0
4,16,4.0,0.0
4,17,4.0,0.0
4,18,4.0,0.0
4,19,3.0,0.0
4,20,2.0,0.0
4,21,4.0,0.0
4,22,4.0,0.0
4,23,3.0,0.0
4,24,2.0,0.0
4,25,1.0,0.0
4,26,2.0,0.0
4,27,3.0,0.0
4,28,2.0,0.0
4,29,2.0,0.0
4,30,2.0,0.0
5,1,2.0,0.0
5,2,3.0,0.0
5,3,2.0,0.0
5,4,1.0,0.0
5,5,1.0,0.0
5,6,2.0,0.0
5,7,2.0,0.0
5,8,1.0,0.0
5,9,1.0,0.0
5,10,0.0,0.0
5,11,1.0,0.0
5,12,4.0,0.0
5,13,1.0,0.0
5,14,4.0,0.0
5,15,0.0,0.0
5,16,3.3,0.48304589153964794
5,17,4.0,0.0
5,18,3.0,0.0
5,19,4.0,0.0
5,20,2.0,0.0
5,21,5.0,0.0
5,22,4.0,0.0
5,23,2.0,0.0
5,24,1.0,0.0
5,25,1.0,0.0
5,26,2.0,0.0
5,27,3.0,0.0
5,28,3.0,0.0
5,29,2.0,0.0
5,30,3.0,0.0
6,1,4.0,0.0
6,2,4.0,0.0
6,3,2.0,0.0
6,4,2.0,0.0
6,5,1.0,0.0
6,6,5.0,0.0
6,7,4.0,0.0
6,8,3.0,0.0
6,9,2.0,0.0
6,10,2.0,0.0
6,11,5.0,0.0
6,12,4.0,0.0
6,13,3.0,0.0
6,14,4.0,0.0
6,15,1.9,0.31622776601683794
6,16,4.0,0.0
6,17,5.0,0.0
6,18,3.0,0.0
6,19,4.0,0.0
6,20,2.0,0.0
6,21,5.0,0.0
6,22,4.0,0.0
6,23,2.0,0.0
6,24,1.0,0.0
6,25,1.0,0.0
6,26,4.0,0.0
6,27,4.0,0.0
6,28,1.0,0.0
6,29,2.0,0.0
6,30,3.0,0.0
7,1,4.0,0.0
7,2,4.0,0.0
7,3,2.0,0.0
7,4,2.0,0.0
7,5,1.0,0.0
7,6,4.0,0.0
7,7,4.0,0.0
7,8,2.0,0.0
7,9,2.0,0.0
7,10,3.0,0.0
7,11,4.0,0.0
7,12,4.0,0.0
7,13,3.0,0.0
7,14,2.0,0.0
7,15,2.0,0.0
7,16,4.0,0.0
7,17,5.0,0.0
7,18,3.0,0.0
7,19,4.0,0.0
7,20,2.0,0.0
7,21,5.0,0.0
7,22,4.0,0.0
7,23,3.0,0.0
7,24,2.0,0.0
7,25,2.0,0.0
7,26,3.0,0.0
7,27,4.0,0.0
7,28,2.0,0.0
7,29,2.0,0.0
7,30,2.0,0.0
8,1,2.0,0.0
8,2,2.0,0.0
8,3,3.0,0.0
8,4,3.0,0.0
8,5,2.0,0.0
8,6,2.0,0.0
8,7,3.0,0.0
8,8,4.0,0.0
8,9,2.0,0.0
8,10,2.0,0.0
8,11,2.0,0.0
8,12,2.0,0.0
8,13,3.0,0.0
8,14,3.0,0.0
8,15,2.0,0.0
8,16,4.0,0.0
8,17,4.0,0.0
8,18,4.0,0.0
8,19,4.0,0.0
8,20,2.0,0.0
8,21,5.0,0.0
8,22,4.0,0.0
8,23,4.0,0.0
8,24,2.0,0.0
8,25,2.0,0.0
8,26,4.0,0.0
8,27,2.0,0.0
8,28,3.0,0.0
8,29,3.2,0.4216370213557839
8,30,3.0,0.0
9,1,4.0,0.0
9,2,4.0,0.0
9,3,2.0,0.0
9,4,2.0,0.0
9,5,1.0,0.0
9,6,4.0,0.0
9,7,4.0,0.0
9,8,4.0,0.0
9,9,2.0,0.0
9,10,4.0,0.0
9,11,4.9,0.31622776601683794
9,12,4.0,0.0
9,13,4.0,0.0
9,14,3.0,0.0
9,15,2.0,0.0
9,16,4.0,0.0
9,17,4.0,0.0
9,18,3.0,0.0
9,19,3.0,0.0
9,20,2.0,0.0
9,21,5.0,0.0
9,22,4.0,0.0
9,23,2.0,0.0
9,24,2.0,0.0
9,25,2.0,0.0
9,26,3.0,0.0
9,27,4.0,0.0
9,28,2.0,0.0
9,29,2.0,0.0
9,30,2.0,0.0
10,1,4.0,0.0
10,2,4.0,0.0
10,3,3.0,0.0
10,4,1.7,0.4830458915396479
10,5,2.0,0.0
10,6,4.0,0.0
10,7,4.0,0.0
10,8,2.0,0.0
10,9,2.0,0.0
10,10,2.0,0.0
10,11,4.0,0.0
10,12,4.0,0.0
10,13,4.0,0.0
10,14,2.0,0.0
10,15,1.0,0.0
10,16,4.0,0.0
10,17,4.0,0.0
10,18,4.0,0.0
10,19,3.0,0.0
10,20,2.0,0.0
10,21,5.0,0.0
10,22,4.0,0.0
10,23,3.0,0.0
10,24,1.8,0.42163702135578396
10,25,1.0,0.0
10,26,3.0,0.0
10,27,4.0,0.0
10,28,2.0,0.0
10,29,1.0,0.0
10,30,2.0,0.0
11,1,4.0,0.0
11,2,4.0,0.0
11,3,1.9,0.31622776601683794
11,4,1.0,0.0
11,5,2.0,0.0
11,6,4.0,0.0
11,7,4.0,0.0
11,8,2.0,0.0
11,9,2.0,0.0
11,10,2.0,0.0
11,11,4.0,0.0
11,12,4.0,0.0
11,13,2.0,0.0
11,14,2.0,0.0
11,15,1.0,0.0
11,16,4.0,0.0
11,17,4.0,0.0
11,18,2.0,0.0
11,19,3.0,0.0
11,20,2.0,0.0
11,21,4.0,0.0
11,22,4.0,0.0
11,23,2.0,0.0
11,24,1.0,0.0
11,25,1.0,0.0
11,26,2.0,0.0
11,27,4.0,0.0
11,28,1.0,0.0
11,29,1.0,0.0
11,30,2.0,0.0
12,1,4.0,0.0
12,2,5.0,0.0
12,3,1.0,0.0
12,4,1.0,0.0
12,5,1.0,0.0
12,6,5.0,0.0
12,7,5.0,0.0
12,8,2.0,0.0
12,9,1.0,0.0
12,10,2.0,0.0
12,11,5.0,0.0
12,12,5.0,0.0
12,13,4.0,0.0
12,14,2.0,0.0
12,15,2.0,0.0
12,16,5.0,0.0
12,17,5.0,0.0
12,18,2.0,0.0
12,19,4.0,0.0
12,20,2.0,0.0
12,21,5.0,0.0
12,22,4.0,0.0
12,23,2.0,0.0
12,24,2.0,0.0
12,25,1.0,0.0
12,26,3.0,0.0
12,27,4.0,0.0
12,28,1.0,0.0
12,29,1.0,0.0
12,30,2.0,0.0
13,1,4.0,0.0
13,2,4.0,0.0
13,3,1.0,0.0
13,4,1.0,0.0
13,5,1.2,0.42163702135578396
13,6,4.0,0.0
13,7,4.0,0.0
13,8,2.0,0.0
13,9,2.0,0.0
13,10,2.0,0.0
13,11,4.0,0.0
13,12,4.0,0.0
13,13,3.0,0.0
13,14,2.0,0.0
13,15,1.0,0.0
13,16,4.0,0.0
13,17,4.0,0.0
13,18,1.0,0.0
13,19,2.0,0.0
13,20,2.0,0.0
13,21,5.0,0.0
13,22,4.0,0.0
13,23,2.0,0.0
13,24,1.0,0.0
13,25,1.0,0.0
13,26,2.0,0.0
13,27,4.0,0.0
13,28,1.0,0.0
13,29,1.0,0.0
13,30,1.0,0.0
14,1,4.0,0.0
14,2,4.0,0.0
14,3,3.0,0.0
14,4,2.0,0.0
14,5,2.0,0.0
14,6,4.0,0.0
14,7,4.0,0.0
14,8,4.0,0.0
14,9,2.0,0.0
14,10,4.0,0.0
14,11,4.0,0.0
14,12,4.0,0.0
14,13,4.0,0.0
14,14,3.0,0.0
14,15,3.0,0.0
14,16,4.0,0.0
14,17,5.0,0.0
14,18,4.0,0.0
14,19,4.0,0.0
14,20,4.0,0.0
14,21,5.0,0.0
14,22,4.0,0.0
14,23,4.0,0.0
14,24,2.0,0.0
14,25,2.0,0.0
14,26,4.0,0.0
14,27,4.0,0.0
14,28,4.0,0.0
14,29,3.0,0.0
14,30,3.0,0.0
15,1,4.0,0.0
15,2,4.0,0.0
15,3,2.0,0.0
15,4,2.0,0.0
15,5,2.0,0.0
15,6,4.0,0.0
15,7,4.0,0.0
15,8,2.0,0.0
15,9,2.0,0.0
15,10,2.0,0.0
15,11,4.0,0.0
15,12,4.0,0.0
15,13,2.0,0.0
15,14,2.0,0.0
15,15,2.0,0.0
15,16,4.0,0.0
15,17,4.0,0.0
15,18,3.0,0.0
15,19,3.0,0.0
15,20,3.0,0.0
15,21,5.0,0.0
15,22,4.0,0.0
15,23,2.0,0.0
15,24,1.0,0.0
15,25,1.0,0.0
15,26,2.0,0.0
15,27,4.0,0.0
15,28,1.0,0.0
15,29,2.0,0.0
15,30,2.0,0.0
16,1,4.0,0.0
16,2,4.0,0.0
16,3,1.0,0.0
16,4,1.0,0.0
16,5,1.0,0.0
16,6,4.0,0.0
16,7,4.0,0.0
16,8,2.0,0.0
16,9,1.5,0.5270462766947299
16,10,1.0,0.0
16,11,4.0,0.0
16,12,4.0,0.0
16,13,2.0,0.0
16,14,1.0,0.0
16,15,1.0,0.0
16,16,4.0,0.0
16,17,4.0,0.0
16,18,2.0,0.0
16,19,3.0,0.0
16,20,2.0,0.0
16,21,5.0,0.0
16,22,4.0,0.0
16,23,2.0,0.0
16,24,1.0,0.0
16,25,2.0,0.0
16,26,2.0,0.0
16,27,4.0,0.0
16,28,1.0,0.0
16,29,1.9,0.31622776601683794
16,30,2.0,0.0
17,1,5.0,0.0
17,2,5.0,0.0
17,3,1.0,0.0
17,4,2.0,0.0
17,5,1.0,0.0
17,6,5.0,0.0
17,7,5.0,0.0
17,8,2.0,0.0
17,9,2.0,0.0
17,10,2.0,0.0
17,11,5.0,0.0
17,12,4.0,0.0
17,13,3.0,0.0
17,14,3.0,0.0
17,15,2.0,0.0
17,16,5.0,0.0
17,17,5.0,0.0
17,18,3.0,0.0
17,19,4.0,0.0
17,20,2.0,0.0
17,21,5.0,0.0
17,22,4.0,0.0
17,23,2.0,0.0
17,24,1.0,0.0
17,25,1.0,0.0
17,26,4.0,0.0
17,27,4.0,0.0
17,28,1.0,0.0
17,29,1.0,0.0
17,30,3.0,0.0
18,1,4.0,0.0
18,2,4.0,0.0
18,3,3.0,0.0
18,4,2.0,0.0
18,5,1.0,0.0
18,6,4.0,0.0
18,7,4.0,0.0
18,8,2.0,0.0
18,9,1.6,0.5163977794943223
18,10,2.0,0.0
18,11,4.0,0.0
18,12,4.0,0.0
18,13,2.8,0.4216370213557839
18,14,2.0,0.0
18,15,2.0,0.0
18,16,4.0,0.0
18,17,5.0,0.0
18,18,3.0,0.0
18,19,4.0,0.0
18,20,2.0,0.0
18,21,5.0,0.0
18,22,4.0,0.0
18,23,2.0,0.0
18,24,1.0,0.0
18,25,1.0,0.0
18,26,2.0,0.0
18,27,4.0,0.0
18,28,2.0,0.0
18,29,2.0,0.0
18,30,3.0,0.0
19,1,5.0,0.0
19,2,4.0,0.0
19,3,4.0,0.0
19,4,2.0,0.0
19,5,4.0,0.0
19,6,5.0,0.0
19,7,5.0,0.0
19,8,3.0,0.0
19,9,2.0,0.0
19,10,2.0,0.0
19,11,5.0,0.0
19,12,5.0,0.0
19,13,4.0,0.0
19,14,2.0,0.0
19,15,4.0,0.0
19,16,5.0,0.0
19,17,5.0,0.0
19,18,4.0,0.0
19,19,4.0,0.0
19,20,3.0,0.0
19,21,5.0,0.0
19,22,5.0,0.0
19,23,3.0,0.0
19,24,2.0,0.0
19,25,2.0,0.0
19,26,2.0,0.0
19,27,4.0,0.0
19,28,1.0,0.0
19,29,2.0,0.0
19,30,4.0,0.0
20,1,2.0,0.0
20,2,2.0,0.0
20,3,1.7,0.48304589153964794
20,4,4.0,0.0
20,5,2.0,0.0
20,6,2.0,0.0
20,7,2.0,0.0
20,8,3.0,0.0
20,9,4.0,0.0
20,10,2.0,0.0
20,11,2.0,0.0
20,12,2.0,0.0
20,13,4.0,0.0
20,14,4.0,0.0
20,15,1.0,0.0
20,16,4.0,0.0
20,17,4.0,0.0
20,18,4.0,0.0
20,19,4.0,0.0
20,20,4.0,0.0
20,21,5.0,0.0
20,22,4.0,0.0
20,23,4.0,0.0
20,24,2.0,0.0
20,25,2.0,0.0
20,26,5.0,0.0
20,27,2.0,0.0
20,28,4.0,0.0
20,29,4.0,0.0
20,30,2.0,0.0
21,1,4.0,0.0
21,2,4.0,0.0
21,3,2.0,0.0
21,4,2.0,0.0
21,5,2.0,0.0
21,6,4.0,0.0
21,7,4.0,0.0
21,8,2.0,0.0
21,9,3.0,0.0
21,10,2.0,0.0
21,11,4.0,0.0
21,12,5.0,0.0
21,13,3.0,0.0
21,14,2.0,0.0
21,15,2.0,0.0
21,16,4.0,0.0
21,17,5.0,0.0
21,18,4.0,0.0
21,19,3.0,0.0
21,20,2.0,0.0
21,21,5.0,0.0
21,22,4.0,0.0
21,23,2.0,0.0
21,24,2.0,0.0
21,25,2.0,0.0
21,26,3.0,0.0
21,27,4.0,0.0
21,28,2.0,0.0
21,29,2.0,0.0
21,30,3.0,0.0
22,1,4.0,0.0
22,2,4.0,0.0
22,3,2.0,0.0
22,4,2.0,0.0
22,5,1.0,0.0
22,6,4.0,0.0
22,7,4.0,0.0
22,8,2.0,0.0
22,9,2.0,0.0
22,10,2.0,0.0
22,11,4.0,0.0
22,12,4.0,0.0
22,13,3.0,0.0
22,14,4.0,0.0
22,15,2.0,0.0
22,16,4.0,0.0
22,17,4.0,0.0
22,18,4.0,0.0
22,19,4.0,0.0
22,20,2.0,0.0
22,21,5.0,0.0
22,22,4.0,0.0
22,23,2.0,0.0
22,24,1.0,0.0
22,25,2.0,0.0
22,26,4.0,0.0
22,27,4.0,0.0
22,28,2.0,0.0
22,29,2.0,0.0
22,30,3.0,0.0
23,1,4.0,0.0
23,2,4.0,0.0
23,3,2.0,0.0
23,4,2.0,0.0
23,5,2.0,0.0
23,6,4.0,0.0
23,7,4.0,0.0
23,8,2.0,0.0
23,9,2.0,0.0
23,10,2.0,0.0
23,11,4.0,0.0
23,12,4.0,0.0
23,13,3.0,0.0
23,14,2.0,0.0
23,15,1.0,0.0
23,16,4.0,0.0
23,17,4.0,0.0
23,18,3.0,0.0
23,19,3.0,0.0
23,20,2.0,0.0
23,21,5.0,0.0
23,22,4.0,0.0
23,23,3.0,0.0
23,24,2.0,0.0
23,25,1.0,0.0
23,26,2.0,0.0
23,27,3.0,0.0
23,28,1.0,0.0
23,29,1.0,0.0
23,30,2.0,0.0
24,1,4.0,0.0
24,2,4.0,0.0
24,3,3.0,0.0
24,4,2.0,0.0
24,5,2.0,0.0
24,6,4.8,0.4216370213557839
24,7,4.0,0.0
24,8,4.0,0.0
24,9,2.0,0.0
24,10,4.0,0.0
24,11,5.0,0.0
24,12,5.0,0.0
24,13,4.0,0.0
24,14,2.0,0.0
24,15,3.0,0.0
24,16,4.0,0.0
24,17,4.0,0.0
24,18,4.0,0.0
24,19,4.0,0.0
24,20,3.0,0.0
24,21,5.0,0.0
24,22,4.0,0.0
24,23,4.0,0.0
24,24,2.0,0.0
24,25,2.0,0.0
24,26,3.0,0.0
24,27,4.0,0.0
24,28,4.0,0.0
24,29,3.0,0.0
24,30,3.0,0.0
25,1,3.0,0.0
25,2,3.0,0.0
25,3,2.0,0.0
25,4,3.0,0.0
25,5,4.0,0.0
25,6,4.0,0.0
25,7,4.0,0.0
25,8,4.0,0.0
25,9,5.0,0.0
25,10,4.0,0.0
25,11,4.0,0.0
25,12,4.0,0.0
25,13,4.0,0.0
25,14,4.0,0.0
25,15,4.0,0.0
25,16,4.0,0.0
25,17,4.0,0.0
25,18,4.0,0.0
25,19,4.0,0.0
25,20,4.0,0.0
25,21,5.0,0.0
25,22,4.0,0.0
25,23,4.0,0.0
25,24,4.0,0.0
25,25,4.0,0.0
25,26,2.0,0.0
25,27,2.0,0.0
25,28,4.0,0.0
25,29,4.0,0.0
25,30,4.0,0.0
26,1,4.0,0.0
26,2,4.0,0.0
26,3,4.0,0.0
26,4,2.0,0.0
26,5,2.0,0.0
26,6,5.0,0.0
26,7,5.0,0.0
26,8,4.0,0.0
26,9,2.0,0.0
26,10,3.0,0.0
26,11,4.0,0.0
26,12,5.0,0.0
26,13,4.0,0.0
26,14,2.0,0.0
26,15,2.0,0.0
26,16,4.0,0.0
26,17,5.0,0.0
26,18,4.0,0.0
26,19,4.0,0.0
26,20,3.0,0.0
26,21,5.0,0.0
26,22,4.0,0.0
26,23,4.0,0.0
26,24,2.0,0.0
26,25,2.0,0.0
26,26,4.0,0.0
26,27,3.0,0.0
26,28,2.0,0.0
26,29,3.0,0.0
26,30,3.0,0.0
27,1,4.0,0.0
27,2,4.0,0.0
27,3,0.0,0.0
27,4,1.0,0.0
27,5,1.0,0.0
27,6,4.0,0.0
27,7,5.0,0.0
27,8,2.0,0.0
27,9,1.0,0.0
27,10,2.0,0.0
27,11,3.0,0.0
27,12,5.0,0.0
27,13,1.0,0.0
27,14,1.0,0.0
27,15,1.0,0.0
27,16,4.3,0.48304589153964794
27,17,5.0,0.0
27,18,2.0,0.0
27,19,2.0,0.0
27,20,2.0,0.0
27,21,4.3,0.48304589153964794
27,22,5.0,0.0
27,23,2.0,0.0
27,24,2.0,0.0
27,25,2.0,0.0
27,26,4.0,0.0
27,27,4.0,0.0
27,28,1.0,0.0
27,29,1.0,0.0
27,30,2.0,0.0
28,1,3.0,0.0
28,2,4.0,0.0
28,3,2.0,0.0
28,4,1.0,0.0
28,5,1.9,0.31622776601683794
28,6,4.0,0.0
28,7,4.0,0.0
28,8,1.0,0.0
28,9,2.0,0.0
28,10,1.3,0.4830458915396479
28,11,4.0,0.0
28,12,4.0,0.0
28,13,1.0,0.0
28,14,2.0,0.0
28,15,1.0,0.0
28,16,3.0,0.0
28,17,4.0,0.0
28,18,3.0,0.0
28,19,4.0,0.0
28,20,2.0,0.0
28,21,4.0,0.0
28,22,4.0,0.0
28,23,2.0,0.0
28,24,2.0,0.0
28,25,1.0,0.0
28,26,1.0,0.0
28,27,2.0,0.0
28,28,1.0,0.0
28,29,2.0,0.0
28,30,3.0,0.0
29,1,4.0,0.0
29,2,4.0,0.0
29,3,2.0,0.0
29,4,1.0,0.0
29,5,1.0,0.0
29,6,4.0,0.0
29,7,4.0,0.0
29,8,1.0,0.0
29,9,2.0,0.0
29,10,1.0,0.0
29,11,4.0,0.0
29,12,4.0,0.0
29,13,2.0,0.0
29,14,2.0,0.0
29,15,1.0,0.0
29,16,4.0,0.0
29,17,4.0,0.0
29,18,3.0,0.0
29,19,3.0,0.0
29,20,2.0,0.0
29,21,4.0,0.0
29,22,4.0,0.0
29,23,2.0,0.0
29,24,1.0,0.0
29,25,1.0,0.0
29,26,2.0,0.0
29,27,3.0,0.0
29,28,2.0,0.0
29,29,1.0,0.0
29,30,2.0,0.0
30,1,3.0,0.0
30,2,5.0,0.0
30,3,1.0,0.0
30,4,1.0,0.0
30,5,2.0,0.0
30,6,4.0,0.0
30,7,5.0,0.0
30,8,1.0,0.0
30,9,2.0,0.0
30,10,2.0,0.0
30,11,4.0,0.0
30,12,5.0,0.0
30,13,1.0,0.0
30,14,2.0,0.0
30,15,0.2,0.42163702135578396
30,16,4.0,0.0
30,17,5.0,0.0
30,18,3.0,0.0
30,19,4.0,0.0
30,20,2.0,0.0
30,21,4.0,0.0
30,22,4.0,0.0
30,23,1.0,0.0
30,24,1.0,0.0
30,25,1.0,0.0
30,26,4.0,0.0
30,27,4.0,0.0
30,28,1.0,0.0
30,29,2.0,0.0
30,30,2.0,0.0
31,1,4.0,0.0
31,2,4.1,0.31622776601683794
31,3,2.0,0.0
31,4,2.0,0.0
31,5,2.0,0.0
31,6,4.0,0.0
31,7,5.0,0.0
31,8,2.0,0.0
31,9,2.0,0.0
31,10,2.0,0.0
31,11,4.3,0.48304589153964794
31,12,5.0,0.0
31,13,3.0,0.0
31,14,2.0,0.0
31,15,1.0,0.0
31,16,4.0,0.0
31,17,4.0,0.0
31,18,2.0,0.0
31,19,3.0,0.0
31,20,2.0,0.0
31,21,4.5,0.5270462766947299
31,22,4.0,0.0
31,23,2.0,0.0
31,24,1.0,0.0
31,25,1.0,0.0
31,26,2.0,0.0
31,27,4.0,0.0
31,28,1.0,0.0
31,29,1.0,0.0
31,30,2.0,0.0
32,1,4.0,0.0
32,2,4.0,0.0
32,3,1.1,0.31622776601683794
32,4,1.0,0.0
32,5,1.0,0.0
32,6,4.0,0.0
32,7,4.0,0.0
32,8,1.0,0.0
32,9,1.0,0.0
32,10,1.3,0.48304589153964794
32,11,4.0,0.0
32,12,4.0,0.0
32,13,1.0,0.0
32,14,2.0,0.0
32,15,1.0,0.0
32,16,4.0,0.0
32,17,4.0,0.0
32,18,3.0,0.0
32,19,3.0,0.0
32,20,2.0,0.0
32,21,5.0,0.0
32,22,4.0,0.0
32,23,2.0,0.0
32,24,1.0,0.0
32,25,1.0,0.0
32,26,1.0,0.0
32,27,4.0,0.0
32,28,1.0,0.0
32,29,1.0,0.0
32,30,2.0,0.0
33,1,4.0,0.0
33,2,4.0,0.0
33,3,2.0,0.0
33,4,1.0,0.0
33,5,1.6,0.5163977794943223
33,6,4.0,0.0
33,7,4.0,0.0
33,8,2.0,0.0
33,9,1.0,0.0
33,10,2.0,0.0
33,11,4.0,0.0
33,12,4.0,0.0
33,13,3.0,0.0
33,14,2.0,0.0
33,15,1.0,0.0
33,16,4.0,0.0
33,17,4.0,0.0
33,18,3.0,0.0
33,19,3.0,0.0
33,20,3.0,0.0
33,21,5.0,0.0
33,22,4.0,0.0
33,23,3.0,0.0
33,24,1.0,0.0
33,25,2.0,0.0
33,26,3.0,0.0
33,27,4.0,0.0
33,28,1.9,0.31622776601683794
33,29,1.0,0.0
33,30,3.0,0.0
34,1,4.0,0.0
34,2,3.0,0.0
34,3,2.0,0.0
34,4,1.0,0.0
34,5,2.0,0.0
34,6,4.0,0.0
34,7,4.0,0.0
34,8,1.0,0.0
34,9,3.0,0.0
34,10,2.0,0.0
34,11,4.0,0.0
34,12,4.0,0.0
34,13,3.0,0.0
34,14,2.0,0.0
34,15,1.0,0.0
34,16,4.0,0.0
34,17,4.0,0.0
34,18,4.0,0.0
34,19,4.0,0.0
34,20,3.0,0.0
34,21,4.0,0.0
34,22,4.0,0.0
34,23,4.0,0.0
34,24,1.2,0.4216370213557839
34,25,2.0,0.0
34,26,4.0,0.0
34,27,4.0,0.0
34,28,2.0,0.0
34,29,2.0,0.0
34,30,3.0,0.0
35,1,4.0,0.0
35,2,3.0,0.0
35,3,0.0,0.0
35,4,1.0,0.0
35,5,2.0,0.0
35,6,4.0,0.0
35,7,4.0,0.0
35,8,2.0,0.0
35,9,3.0,0.0
35,10,2.0,0.0
35,11,4.0,0.0
35,12,2.0,0.0
35,13,4.0,0.0
35,14,5.0,0.0
35,15,2.0,0.0
35,16,4.0,0.0
35,17,4.0,0.0
35,18,3.0,0.0
35,19,3.0,0.0
35,20,3.0,0.0
35,21,5.0,0.0
35,22,4.0,0.0
35,23,3.0,0.0
35,24,2.0,0.0
35,25,2.0,0.0
35,26,4.0,0.0
35,27,4.0,0.0
35,28,3.0,0.0
35,29,2.0,0.0
35,30,2.0,0.0
36,1,4.0,0.0
36,2,4.0,0.0
36,3,1.9,0.31622776601683794
36,4,1.0,0.0
36,5,1.0,0.0
36,6,4.0,0.0
36,7,5.0,0.0
36,8,1.1,0.31622776601683794
36,9,2.0,0.0
36,10,2.0,0.0
36,11,5.0,0.0
36,12,4.0,0.0
36,13,4.0,0.0
36,14,2.1,0.31622776601683794
36,15,1.0,0.0
36,16,4.0,0.0
36,17,5.0,0.0
36,18,4.0,0.0
36,19,4.0,0.0
36,20,3.0,0.0
36,21,5.0,0.0
36,22,4.0,0.0
36,23,3.0,0.0
36,24,2.0,0.0
36,25,1.0,0.0
36,26,4.0,0.0
36,27,4.0,0.0
36,28,2.0,0.0
36,29,3.0,0.0
36,30,3.0,0.0
37,1,5.0,0.0
37,2,5.0,0.0
37,3,2.0,0.0
37,4,2.0,0.0
37,5,2.0,0.0
37,6,5.0,0.0
37,7,5.0,0.0
37,8,2.4,0.5163977794943223
37,9,1.0,0.0
37,10,2.0,0.0
37,11,5.0,0.0
37,12,5.0,0.0
37,13,3.0,0.0
37,14,4.0,0.0
37,15,2.0,0.0
37,16,4.0,0.0
37,17,5.0,0.0
37,18,3.0,0.0
37,19,4.0,0.0
37,20,2.1,0.31622776601683794
37,21,5.0,0.0
37,22,4.0,0.0
37,23,2.0,0.0
37,24,2.0,0.0
37,25,1.0,0.0
37,26,3.0,0.0
37,27,4.0,0.0
37,28,1.0,0.0
37,29,1.0,0.0
37,30,3.0,0.0
38,1,4.0,0.0
38,2,4.0,0.0
38,3,2.0,0.0
38,4,1.0,0.0
38,5,1.0,0.0
38,6,5.0,0.0
38,7,4.0,0.0
38,8,2.0,0.0
38,9,1.0,0.0
38,10,2.0,0.0
38,11,5.0,0.0
38,12,5.0,0.0
38,13,4.0,0.0
38,14,2.0,0.0
38,15,2.0,0.0
38,16,4.0,0.0
38,17,5.0,0.0
38,18,3.0,0.0
38,19,3.0,0.0
38,20,2.0,0.0
38,21,5.0,0.0
38,22,4.0,0.0
38,23,3.0,0.0
38,24,2.0,0.0
38,25,2.0,0.0
38,26,2.0,0.0
38,27,4.0,0.0
38,28,1.0,0.0
38,29,2.0,0.0
38,30,3.0,0.0
39,1,3.0,0.0
39,2,4.0,0.0
39,3,3.0,0.0
39,4,3.0,0.0
39,5,2.0,0.0
39,6,4.0,0.0
39,7,4.0,0.0
39,8,2.0,0.0
39,9,2.0,0.0
39,10,2.0,0.0
39,11,3.0,0.0
39,12,5.0,0.0
39,13,2.0,0.0
39,14,4.0,0.0
39,15,1.0,0.0
39,16,4.0,0.0
39,17,4.0,0.0
39,18,3.0,0.0
39,19,4.0,0.0
39,20,2.0,0.0
39,21,4.0,0.0
39,22,4.0,0.0
39,23,2.0,0.0
39,24,2.0,0.0
39,25,1.0,0.0
39,26,1.8,0.42163702135578396
39,27,2.0,0.0
39,28,2.0,0.0
39,29,2.0,0.0
39,30,2.0,0.0
40,1,3.0,0.0
40,2,4.0,0.0
40,3,2.0,0.0
40,4,1.0,0.0
40,5,1.0,0.0
40,6,4.0,0.0
40,7,4.0,0.0
40,8,1.0,0.0
40,9,1.0,0.0
40,10,1.0,0.0
40,11,2.0,0.0
40,12,4.0,0.0
40,13,1.0,0.0
40,14,2.0,0.0
40,15,0.0,0.0
40,16,3.0,0.0
40,17,4.0,0.0
40,18,2.0,0.0
40,19,3.0,0.0
40,20,1.0,0.0
40,21,4.0,0.0
40,22,4.0,0.0
40,23,2.0,0.0
40,24,1.0,0.0
40,25,0.0,0.0
40,26,1.3,0.4830458915396479
40,27,3.0,0.0
40,28,1.0,0.0
40,29,1.0,0.0
40,30,2.0,0.0
41,1,4.1,0.31622776601683794
41,2,4.0,0.0
41,3,2.0,0.0
41,4,2.0,0.0
41,5,2.0,0.0
41,6,5.0,0.0
41,7,4.0,0.0
41,8,2.0,0.0
41,9,2.0,0.0
41,10,1.0,0.0
41,11,5.0,0.0
41,12,4.1,0.31622776601683794
41,13,3.0,0.0
41,14,2.0,0.0
41,15,4.0,0.0
41,16,5.0,0.0
41,17,5.0,0.0
41,18,2.1,0.31622776601683794
41,19,4.0,0.0
41,20,2.2,0.4216370213557839
41,21,5.0,0.0
41,22,4.0,0.0
41,23,3.0,0.0
41,24,2.0,0.0
41,25,1.0,0.0
41,26,3.0,0.0
41,27,4.0,0.0
41,28,2.0,0.0
41,29,2.0,0.0
41,30,4.0,0.0
42,1,2.0,0.0
42,2,3.2,0.4216370213557839
42,3,0.0,0.0
42,4,1.0,0.0
42,5,0.0,0.0
42,6,3.0,0.0
42,7,4.0,0.0
42,8,0.0,0.0
42,9,1.0,0.0
42,10,0.0,0.0
42,11,4.0,0.0
42,12,3.0,0.0
42,13,1.0,0.0
42,14,4.0,0.0
42,15,0.0,0.0
42,16,4.0,0.0
42,17,5.0,0.0
42,18,-1.0,-1.0
42,19,3.0,0.0
42,20,3.0,0.0
42,21,5.0,0.0
42,22,4.0,0.0
42,23,3.0,0.0
42,24,0.0,0.0
42,25,0.0,0.0
42,26,-1.0,-1.0
42,27,-1.0,-1.0
42,28,2.0,0.0
42,29,2.0,0.0
42,30,2.0,0.0
43,1,3.0,0.0
43,2,4.0,0.0
43,3,2.0,0.0
43,4,2.0,0.0
43,5,2.0,0.0
43,6,4.0,0.0
43,7,4.0,0.0
43,8,2.0,0.0
43,9,2.0,0.0
43,10,2.0,0.0
43,11,3.0,0.0
43,12,5.0,0.0
43,13,2.0,0.0
43,14,3.0,0.0
43,15,1.0,0.0
43,16,3.0,0.0
43,17,4.0,0.0
43,18,2.0,0.0
43,19,3.0,0.0
43,20,2.0,0.0
43,21,4.0,0.0
43,22,4.0,0.0
43,23,1.0,0.0
43,24,2.0,0.0
43,25,1.0,0.0
43,26,1.0,0.0
43,27,3.0,0.0
43,28,1.0,0.0
43,29,1.0,0.0
43,30,2.0,0.0
44,1,5.0,0.0
44,2,4.0,0.0
44,3,3.0,0.0
44,4,1.9,0.31622776601683794
44,5,2.0,0.0
44,6,5.0,0.0
44,7,4.0,0.0
44,8,4.0,0.0
44,9,2.0,0.0
44,10,4.0,0.0
44,11,5.0,0.0
44,12,5.0,0.0
44,13,4.0,0.0
44,14,2.0,0.0
44,15,4.0,0.0
44,16,5.0,0.0
44,17,5.0,0.0
44,18,4.0,0.0
44,19,4.0,0.0
44,20,3.0,0.0
44,21,5.0,0.0
44,22,4.0,0.0
44,23,3.0,0.0
44,24,-1.0,-1.0
44,25,1.0,0.0
44,26,-1.0,-1.0
44,27,4.0,0.0
44,28,2.0,0.0
44,29,2.0,0.0
44,30,-1.0,-1.0
45,1,4.0,0.0
45,2,4.0,0.0
45,3,4.0,0.0
45,4,4.0,0.0
45,5,4.0,0.0
45,6,5.0,0.0
45,7,4.5,0.5270462766947299
45,8,4.0,0.0
45,9,4.0,0.0
45,10,3.0,0.0
45,11,5.0,0.0
45,12,4.0,0.0
45,13,4.7,0.48304589153964794
45,14,4.0,0.0
45,15,4.0,0.0
45,16,5.0,0.0
45,17,4.0,0.0
45,18,5.0,0.0
45,19,4.0,0.0
45,20,4.0,0.0
45,21,5.0,0.0
45,22,5.0,0.0
45,23,4.0,0.0
45,24,4.0,0.0
45,25,4.0,0.0
45,26,4.0,0.0
45,27,3.0,0.0
45,28,3.0,0.0
45,29,2.0,0.0
45,30,4.0,0.0
46,1,4.0,0.0
46,2,4.0,0.0
46,3,2.0,0.0
46,4,2.0,0.0
46,5,2.0,0.0
46,6,4.0,0.0
46,7,4.0,0.0
46,8,2.0,0.0
46,9,2.0,0.0
46,10,2.0,0.0
46,11,4.0,0.0
46,12,4.0,0.0
46,13,3.0,0.0
46,14,3.0,0.0
46,15,2.0,0.0
46,16,5.0,0.0
46,17,4.0,0.0
46,18,3.0,0.0
46,19,3.0,0.0
46,20,2.0,0.0
46,21,5.0,0.0
46,22,4.0,0.0
46,23,2.0,0.0
46,24,1.0,0.0
46,25,1.0,0.0
46,26,3.0,0.0
46,27,4.0,0.0
46,28,1.0,0.0
46,29,1.0,0.0
46,30,2.3,0.48304589153964794
47,1,4.0,0.0
47,2,4.0,0.0
47,3,4.0,0.0
47,4,3.0,0.0
47,5,4.0,0.0
47,6,4.0,0.0
47,7,4.0,0.0
47,8,4.0,0.0
47,9,4.0,0.0
47,10,3.0,0.0
47,11,4.0,0.0
47,12,4.0,0.0
47,13,4.0,0.0
47,14,4.0,0.0
47,15,4.0,0.0
47,16,4.0,0.0
47,17,5.0,0.0
47,18,4.0,0.0
47,19,4.0,0.0
47,20,4.0,0.0
47,21,5.0,0.0
47,22,4.0,0.0
47,23,4.0,0.0
47,24,2.0,0.0
47,25,2.0,0.0
47,26,3.0,0.0
47,27,4.0,0.0
47,28,2.0,0.0
47,29,2.0,0.0
47,30,4.0,0.0
48,1,4.0,0.0
48,2,3.0,0.0
48,3,2.0,0.0
48,4,1.0,0.0
48,5,1.0,0.0
48,6,4.0,0.0
48,7,4.0,0.0
48,8,1.0,0.0
48,9,1.0,0.0
48,10,1.0,0.0
48,11,4.0,0.0
48,12,4.0,0.0
48,13,2.0,0.0
48,14,4.0,0.0
48,15,1.0,0.0
48,16,4.0,0.0
48,17,4.0,0.0
48,18,3.0,0.0
48,19,3.0,0.0
48,20,2.0,0.0
48,21,5.0,0.0
48,22,4.0,0.0
48,23,2.0,0.0
48,24,1.0,0.0
48,25,1.0,0.0
48,26,2.0,0.0
48,27,4.0,0.0
48,28,1.0,0.0
48,29,1.0,0.0
48,30,3.0,0.0
49,1,4.0,0.0
49,2,4.0,0.0
49,3,2.0,0.0
49,4,1.0,0.0
49,5,2.0,0.0
49,6,4.0,0.0
49,7,4.0,0.0
49,8,2.0,0.0
49,9,1.0,0.0
49,10,2.0,0.0
49,11,4.0,0.0
49,12,4.0,0.0
49,13,2.0,0.0
49,14,2.0,0.0
49,15,2.0,0.0
49,16,4.0,0.0
49,17,4.0,0.0
49,18,2.0,0.0
49,19,3.0,0.0
49,20,2.0,0.0
49,21,5.0,0.0
49,22,4.0,0.0
49,23,3.0,0.0
49,24,2.0,0.0
49,25,3.0,0.0
49,26,2.0,0.0
49,27,4.0,0.0
49,28,2.0,0.0
49,29,1.0,0.0
49,30,2.0,0.0
50,1,4.0,0.0
50,2,4.0,0.0
50,3,4.0,0.0
50,4,3.0,0.0
50,5,2.8,0.4216370213557839
50,6,4.0,0.0
50,7,4.0,0.0
50,8,4.0,0.0
50,9,3.0,0.0
50,10,2.0,0.0
50,11,4.0,0.0
50,12,4.0,0.0
50,13,4.0,0.0
50,14,4.0,0.0
50,15,3.0,0.0
50,16,4.0,0.0
50,17,4.0,0.0
50,18,4.0,0.0
50,19,4.0,0.0
50,20,3.0,0.0
50,21,5.0,0.0
50,22,4.0,0.0
50,23,3.0,0.0
50,24,2.0,0.0
50,25,2.0,0.0
50,26,2.0,0.0
50,27,2.0,0.0
50,28,2.0,0.0
50,29,2.0,0.0
50,30,3.0,0.0
51,1,4.0,0.0
51,2,4.0,0.0
51,3,2.0,0.0
51,4,2.0,0.0
51,5,2.0,0.0
51,6,4.0,0.0
51,7,4.0,0.0
51,8,3.0,0.0
51,9,2.0,0.0
51,10,3.0,0.0
51,11,4.0,0.0
51,12,4.0,0.0
51,13,4.0,0.0
51,14,2.0,0.0
51,15,2.0,0.0
51,16,4.0,0.0
51,17,4.0,0.0
51,18,4.0,0.0
51,19,4.0,0.0
51,20,-1.0,-1.0
51,21,5.0,0.0
51,22,4.0,0.0
51,23,4.0,0.0
51,24,2.0,0.0
51,25,2.0,0.0
51,26,-1.0,-1.0
51,27,4.0,0.0
51,28,3.0,0.0
51,29,2.0,0.0
51,30,-1.0,-1.0
52,1,4.0,0.0
52,2,4.0,0.0
52,3,2.0,0.0
52,4,1.0,0.0
52,5,1.0,0.0
52,6,4.0,0.0
52,7,4.0,0.0
52,8,2.0,0.0
52,9,2.0,0.0
52,10,1.0,0.0
52,11,4.0,0.0
52,12,4.0,0.0
52,13,1.0,0.0
52,14,2.0,0.0
52,15,1.0,0.0
52,16,4.0,0.0
52,17,4.0,0.0
52,18,3.0,0.0
52,19,3.0,0.0
52,20,2.0,0.0
52,21,4.0,0.0
52,22,4.0,0.0
52,23,2.0,0.0
52,24,1.0,0.0
52,25,1.0,0.0
52,26,2.0,0.0
52,27,3.0,0.0
52,28,1.0,0.0
52,29,1.0,0.0
52,30,2.0,0.0
53,1,4.0,0.0
53,2,4.0,0.0
53,3,4.0,0.0
53,4,1.0,0.0
53,5,2.0,0.0
53,6,5.0,0.0
53,7,5.0,0.0
53,8,3.0,0.0
53,9,1.0,0.0
53,10,2.0,0.0
53,11,4.0,0.0
53,12,5.0,0.0
53,13,2.9,0.31622776601683794
53,14,2.0,0.0
53,15,1.0,0.0
53,16,4.0,0.0
53,17,4.0,0.0
53,18,5.0,0.0
53,19,2.0,0.0
53,20,2.0,0.0
53,21,5.0,0.0
53,22,5.0,0.0
53,23,3.0,0.0
53,24,2.0,0.0
53,25,2.0,0.0
53,26,2.0,0.0
53,27,4.0,0.0
53,28,1.0,0.0
53,29,1.0,0.0
53,30,2.0,0.0
54,1,4.0,0.0
54,2,4.0,0.0
54,3,2.0,0.0
54,4,1.0,0.0
54,5,1.0,0.0
54,6,4.0,0.0
54,7,4.0,0.0
54,8,1.0,0.0
54,9,1.0,0.0
54,10,1.0,0.0
54,11,4.0,0.0
54,12,4.0,0.0
54,13,2.0,0.0
54,14,2.0,0.0
54,15,2.0,0.0
54,16,4.0,0.0
54,17,4.0,0.0
54,18,3.0,0.0
54,19,3.0,0.0
54,20,2.0,0.0
54,21,5.0,0.0
54,22,4.0,0.0
54,23,2.0,0.0
54,24,1.0,0.0
54,25,2.0,0.0
54,26,3.0,0.0
54,27,3.0,0.0
54,28,1.0,0.0
54,29,1.0,0.0
54,30,2.0,0.0
55,1,3.0,0.0
55,2,4.0,0.0
55,3,2.0,0.0
55,4,2.0,0.0
55,5,2.0,0.0
55,6,4.0,0.0
55,7,4.0,0.0
55,8,3.0,0.0
55,9,2.0,0.0
55,10,2.0,0.0
55,11,4.0,0.0
55,12,4.0,0.0
55,13,3.0,0.0
55,14,3.0,0.0
55,15,2.0,0.0
55,16,4.0,0.0
55,17,4.0,0.0
55,18,3.0,0.0
55,19,4.0,0.0
55,20,2.0,0.0
55,21,5.0,0.0
55,22,4.0,0.0
55,23,3.0,0.0
55,24,2.0,0.0
55,25,1.0,0.0
55,26,2.0,0.0
55,27,2.0,0.0
55,28,2.0,0.0
55,29,2.0,0.0
55,30,3.0,0.0
56,1,4.0,0.0
56,2,4.0,0.0
56,3,2.0,0.0
56,4,1.0,0.0
56,5,1.0,0.0
56,6,5.0,0.0
56,7,5.0,0.0
56,8,2.0,0.0
56,9,1.0,0.0
56,10,2.0,0.0
56,11,4.0,0.0
56,12,5.0,0.0
56,13,4.0,0.0
56,14,2.0,0.0
56,15,4.0,0.0
56,16,5.0,0.0
56,17,5.0,0.0
56,18,3.0,0.0
56,19,4.0,0.0
56,20,2.0,0.0
56,21,5.0,0.0
56,22,4.0,0.0
56,23,4.0,0.0
56,24,3.0,0.0
56,25,2.0,0.0
56,26,3.4,0.5163977794943223
56,27,4.0,0.0
56,28,3.0,0.0
56,29,2.0,0.0
56,30,3.0,0.0
57,1,4.0,0.0
57,2,4.0,0.0
57,3,4.0,0.0
57,4,2.0,0.0
57,5,2.0,0.0
57,6,4.0,0.0
57,7,4.0,0.0
57,8,3.0,0.0
57,9,3.0,0.0
57,10,3.0,0.0
57,11,4.0,0.0
57,12,5.0,0.0
57,13,4.0,0.0
57,14,2.0,0.0
57,15,2.0,0.0
57,16,4.0,0.0
57,17,5.0,0.0
57,18,4.0,0.0
57,19,4.0,0.0
57,20,2.0,0.0
57,21,5.0,0.0
57,22,4.0,0.0
57,23,2.0,0.0
57,24,1.0,0.0
57,25,1.0,0.0
57,26,2.0,0.0
57,27,4.0,0.0
57,28,2.0,0.0
57,29,2.0,0.0
57,30,2.0,0.0
58,1,2.0,0.0
58,2,2.0,0.0
58,3,2.0,0.0
58,4,1.0,0.0
58,5,2.0,0.0
58,6,2.7,0.48304589153964794
58,7,3.0,0.0
58,8,1.0,0.0
58,9,2.0,0.0
58,10,2.0,0.0
58,11,4.0,0.0
58,12,2.0,0.0
58,13,2.0,0.0
58,14,2.0,0.0
58,15,1.0,0.0
58,16,4.0,0.0
58,17,4.0,0.0
58,18,3.0,0.0
58,19,3.0,0.0
58,20,2.0,0.0
58,21,5.0,0.0
58,22,4.0,0.0
58,23,3.0,0.0
58,24,2.0,0.0
58,25,2.0,0.0
58,26,2.0,0.0
58,27,2.0,0.0
58,28,2.0,0.0
58,29,2.0,0.0
58,30,2.0,0.0
59,1,4.0,0.0
59,2,4.0,0.0
59,3,2.0,0.0
59,4,1.0,0.0
59,5,1.0,0.0
59,6,4.0,0.0
59,7,4.0,0.0
59,8,2.0,0.0
59,9,2.0,0.0
59,10,2.0,0.0
59,11,5.0,0.0
59,12,4.0,0.0
59,13,3.0,0.0
59,14,2.0,0.0
59,15,1.0,0.0
59,16,4.0,0.0
59,17,5.0,0.0
59,18,3.0,0.0
59,19,3.0,0.0
59,20,2.0,0.0
59,21,5.0,0.0
59,22,4.0,0.0
59,23,3.0,0.0
59,24,1.0,0.0
59,25,2.0,0.0
59,26,2.0,0.0
59,27,4.0,0.0
59,28,1.0,0.0
59,29,2.0,0.0
59,30,2.0,0.0
60,1,2.0,0.0
60,2,3.0,0.0
60,3,3.0,0.0
60,4,3.0,0.0
60,5,1.0,0.0
60,6,2.0,0.0
60,7,3.0,0.0
60,8,3.0,0.0
60,9,2.0,0.0
60,10,2.0,0.0
60,11,2.0,0.0
60,12,3.0,0.0
60,13,4.0,0.0
60,14,3.0,0.0
60,15,1.0,0.0
60,16,3.0,0.0
60,17,4.0,0.0
60,18,4.0,0.0
60,19,4.0,0.0
60,20,2.3,0.48304589153964794
60,21,4.0,0.0
60,22,4.0,0.0
60,23,4.0,0.0
60,24,2.0,0.0
60,25,1.0,0.0
60,26,4.0,0.0
60,27,2.0,0.0
60,28,2.0,0.0
60,29,4.0,0.0
60,30,3.0,0.0
61,1,2.0,0.0
61,2,3.0,0.0
61,3,2.0,0.0
61,4,1.0,0.0
61,5,1.0,0.0
61,6,2.1,0.31622776601683794
61,7,3.0,0.0
61,8,2.0,0.0
61,9,1.0,0.0
61,10,1.0,0.0
61,11,3.0,0.0
61,12,4.0,0.0
61,13,2.0,0.0
61,14,2.0,0.0
61,15,1.0,0.0
61,16,4.0,0.0
61,17,4.0,0.0
61,18,3.0,0.0
61,19,3.0,0.0
61,20,2.0,0.0
61,21,4.5,0.5270462766947299
61,22,4.0,0.0
61,23,2.0,0.0
61,24,1.0,0.0
61,25,1.0,0.0
61,26,2.0,0.0
61,27,3.0,0.0
61,28,1.0,0.0
61,29,2.0,0.0
61,30,3.0,0.0
62,1,4.0,0.0
62,2,4.0,0.0
62,3,2.0,0.0
62,4,2.0,0.0
62,5,1.0,0.0
62,6,4.0,0.0
62,7,4.0,0.0
62,8,3.0,0.0
62,9,1.3,0.4830458915396479
62,10,2.0,0.0
62,11,4.0,0.0
62,12,4.0,0.0
62,13,3.0,0.0
62,14,2.0,0.0
62,15,2.0,0.0
62,16,4.0,0.0
62,17,4.0,0.0
62,18,4.0,0.0
62,19,4.0,0.0
62,20,3.0,0.0
62,21,5.0,0.0
62,22,4.0,0.0
62,23,3.0,0.0
62,24,2.0,0.0
62,25,2.0,0.0
62,26,4.0,0.0
62,27,3.0,0.0
62,28,2.0,0.0
62,29,2.0,0.0
62,30,3.0,0.0
63,1,4.0,0.0
63,2,5.0,0.0
63,3,2.0,0.0
63,4,1.0,0.0
63,5,1.0,0.0
63,6,5.0,0.0
63,7,5.0,0.0
63,8,2.0,0.0
63,9,1.0,0.0
63,10,1.0,0.0
63,11,3.0,0.0
63,12,5.0,0.0
63,13,1.0,0.0
63,14,2.0,0.0
63,15,1.0,0.0
63,16,4.0,0.0
63,17,5.0,0.0
63,18,2.0,0.0
63,19,3.0,0.0
63,20,1.0,0.0
63,21,4.0,0.0
63,22,4.0,0.0
63,23,2.0,0.0
63,24,1.0,0.0
63,25,1.0,0.0
63,26,2.0,0.0
63,27,4.0,0.0
63,28,1.0,0.0
63,29,1.0,0.0
63,30,2.0,0.0
64,1,4.0,0.0
64,2,4.0,0.0
64,3,1.0,0.0
64,4,1.0,0.0
64,5,1.0,0.0
64,6,4.0,0.0
64,7,4.0,0.0
64,8,2.0,0.0
64,9,1.2,0.4216370213557839
64,10,3.0,0.0
64,11,4.0,0.0
64,12,4.0,0.0
64,13,1.0,0.0
64,14,2.0,0.0
64,15,1.0,0.0
64,16,4.0,0.0
64,17,4.0,0.0
64,18,4.0,0.0
64,19,3.0,0.0
64,20,2.0,0.0
64,21,5.0,0.0
64,22,4.0,0.0
64,23,2.0,0.0
64,24,1.0,0.0
64,25,1.0,0.0
64,26,3.0,0.0
64,27,4.0,0.0
64,28,1.0,0.0
64,29,1.0,0.0
64,30,2.0,0.0
65,1,4.0,0.0
65,2,4.0,0.0
65,3,3.0,0.0
65,4,2.0,0.0
65,5,2.0,0.0
65,6,4.0,0.0
65,7,4.0,0.0
65,8,3.0,0.0
65,9,3.0,0.0
65,10,3.0,0.0
65,11,5.0,0.0
65,12,4.0,0.0
65,13,4.0,0.0
65,14,2.0,0.0
65,15,2.0,0.0
65,16,4.0,0.0
65,17,4.0,0.0
65,18,4.0,0.0
65,19,3.0,0.0
65,20,3.0,0.0
65,21,5.0,0.0
65,22,4.0,0.0
65,23,4.0,0.0
65,24,2.0,0.0
65,25,1.0,0.0
65,26,3.0,0.0
65,27,4.0,0.0
65,28,1.0,0.0
65,29,1.0,0.0
65,30,2.0,0.0
66,1,3.0,0.0
66,2,3.0,0.0
66,3,2.0,0.0
66,4,1.0,0.0
66,5,1.0,0.0
66,6,4.0,0.0
66,7,3.0,0.0
66,8,2.0,0.0
66,9,1.0,0.0
66,10,1.0,0.0
66,11,4.0,0.0
66,12,3.0,0.0
66,13,1.0,0.0
66,14,2.0,0.0
66,15,1.0,0.0
66,16,4.0,0.0
66,17,4.0,0.0
66,18,3.0,0.0
66,19,3.0,0.0
66,20,2.0,0.0
66,21,5.0,0.0
66,22,4.0,0.0
66,23,2.0,0.0
66,24,1.3,0.4830458915396479
66,25,2.0,0.0
66,26,4.0,0.0
66,27,3.0,0.0
66,28,2.0,0.0
66,29,2.0,0.0
66,30,2.0,0.0
67,1,4.0,0.0
67,2,4.0,0.0
67,3,2.0,0.0
67,4,1.0,0.0
67,5,1.0,0.0
67,6,4.3,0.48304589153964794
67,7,4.0,0.0
67,8,1.0,0.0
67,9,2.0,0.0
67,10,2.0,0.0
67,11,4.0,0.0
67,12,5.0,0.0
67,13,2.0,0.0
67,14,2.0,0.0
67,15,1.0,0.0
67,16,4.0,0.0
67,17,4.0,0.0
67,18,3.0,0.0
67,19,3.0,0.0
67,20,2.0,0.0
67,21,5.0,0.0
67,22,4.0,0.0
67,23,2.0,0.0
67,24,1.0,0.0
67,25,1.0,0.0
67,26,3.0,0.0
67,27,4.0,0.0
67,28,2.0,0.0
67,29,1.0,0.0
67,30,3.0,0.0
68,1,4.0,0.0
68,2,4.0,0.0
68,3,2.0,0.0
68,4,2.0,0.0
68,5,1.0,0.0
68,6,4.0,0.0
68,7,4.0,0.0
68,8,3.0,0.0
68,9,2.0,0.0
68,10,2.0,0.0
68,11,4.0,0.0
68,12,4.0,0.0
68,13,3.8,0.4216370213557839
68,14,2.0,0.0
68,15,2.0,0.0
68,16,4.0,0.0
68,17,4.0,0.0
68,18,3.0,0.0
68,19,4.0,0.0
68,20,2.0,0.0
68,21,5.0,0.0
68,22,4.0,0.0
68,23,3.0,0.0
68,24,2.0,0.0
68,25,1.0,0.0
68,26,3.0,0.0
68,27,4.0,0.0
68,28,2.0,0.0
68,29,2.0,0.0
68,30,2.0,0.0
69,1,4.0,0.0
69,2,4.0,0.0
69,3,2.0,0.0
69,4,1.0,0.0
69,5,1.0,0.0
69,6,4.0,0.0
69,7,4.0,0.0
69,8,2.0,0.0
69,9,2.0,0.0
69,10,2.0,0.0
69,11,4.0,0.0
69,12,4.0,0.0
69,13,2.0,0.0
69,14,2.0,0.0
69,15,1.0,0.0
69,16,4.0,0.0
69,17,4.0,0.0
69,18,3.0,0.0
69,19,3.0,0.0
69,20,2.0,0.0
69,21,5.0,0.0
69,22,4.0,0.0
69,23,3.0,0.0
69,24,2.0,0.0
69,25,1.0,0.0
69,26,3.0,0.0
69,27,3.0,0.0
69,28,2.0,0.0
69,29,2.0,0.0
69,30,2.9,0.31622776601683794
70,1,5.0,0.0
70,2,5.0,0.0
70,3,2.0,0.0
70,4,1.0,0.0
70,5,1.7,0.4830458915396479
70,6,5.0,0.0
70,7,5.0,0.0
70,8,2.0,0.0
70,9,2.0,0.0
70,10,2.0,0.0
70,11,5.0,0.0
70,12,5.0,0.0
70,13,3.0,0.0
70,14,2.0,0.0
70,15,2.0,0.0
70,16,5.0,0.0
70,17,5.0,0.0
70,18,2.0,0.0
70,19,3.0,0.0
70,20,2.0,0.0
70,21,5.0,0.0
70,22,4.0,0.0
70,23,2.0,0.0
70,24,1.0,0.0
70,25,1.0,0.0
70,26,2.0,0.0
70,27,4.0,0.0
70,28,1.0,0.0
70,29,1.0,0.0
70,30,3.0,0.0
71,1,2.0,0.0
71,2,4.0,0.0
71,3,2.0,0.0
71,4,1.0,0.0
71,5,1.0,0.0
71,6,4.0,0.0
71,7,4.0,0.0
71,8,1.0,0.0
71,9,1.0,0.0
71,10,1.0,0.0
71,11,3.0,0.0
71,12,4.0,0.0
71,13,1.0,0.0
71,14,2.0,0.0
71,15,1.0,0.0
71,16,4.0,0.0
71,17,4.0,0.0
71,18,3.0,0.0
71,19,3.0,0.0
71,20,2.0,0.0
71,21,4.0,0.0
71,22,4.0,0.0
71,23,2.0,0.0
71,24,1.0,0.0
71,25,1.0,0.0
71,26,3.0,0.0
71,27,4.0,0.0
71,28,2.0,0.0
71,29,1.0,0.0
71,30,2.0,0.0
72,1,4.0,0.0
72,2,4.0,0.0
72,3,4.0,0.0
72,4,4.0,0.0
72,5,4.0,0.0
72,6,4.0,0.0
72,7,4.0,0.0
72,8,4.0,0.0
72,9,3.0,0.0
72,10,2.0,0.0
72,11,4.0,0.0
72,12,4.0,0.0
72,13,4.0,0.0
72,14,3.0,0.0
72,15,4.0,0.0
72,16,4.0,0.0
72,17,5.0,0.0
72,18,4.0,0.0
72,19,4.0,0.0
72,20,3.0,0.0
72,21,5.0,0.0
72,22,4.0,0.0
72,23,4.0,0.0
72,24,3.0,0.0
72,25,4.0,0.0
72,26,2.0,0.0
72,27,4.0,0.0
72,28,3.0,0.0
72,29,4.0,0.0
72,30,4.0,0.0
73,1,4.0,0.0
73,2,5.0,0.0
73,3,1.0,0.0
73,4,1.0,0.0
73,5,1.0,0.0
73,6,4.0,0.0
73,7,4.0,0.0
73,8,4.0,0.0
73,9,2.0,0.0
73,10,2.0,0.0
73,11,5.0,0.0
73,12,5.0,0.0
73,13,4.0,0.0
73,14,2.0,0.0
73,15,2.0,0.0
73,16,4.0,0.0
73,17,5.0,0.0
73,18,2.0,0.0
73,19,2.0,0.0
73,20,2.0,0.0
73,21,5.0,0.0
73,22,4.0,0.0
73,23,2.0,0.0
73,24,1.0,0.0
73,25,1.0,0.0
73,26,3.0,0.0
73,27,4.0,0.0
73,28,1.0,0.0
73,29,1.0,0.0
73,30,2.0,0.0
74,1,4.0,0.0
74,2,4.0,0.0
74,3,4.0,0.0
74,4,3.0,0.0
74,5,3.0,0.0
74,6,5.0,0.0
74,7,4.0,0.0
74,8,4.0,0.0
74,9,3.0,0.0
74,10,2.0,0.0
74,11,4.0,0.0
74,12,4.0,0.0
74,13,4.0,0.0
74,14,4.0,0.0
74,15,4.0,0.0
74,16,4.0,0.0
74,17,4.0,0.0
74,18,4.0,0.0
74,19,4.0,0.0
74,20,3.0,0.0
74,21,5.0,0.0
74,22,4.0,0.0
74,23,4.0,0.0
74,24,3.0,0.0
74,25,2.0,0.0
74,26,2.0,0.0
74,27,4.0,0.0
74,28,3.0,0.0
74,29,2.0,0.0
74,30,4.0,0.0
75,1,2.0,0.0
75,2,4.0,0.0
75,3,5.0,0.0
75,4,4.0,0.0
75,5,4.0,0.0
75,6,4.0,0.0
75,7,4.3,0.48304589153964794
75,8,5.0,0.0
75,9,4.0,0.0
75,10,4.0,0.0
75,11,4.0,0.0
75,12,4.0,0.0
75,13,5.0,0.0
75,14,3.2,1.0327955589886446
75,15,2.0,0.0
75,16,4.0,0.0
75,17,4.0,0.0
75,18,5.0,0.0
75,19,4.0,0.0
75,20,3.0,0.0
75,21,5.0,0.0
75,22,5.0,0.0
75,23,4.0,0.0
75,24,-1.0,-1.0
75,25,2.9,0.31622776601683794
75,26,-1.0,-1.0
75,27,4.0,0.0
75,28,4.0,0.0
75,29,2.0,0.0
75,30,-1.0,-1.0
76,1,4.0,0.0
76,2,4.0,0.0
76,3,2.0,0.0
76,4,4.0,0.0
76,5,4.0,0.0
76,6,5.0,0.0
76,7,4.0,0.0
76,8,3.0,0.0
76,9,1.0,0.0
76,10,2.0,0.0
76,11,5.0,0.0
76,12,4.0,0.0
76,13,4.0,0.0
76,14,2.0,0.0
76,15,5.0,0.0
76,16,4.0,0.0
76,17,4.0,0.0
76,18,3.0,0.0
76,19,5.0,0.0
76,20,4.0,0.0
76,21,5.0,0.0
76,22,4.0,0.0
76,23,3.0,0.0
76,24,4.0,0.0
76,25,4.0,0.0
76,26,2.0,0.0
76,27,4.0,0.0
76,28,2.0,0.0
76,29,1.0,0.0
76,30,5.0,0.0
77,1,4.0,0.0
77,2,4.0,0.0
77,3,2.0,0.0
77,4,2.0,0.0
77,5,1.2,0.42163702135578396
77,6,4.0,0.0
77,7,4.0,0.0
77,8,2.0,0.0
77,9,2.0,0.0
77,10,2.0,0.0
77,11,4.0,0.0
77,12,5.0,0.0
77,13,2.4,0.5163977794943223
77,14,2.0,0.0
77,15,2.0,0.0
77,16,4.0,0.0
77,17,5.0,0.0
77,18,3.0,0.0
77,19,4.0,0.0
77,20,2.0,0.0
77,21,5.0,0.0
77,22,4.0,0.0
77,23,3.0,0.0
77,24,1.0,0.0
77,25,1.0,0.0
77,26,2.0,0.0
77,27,4.0,0.0
77,28,1.0,0.0
77,29,2.0,0.0
77,30,3.0,0.0
78,1,3.0,0.0
78,2,4.0,0.0
78,3,2.0,0.0
78,4,2.0,0.0
78,5,1.0,0.0
78,6,4.0,0.0
78,7,4.0,0.0
78,8,2.0,0.0
78,9,2.0,0.0
78,10,1.4,0.5163977794943223
78,11,4.0,0.0
78,12,5.0,0.0
78,13,1.0,0.0
78,14,2.0,0.0
78,15,1.0,0.0
78,16,4.0,0.0
78,17,4.0,0.0
78,18,3.0,0.0
78,19,4.0,0.0
78,20,2.0,0.0
78,21,5.0,0.0
78,22,4.0,0.0
78,23,2.0,0.0
78,24,2.0,0.0
78,25,2.0,0.0
78,26,2.0,0.0
78,27,3.0,0.0
78,28,2.0,0.0
78,29,2.0,0.0
78,30,2.0,0.0
79,1,4.0,0.0
79,2,4.0,0.0
79,3,1.0,0.0
79,4,2.0,0.0
79,5,1.0,0.0
79,6,4.0,0.0
79,7,4.0,0.0
79,8,2.0,0.0
79,9,2.0,0.0
79,10,2.0,0.0
79,11,4.0,0.0
79,12,4.0,0.0
79,13,2.0,0.0
79,14,2.0,0.0
79,15,1.0,0.0
79,16,4.0,0.0
79,17,4.0,0.0
79,18,2.0,0.0
79,19,2.0,0.0
79,20,2.0,0.0
79,21,5.0,0.0
79,22,4.0,0.0
79,23,2.0,0.0
79,24,1.0,0.0
79,25,1.0,0.0
79,26,2.0,0.0
79,27,4.0,0.0
79,28,1.0,0.0
79,29,1.0,0.0
79,30,2.0,0.0
80,1,4.0,0.0
80,2,5.0,0.0
80,3,2.0,0.0
80,4,1.0,0.0
80,5,1.0,0.0
80,6,5.0,0.0
80,7,5.0,0.0
80,8,1.0,0.0
80,9,1.0,0.0
80,10,1.0,0.0
80,11,4.0,0.0
80,12,5.0,0.0
80,13,1.0,0.0
80,14,2.0,0.0
80,15,2.0,0.0
80,16,4.0,0.0
80,17,5.0,0.0
80,18,2.0,0.0
80,19,3.0,0.0
80,20,1.0,0.0
80,21,4.0,0.0
80,22,4.0,0.0
80,23,2.0,0.0
80,24,2.0,0.0
80,25,1.0,0.0
80,26,2.0,0.0
80,27,4.0,0.0
80,28,1.0,0.0
80,29,1.0,0.0
80,30,2.0,0.0
81,1,4.0,0.0
81,2,4.0,0.0
81,3,2.0,0.0
81,4,2.0,0.0
81,5,2.0,0.0
81,6,4.0,0.0
81,7,4.0,0.0
81,8,2.0,0.0
81,9,1.8,0.42163702135578396
81,10,2.0,0.0
81,11,4.0,0.0
81,12,4.0,0.0
81,13,3.0,0.0
81,14,2.0,0.0
81,15,4.0,0.0
81,16,3.0,0.0
81,17,4.0,0.0
81,18,2.0,0.0
81,19,4.0,0.0
81,20,2.0,0.0
81,21,4.0,0.0
81,22,4.0,0.0
81,23,2.0,0.0
81,24,3.0,0.0
81,25,2.0,0.0
81,26,2.0,0.0
81,27,3.0,0.0
81,28,1.0,0.0
81,29,1.0,0.0
81,30,4.0,0.0
82,1,3.0,0.0
82,2,3.0,0.0
82,3,2.0,0.0
82,4,2.0,0.0
82,5,2.0,0.0
82,6,3.0,0.0
82,7,4.0,0.0
82,8,2.0,0.0
82,9,2.0,0.0
82,10,2.0,0.0
82,11,4.0,0.0
82,12,4.0,0.0
82,13,3.0,0.0
82,14,2.0,0.0
82,15,1.0,0.0
82,16,4.0,0.0
82,17,4.0,0.0
82,18,4.0,0.0
82,19,4.0,0.0
82,20,3.0,0.0
82,21,5.0,0.0
82,22,4.0,0.0
82,23,4.0,0.0
82,24,2.0,0.0
82,25,2.0,0.0
82,26,3.0,0.0
82,27,3.0,0.0
82,28,4.0,0.0
82,29,3.0,0.0
82,30,3.0,0.0
83,1,4.0,0.0
83,2,4.0,0.0
83,3,4.0,0.0
83,4,2.0,0.0
83,5,1.0,0.0
83,6,4.0,0.0
83,7,4.0,0.0
83,8,2.5,0.5270462766947299
83,9,3.0,0.0
83,10,2.0,0.0
83,11,3.0,0.0
83,12,4.0,0.0
83,13,2.0,0.0
83,14,3.0,0.0
83,15,1.0,0.0
83,16,4.0,0.0
83,17,4.0,0.0
83,18,4.0,0.0
83,19,4.0,0.0
83,20,2.0,0.0
83,21,5.0,0.0
83,22,4.0,0.0
83,23,2.0,0.0
83,24,2.0,0.0
83,25,2.0,0.0
83,26,4.0,0.0
83,27,3.0,0.0
83,28,2.0,0.0
83,29,2.0,0.0
83,30,3.0,0.0
84,1,4.0,0.0
84,2,4.0,0.0
84,3,4.0,0.0
84,4,3.0,0.0
84,5,3.0,0.0
84,6,4.0,0.0
84,7,4.0,0.0
84,8,3.0,0.0
84,9,2.0,0.0
84,10,2.0,0.0
84,11,4.0,0.0
84,12,4.0,0.0
84,13,4.0,0.0
84,14,2.0,0.0
84,15,4.0,0.0
84,16,4.0,0.0
84,17,5.0,0.0
84,18,3.0,0.0
84,19,4.0,0.0
84,20,4.0,0.0
84,21,5.0,0.0
84,22,4.0,0.0
84,23,3.0,0.0
84,24,2.0,0.0
84,25,3.0,0.0
84,26,2.0,0.0
84,27,3.4,0.5163977794943223
84,28,2.0,0.0
84,29,3.0,0.0
84,30,4.0,0.0
85,1,2.0,0.0
85,2,5.0,0.0
85,3,2.0,0.0
85,4,1.0,0.0
85,5,1.0,0.0
85,6,3.0,0.0
85,7,4.0,0.0
85,8,1.0,0.0
85,9,2.0,0.0
85,10,1.9,0.31622776601683794
85,11,3.0,0.0
85,12,4.0,0.0
85,13,1.0,0.0
85,14,2.0,0.0
85,15,0.2,0.42163702135578396
85,16,4.0,0.0
85,17,4.0,0.0
85,18,3.0,0.0
85,19,3.0,0.0
85,20,2.0,0.0
85,21,5.0,0.0
85,22,4.0,0.0
85,23,2.0,0.0
85,24,1.0,0.0
85,25,1.0,0.0
85,26,2.0,0.0
85,27,3.0,0.0
85,28,1.0,0.0
85,29,1.0,0.0
85,30,3.0,0.0
86,1,2.0,0.0
86,2,3.0,0.0
86,3,2.0,0.0
86,4,0.0,0.0
86,5,0.0,0.0
86,6,2.0,0.0
86,7,2.0,0.0
86,8,0.0,0.0
86,9,0.0,0.0
86,10,0.0,0.0
86,11,2.0,0.0
86,12,4.0,0.0
86,13,0.0,0.0
86,14,1.0,0.0
86,15,0.0,0.0
86,16,3.0,0.0
86,17,4.0,0.0
86,18,2.6,0.5163977794943223
86,19,3.0,0.0
86,20,2.0,0.0
86,21,5.0,0.0
86,22,4.0,0.0
86,23,2.0,0.0
86,24,2.0,0.0
86,25,1.0,0.0
86,26,2.0,0.0
86,27,3.0,0.0
86,28,1.0,0.0
86,29,2.0,0.0
86,30,2.0,0.0
87,1,4.0,0.0
87,2,4.0,0.0
87,3,4.0,0.0
87,4,4.0,0.0
87,5,3.0,0.0
87,6,5.0,0.0
87,7,5.0,0.0
87,8,4.0,0.0
87,9,2.0,0.0
87,10,3.0,0.0
87,11,5.0,0.0
87,12,5.0,0.0
87,13,4.0,0.0
87,14,4.0,0.0
87,15,3.1,0.31622776601683794
87,16,4.0,0.0
87,17,5.0,0.0
87,18,4.0,0.0
87,19,4.0,0.0
87,20,4.0,0.0
87,21,5.0,0.0
87,22,4.0,0.0
87,23,4.0,0.0
87,24,4.0,0.0
87,25,3.0,0.0
87,26,1.0,0.0
87,27,3.0,0.0
87,28,4.0,0.0
87,29,4.0,0.0
87,30,4.0,0.0
88,1,4.0,0.0
88,2,4.0,0.0
88,3,3.0,0.0
88,4,2.0,0.0
88,5,3.0,0.0
88,6,5.0,0.0
88,7,4.2,0.4216370213557839
88,8,4.0,0.0
88,9,3.0,0.0
88,10,2.0,0.0
88,11,5.0,0.0
88,12,4.0,0.0
88,13,4.0,0.0
88,14,4.0,0.0
88,15,2.0,0.0
88,16,5.0,0.0
88,17,5.0,0.0
88,18,4.0,0.0
88,19,4.0,0.0
88,20,3.0,0.0
88,21,5.0,0.0
88,22,4.0,0.0
88,23,3.0,0.0
88,24,2.0,0.0
88,25,2.0,0.0
88,26,2.0,0.0
88,27,4.0,0.0
88,28,4.0,0.0
88,29,2.0,0.0
88,30,3.0,0.0
89,1,4.0,0.0
89,2,4.0,0.0
89,3,2.0,0.0
89,4,2.0,0.0
89,5,2.0,0.0
89,6,4.0,0.0
89,7,4.0,0.0
89,8,2.0,0.0
89,9,2.0,0.0
89,10,2.0,0.0
89,11,4.0,0.0
89,12,4.0,0.0
89,13,4.0,0.0
89,14,2.0,0.0
89,15,2.0,0.0
89,16,4.0,0.0
89,17,4.0,0.0
89,18,3.0,0.0
89,19,3.9,0.31622776601683794
89,20,3.0,0.0
89,21,5.0,0.0
89,22,4.0,0.0
89,23,3.0,0.0
89,24,2.0,0.0
89,25,2.0,0.0
89,26,4.0,0.0
89,27,3.0,0.0
89,28,1.0,0.0
89,29,2.0,0.0
89,30,2.0,0.0
90,1,4.0,0.0
90,2,4.0,0.0
90,3,2.0,0.0
90,4,1.0,0.0
90,5,1.0,0.0
90,6,3.1,0.31622776601683794
90,7,4.0,0.0
90,8,1.0,0.0
90,9,1.0,0.0
90,10,1.0,0.0
90,11,3.0,0.0
90,12,4.0,0.0
90,13,2.0,0.0
90,14,2.0,0.0
90,15,0.0,0.0
90,16,3.0,0.0
90,17,4.7,0.48304589153964794
90,18,4.0,0.0
90,19,3.0,0.0
90,20,2.0,0.0
90,21,5.0,0.0
90,22,4.0,0.0
90,23,2.0,0.0
90,24,1.0,0.0
90,25,1.0,0.0
90,26,-1.0,-1.0
90,27,-1.0,-1.0
90,28,1.0,0.0
90,29,2.0,0.0
90,30,-1.0,-1.0
91,1,4.0,0.0
91,2,5.0,0.0
91,3,2.0,0.0
91,4,2.0,0.0
91,5,1.0,0.0
91,6,4.0,0.0
91,7,4.0,0.0
91,8,2.0,0.0
91,9,2.0,0.0
91,10,2.0,0.0
91,11,4.0,0.0
91,12,5.0,0.0
91,13,2.0,0.0
91,14,2.0,0.0
91,15,1.0,0.0
91,16,4.0,0.0
91,17,4.0,0.0
91,18,3.0,0.0
91,19,3.0,0.0
91,20,2.0,0.0
91,21,4.0,0.0
91,22,4.0,0.0
91,23,2.0,0.0
91,24,2.0,0.0
91,25,1.0,0.0
91,26,3.0,0.0
91,27,4.0,0.0
91,28,1.0,0.0
91,29,1.0,0.0
91,30,2.0,0.0
92,1,4.0,0.0
92,2,4.0,0.0
92,3,3.0,0.0
92,4,2.0,0.0
92,5,2.0,0.0
92,6,5.0,0.0
92,7,4.0,0.0
92,8,2.0,0.0
92,9,2.0,0.0
92,10,2.0,0.0
92,11,4.0,0.0
92,12,5.0,0.0
92,13,2.0,0.0
92,14,2.0,0.0
92,15,3.0,0.0
92,16,4.0,0.0
92,17,5.0,0.0
92,18,3.0,0.0
92,19,4.0,0.0
92,20,2.0,0.0
92,21,4.0,0.0
92,22,4.0,0.0
92,23,2.0,0.0
92,24,3.0,0.0
92,25,2.0,0.0
92,26,2.0,0.0
92,27,4.0,0.0
92,28,2.0,0.0
92,29,2.0,0.0
92,30,3.0,0.0
93,1,4.0,0.0
93,2,4.0,0.0
93,3,3.0,0.0
93,4,2.0,0.0
93,5,3.0,0.0
93,6,4.0,0.0
93,7,4.0,0.0
93,8,3.0,0.0
93,9,2.0,0.0
93,10,2.0,0.0
93,11,4.0,0.0
93,12,4.0,0.0
93,13,3.0,0.0
93,14,3.0,0.0
93,15,3.0,0.0
93,16,4.0,0.0
93,17,4.0,0.0
93,18,4.0,0.0
93,19,4.0,0.0
93,20,3.0,0.0
93,21,4.0,0.0
93,22,4.0,0.0
93,23,4.0,0.0
93,24,3.0,0.0
93,25,2.0,0.0
93,26,2.0,0.0
93,27,4.0,0.0
93,28,2.0,0.0
93,29,2.0,0.0
93,30,4.0,0.0
94,1,3.0,0.0
94,2,4.0,0.0
94,3,1.0,0.0
94,4,1.0,0.0
94,5,1.0,0.0
94,6,2.0,0.0
94,7,3.0,0.0
94,8,0.0,0.0
94,9,2.0,0.0
94,10,0.0,0.0
94,11,2.0,0.0
94,12,4.0,0.0
94,13,0.0,0.0
94,14,2.0,0.0
94,15,0.0,0.0
94,16,4.0,0.0
94,17,4.0,0.0
94,18,3.0,0.0
94,19,3.0,0.0
94,20,2.0,0.0
94,21,5.0,0.0
94,22,4.0,0.0
94,23,2.0,0.0
94,24,1.0,0.0
94,25,2.0,0.0
94,26,4.0,0.0
94,27,3.0,0.0
94,28,1.0,0.0
94,29,2.0,0.0
94,30,2.0,0.0
95,1,4.0,0.0
95,2,3.1,0.31622776601683794
95,3,1.8,0.4216370213557839
95,4,1.0,0.0
95,5,1.0,0.0
95,6,4.0,0.0
95,7,4.0,0.0
95,8,2.0,0.0
95,9,2.0,0.0
95,10,4.0,0.0
95,11,4.0,0.0
95,12,4.0,0.0
95,13,2.0,0.0
95,14,2.0,0.0
95,15,1.0,0.0
95,16,4.0,0.0
95,17,4.0,0.0
95,18,3.0,0.0
95,19,3.0,0.0
95,20,2.0,0.0
95,21,5.0,0.0
95,22,4.0,0.0
95,23,2.5,0.5270462766947299
95,24,-1.0,-1.0
95,25,0.0,0.0
95,26,-1.0,-1.0
95,27,-1.0,-1.0
95,28,1.0,0.0
95,29,2.0,0.0
95,30,-1.0,-1.0
96,1,3.0,0.0
96,2,4.0,0.0
96,3,1.0,0.0
96,4,2.0,0.0
96,5,1.0,0.0
96,6,4.0,0.0
96,7,5.0,0.0
96,8,2.0,0.0
96,9,2.0,0.0
96,10,1.0,0.0
96,11,3.0,0.0
96,12,5.0,0.0
96,13,2.0,0.0
96,14,3.0,0.0
96,15,1.0,0.0
96,16,4.0,0.0
96,17,4.0,0.0
96,18,3.0,0.0
96,19,4.0,0.0
96,20,2.0,0.0
96,21,4.0,0.0
96,22,4.0,0.0
96,23,2.0,0.0
96,24,1.0,0.0
96,25,1.0,0.0
96,26,2.0,0.0
96,27,3.0,0.0
96,28,2.0,0.0
96,29,2.0,0.0
96,30,2.0,0.0
97,1,4.0,0.0
97,2,4.0,0.0
97,3,4.0,0.0
97,4,2.0,0.0
97,5,2.0,0.0
97,6,5.0,0.0
97,7,4.0,0.0
97,8,3.0,0.0
97,9,2.0,0.0
97,10,2.0,0.0
97,11,4.0,0.0
97,12,4.0,0.0
97,13,4.0,0.0
97,14,3.0,0.0
97,15,2.0,0.0
97,16,4.0,0.0
97,17,4.0,0.0
97,18,3.0,0.0
97,19,4.0,0.0
97,20,2.0,0.0
97,21,5.0,0.0
97,22,4.0,0.0
97,23,3.0,0.0
97,24,1.0,0.0
97,25,1.0,0.0
97,26,2.0,0.0
97,27,3.0,0.0
97,28,2.0,0.0
97,29,3.0,0.0
97,30,3.0,0.0
98,1,4.0,0.0
98,2,4.0,0.0
98,3,2.0,0.0
98,4,2.0,0.0
98,5,1.0,0.0
98,6,4.0,0.0
98,7,4.0,0.0
98,8,2.0,0.0
98,9,2.0,0.0
98,10,2.0,0.0
98,11,4.0,0.0
98,12,4.0,0.0
98,13,3.7,0.48304589153964794
98,14,2.0,0.0
98,15,2.0,0.0
98,16,5.0,0.0
98,17,5.0,0.0
98,18,3.0,0.0
98,19,4.0,0.0
98,20,2.0,0.0
98,21,5.0,0.0
98,22,4.0,0.0
98,23,4.0,0.0
98,24,2.0,0.0
98,25,1.0,0.0
98,26,2.0,0.0
98,27,3.0,0.0
98,28,3.0,0.0
98,29,1.0,0.0
98,30,3.0,0.0
99,1,4.0,0.0
99,2,4.0,0.0
99,3,2.0,0.0
99,4,2.0,0.0
99,5,1.0,0.0
99,6,5.0,0.0
99,7,4.0,0.0
99,8,2.0,0.0
99,9,2.0,0.0
99,10,2.0,0.0
99,11,4.0,0.0
99,12,5.0,0.0
99,13,2.9,0.31622776601683794
99,14,2.0,0.0
99,15,1.0,0.0
99,16,4.0,0.0
99,17,4.0,0.0
99,18,4.0,0.0
99,19,3.0,0.0
99,20,2.0,0.0
99,21,5.0,0.0
99,22,4.0,0.0
99,23,2.0,0.0
99,24,2.0,0.0
99,25,1.0,0.0
99,26,2.0,0.0
99,27,4.0,0.0
99,28,2.0,0.0
99,29,2.0,0.0
99,30,3.0,0.0
