persona,question,average_score,uncertainty,relative_score
0,1,3.0,0.0,2.0
0,2,5.0,0.0,0.0
0,3,1.0,0.0,1.0
0,4,2.0,0.0,0.10000000000000009
0,5,1.0,0.0,1.0
0,6,4.8,0.4216370213557839,0.20000000000000018
0,7,5.0,0.0,0.0
0,8,2.0,0.0,0.0
0,9,2.0,0.0,0.0
0,10,1.9,0.31622776601683794,0.7999999999999998
0,11,2.7,0.48304589153964794,1.2999999999999998
0,12,5.0,0.0,0.0
0,13,2.0,0.0,0.0
0,14,4.0,0.0,1.0
0,15,1.0,0.0,1.0
0,16,4.0,0.0,1.0
0,17,5.0,0.0,0.0
0,18,4.0,0.0,1.0
0,19,3.0,0.0,1.0
0,20,2.0,0.0,0.10000000000000009
0,21,5.0,0.0,0.0
0,22,5.0,0.0,0.7000000000000002
0,23,3.0,0.0,0.6000000000000001
0,24,0.0,0.0,0.0
0,25,0.0,0.0,0.0
0,26,4.0,0.0,1.0
0,27,4.0,0.0,0.0
0,28,4.0,0.0,0.0
0,29,2.2,0.4216370213557839,0.7999999999999998
0,30,1.8,0.6324555320336759,1.2
1,1,5.0,0.0,0.0
1,2,5.0,0.0,0.0
1,3,3.0,0.0,1.0
1,4,2.0,0.0,0.10000000000000009
1,5,2.0,0.0,0.0
1,6,5.0,0.0,0.0
1,7,5.0,0.0,0.0
1,8,4.0,0.0,2.0
1,9,3.5,0.5270462766947299,1.5
1,10,3.1,0.31622776601683794,2.0
1,11,5.0,0.0,1.0
1,12,5.0,0.0,0.0
1,13,4.0,0.0,2.0
1,14,4.1,0.31622776601683794,1.0999999999999996
1,15,0.6,0.9660917830792959,0.6
1,16,5.0,0.0,0.0
1,17,5.0,0.0,0.0
1,18,3.0,0.0,0.0
1,19,2.2,0.4216370213557839,1.7999999999999998
1,20,2.0,0.0,0.10000000000000009
1,21,5.0,0.0,0.0
1,22,5.0,0.0,0.7000000000000002
1,23,3.0,0.0,0.6000000000000001
1,24,0.0,0.0,0.0
1,25,0.0,0.0,0.0
1,26,3.0,0.0,0.0
1,27,4.3,0.48304589153964794,0.2999999999999998
1,28,4.0,0.0,0.0
1,29,2.1,0.31622776601683794,0.8999999999999999
1,30,2.0,0.0,1.0
2,1,4.0,0.0,1.0
2,2,5.0,0.0,0.0
2,3,2.0,0.0,0.0
2,4,2.0,0.0,0.10000000000000009
2,5,2.0,0.0,0.0
2,6,5.0,0.0,0.0
2,7,4.9,0.31622776601683794,0.09999999999999964
2,8,3.0,0.0,1.0
2,9,2.8,0.4216370213557839,0.7999999999999998
2,10,2.0,0.0,0.8999999999999999
2,11,4.0,0.0,0.0
2,12,5.0,0.0,0.0
2,13,3.0,0.0,1.0
2,14,3.0,0.0,0.0
2,15,2.0,0.0,2.0
2,16,5.0,0.0,0.0
2,17,5.0,0.0,0.0
2,18,4.0,0.0,1.0
2,19,4.0,0.0,0.0
2,20,3.0,0.0,0.8999999999999999
2,21,5.0,0.0,0.0
2,22,4.2,0.4216370213557839,0.09999999999999964
2,23,4.0,0.0,1.6
2,24,0.0,0.0,0.0
2,25,0.3,0.48304589153964794,0.3
2,26,4.1,0.31622776601683794,1.0999999999999996
2,27,4.0,0.0,0.0
2,28,4.0,0.0,0.0
2,29,4.0,0.0,1.0
2,30,3.0,0.0,0.0
3,1,3.0,0.0,2.0
3,2,3.0,0.0,2.0
3,3,2.0,0.0,0.0
3,4,2.0,0.0,0.10000000000000009
3,5,1.1,0.31622776601683794,0.8999999999999999
3,6,5.0,0.0,0.0
3,7,3.4,0.5163977794943223,1.6
3,8,2.0,0.0,0.0
3,9,2.0,0.0,0.0
3,10,1.0,0.0,0.10000000000000009
3,11,4.0,0.0,0.0
3,12,2.9,0.7378647873726218,2.1
3,13,1.1,0.31622776601683794,0.8999999999999999
3,14,3.9,0.31622776601683794,0.8999999999999999
3,15,1.9,0.31622776601683794,1.9
3,16,5.0,0.0,0.0
3,17,4.0,0.0,1.0
3,18,5.0,0.0,2.0
3,19,3.0,0.0,1.0
3,20,2.0,0.0,0.10000000000000009
3,21,5.0,0.0,0.0
3,22,4.0,0.0,0.2999999999999998
3,23,3.0,0.0,0.6000000000000001
3,24,2.0,0.0,2.0
3,25,1.9,0.31622776601683794,1.9
3,26,3.0,0.0,0.0
3,27,4.0,0.0,0.0
3,28,4.0,0.0,0.0
3,29,2.0,0.0,1.0
3,30,2.6,0.5163977794943223,0.3999999999999999
4,1,3.3,0.48304589153964794,1.7000000000000002
4,2,4.9,0.31622776601683794,0.09999999999999964
4,3,2.7,0.48304589153964794,0.7000000000000002
4,4,3.0,0.0,1.1
4,5,3.0,0.0,1.0
4,6,5.0,0.0,0.0
4,7,4.0,0.0,1.0
4,8,4.0,0.0,2.0
4,9,4.0,0.0,2.0
4,10,2.0,0.0,0.8999999999999999
4,11,4.0,0.0,0.0
4,12,4.0,0.0,1.0
4,13,4.0,0.0,2.0
4,14,4.0,0.0,1.0
4,15,2.0,0.0,2.0
4,16,4.0,0.0,1.0
4,17,4.2,0.4216370213557839,0.7999999999999998
4,18,4.0,0.0,1.0
4,19,4.0,0.0,0.0
4,20,2.0,0.0,0.10000000000000009
4,21,5.0,0.0,0.0
4,22,4.0,0.0,0.2999999999999998
4,23,3.9,0.31622776601683794,1.5
4,24,4.0,0.0,4.0
4,25,0.1,0.31622776601683794,0.1
4,26,3.0,0.0,0.0
4,27,4.0,0.0,0.0
4,28,4.0,0.0,0.0
4,29,2.3,0.48304589153964794,0.7000000000000002
4,30,2.4,0.5163977794943223,0.6000000000000001
5,1,2.0,0.0,3.0
5,2,2.3,0.48304589153964794,2.7
5,3,1.0,0.0,1.0
5,4,1.0,0.0,0.8999999999999999
5,5,0.0,0.0,2.0
5,6,2.1,0.31622776601683794,2.9
5,7,2.0,0.0,3.0
5,8,1.0,0.0,1.0
5,9,1.0,0.0,1.0
5,10,0.0,0.0,1.1
5,11,1.6,0.5163977794943223,2.4
5,12,1.8,0.4216370213557839,3.2
5,13,1.0,0.0,1.0
5,14,2.2,0.4216370213557839,0.7999999999999998
5,15,0.0,0.0,0.0
5,16,3.9,0.31622776601683794,1.1
5,17,4.0,0.0,1.0
5,18,3.6,0.5163977794943223,0.6000000000000001
5,19,3.0,0.0,1.0
5,20,1.0,0.0,1.1
5,21,5.0,0.0,0.0
5,22,4.0,0.0,0.2999999999999998
5,23,3.0,0.0,0.6000000000000001
5,24,0.0,0.0,0.0
5,25,0.0,0.0,0.0
5,26,2.1,0.31622776601683794,0.8999999999999999
5,27,4.0,0.0,0.0
5,28,4.0,0.0,0.0
5,29,3.0,0.0,0.0
5,30,0.0,0.0,3.0
6,1,5.0,0.0,0.0
6,2,5.0,0.0,0.0
6,3,2.0,0.0,0.0
6,4,2.0,0.0,0.10000000000000009
6,5,2.0,0.0,0.0
6,6,5.0,0.0,0.0
6,7,5.0,0.0,0.0
6,8,3.0,0.0,1.0
6,9,3.0,0.0,1.0
6,10,2.0,0.0,0.8999999999999999
6,11,5.0,0.0,1.0
6,12,5.0,0.0,0.0
6,13,3.4,0.5163977794943223,1.4
6,14,3.0,0.0,0.0
6,15,2.0,0.0,2.0
6,16,5.0,0.0,0.0
6,17,5.0,0.0,0.0
6,18,4.0,0.0,1.0
6,19,4.0,0.0,0.0
6,20,1.4,0.5163977794943223,0.7000000000000002
6,21,5.0,0.0,0.0
6,22,4.0,0.0,0.2999999999999998
6,23,3.0,0.0,0.6000000000000001
6,24,0.0,0.0,0.0
6,25,1.0,0.0,1.0
6,26,4.0,0.0,1.0
6,27,4.0,0.0,0.0
6,28,4.0,0.0,0.0
6,29,2.2,0.4216370213557839,0.7999999999999998
6,30,2.5,0.5270462766947299,0.5
7,1,5.0,0.0,0.0
7,2,5.0,0.0,0.0
7,3,2.5,0.5270462766947299,0.5
7,4,2.9,0.31622776601683794,1.0
7,5,2.0,0.0,0.0
7,6,5.0,0.0,0.0
7,7,5.0,0.0,0.0
7,8,3.0,0.0,1.0
7,9,3.0,0.0,1.0
7,10,3.0,0.0,1.9
7,11,5.0,0.0,1.0
7,12,5.0,0.0,0.0
7,13,3.5,0.5270462766947299,1.5
7,14,3.7,0.48304589153964794,0.7000000000000002
7,15,2.0,0.0,2.0
7,16,5.0,0.0,0.0
7,17,5.0,0.0,0.0
7,18,4.0,0.0,1.0
7,19,3.0,0.0,1.0
7,20,2.1,0.31622776601683794,0.0
7,21,5.0,0.0,0.0
7,22,4.0,0.0,0.2999999999999998
7,23,3.0,0.0,0.6000000000000001
7,24,1.0,0.0,1.0
7,25,1.0,0.0,1.0
7,26,3.5,0.5270462766947299,0.5
7,27,4.0,0.0,0.0
7,28,3.9,0.31622776601683794,0.10000000000000009
7,29,2.0,0.0,1.0
7,30,2.7,0.48304589153964794,0.2999999999999998
8,1,3.0,0.0,2.0
8,2,3.0,0.0,2.0
8,3,3.5,0.5270462766947299,1.5
8,4,2.0,0.0,0.10000000000000009
8,5,1.1,0.31622776601683794,0.8999999999999999
8,6,4.2,0.4216370213557839,0.7999999999999998
8,7,4.0,0.0,1.0
8,8,2.0,0.0,0.0
8,9,2.5,0.5270462766947299,0.5
8,10,1.0,0.0,0.10000000000000009
8,11,3.0,0.0,1.0
8,12,4.0,0.0,1.0
8,13,2.0,0.0,0.0
8,14,4.0,0.0,1.0
8,15,2.0,0.0,2.0
8,16,4.0,0.0,1.0
8,17,5.0,0.0,0.0
8,18,4.0,0.0,1.0
8,19,4.0,0.0,0.0
8,20,2.0,0.0,0.10000000000000009
8,21,5.0,0.0,0.0
8,22,4.0,0.0,0.2999999999999998
8,23,4.0,0.0,1.6
8,24,1.7,0.4830458915396479,1.7
8,25,1.0,0.0,1.0
8,26,4.0,0.0,1.0
8,27,2.4,0.5163977794943223,1.6
8,28,4.0,0.0,0.0
8,29,3.6,0.5163977794943223,0.6000000000000001
8,30,2.9,0.31622776601683794,0.10000000000000009
9,1,3.1,0.31622776601683794,1.9
9,2,4.0,0.0,1.0
9,3,1.8,0.42163702135578396,0.19999999999999996
9,4,1.8,0.42163702135578396,0.09999999999999987
9,5,1.0,0.0,1.0
9,6,3.0,0.0,2.0
9,7,3.5,0.5270462766947299,1.5
9,8,2.0,0.0,0.0
9,9,2.0,0.0,0.0
9,10,2.0,0.0,0.8999999999999999
9,11,4.1,0.31622776601683794,0.09999999999999964
9,12,4.6,0.5163977794943222,0.40000000000000036
9,13,2.0,0.0,0.0
9,14,2.9,0.31622776601683794,0.10000000000000009
9,15,1.1,0.31622776601683794,1.1
9,16,4.0,0.0,1.0
9,17,4.1,0.31622776601683794,0.9000000000000004
9,18,3.0,0.0,0.0
9,19,2.0,0.0,2.0
9,20,2.0,0.0,0.10000000000000009
9,21,5.0,0.0,0.0
9,22,4.0,0.0,0.2999999999999998
9,23,2.0,0.0,0.3999999999999999
9,24,2.0,0.0,2.0
9,25,1.0,0.0,1.0
9,26,3.0,0.0,0.0
9,27,4.0,0.0,0.0
9,28,2.0,0.0,2.0
9,29,2.0,0.0,1.0
9,30,2.0,0.0,1.0
10,1,4.0,0.0,1.0
10,2,5.0,0.0,0.0
10,3,2.0,0.0,0.0
10,4,2.0,0.0,0.10000000000000009
10,5,2.0,0.0,0.0
10,6,5.0,0.0,0.0
10,7,5.0,0.0,0.0
10,8,2.4,0.5163977794943223,0.3999999999999999
10,9,2.2,0.4216370213557839,0.20000000000000018
10,10,2.0,0.0,0.8999999999999999
10,11,4.1,0.31622776601683794,0.09999999999999964
10,12,5.0,0.0,0.0
10,13,2.9,0.31622776601683794,0.8999999999999999
10,14,3.0,0.0,0.0
10,15,1.0,0.0,1.0
10,16,5.0,0.0,0.0
10,17,5.0,0.0,0.0
10,18,4.0,0.0,1.0
10,19,3.0,0.0,1.0
10,20,2.0,0.0,0.10000000000000009
10,21,5.0,0.0,0.0
10,22,4.2,0.4216370213557839,0.09999999999999964
10,23,3.0,0.0,0.6000000000000001
10,24,1.0,0.0,1.0
10,25,1.0,0.0,1.0
10,26,4.0,0.0,1.0
10,27,4.0,0.0,0.0
10,28,3.0,0.0,1.0
10,29,2.0,0.0,1.0
10,30,2.0,0.0,1.0
11,1,5.0,0.0,0.0
11,2,5.0,0.0,0.0
11,3,2.0,0.0,0.0
11,4,2.0,0.0,0.10000000000000009
11,5,2.0,0.0,0.0
11,6,5.0,0.0,0.0
11,7,4.2,0.4216370213557839,0.7999999999999998
11,8,3.0,0.0,1.0
11,9,2.4,0.5163977794943223,0.3999999999999999
11,10,2.0,0.0,0.8999999999999999
11,11,5.0,0.0,1.0
11,12,5.0,0.0,0.0
11,13,2.0,0.0,0.0
11,14,3.0,0.0,0.0
11,15,1.7,0.4830458915396479,1.7
11,16,4.0,0.0,1.0
11,17,5.0,0.0,0.0
11,18,2.4,0.5163977794943223,0.6000000000000001
11,19,3.0,0.0,1.0
11,20,2.0,0.0,0.10000000000000009
11,21,5.0,0.0,0.0
11,22,4.0,0.0,0.2999999999999998
11,23,3.0,0.0,0.6000000000000001
11,24,0.0,0.0,0.0
11,25,0.0,0.0,0.0
11,26,3.0,0.0,0.0
11,27,4.0,0.0,0.0
11,28,3.1,0.31622776601683794,0.8999999999999999
11,29,2.0,0.0,1.0
11,30,2.0,0.0,1.0
12,1,5.0,0.0,0.0
12,2,5.0,0.0,0.0
12,3,2.0,0.0,0.0
12,4,2.4,0.5163977794943223,0.5
12,5,1.8,0.4216370213557839,0.19999999999999996
12,6,5.0,0.0,0.0
12,7,5.0,0.0,0.0
12,8,3.1,0.31622776601683794,1.1
12,9,2.2,0.4216370213557839,0.20000000000000018
12,10,2.0,0.0,0.8999999999999999
12,11,5.0,0.0,1.0
12,12,5.0,0.0,0.0
12,13,3.9,0.31622776601683794,1.9
12,14,4.0,0.0,1.0
12,15,4.0,0.0,4.0
12,16,5.0,0.0,0.0
12,17,5.0,0.0,0.0
12,18,3.0,0.0,0.0
12,19,4.0,0.0,0.0
12,20,4.0,0.0,1.9
12,21,5.0,0.0,0.0
12,22,5.0,0.0,0.7000000000000002
12,23,3.3,0.48304589153964794,0.8999999999999999
12,24,1.0,0.0,1.0
12,25,0.9,0.31622776601683794,0.9
12,26,5.0,0.0,2.0
12,27,4.2,0.4216370213557839,0.20000000000000018
12,28,4.0,0.0,0.0
12,29,2.8,0.4216370213557839,0.20000000000000018
12,30,3.1,0.31622776601683794,0.10000000000000009
13,1,5.0,0.0,0.0
13,2,5.0,0.0,0.0
13,3,1.0,0.0,1.0
13,4,2.0,0.0,0.10000000000000009
13,5,1.0,0.0,1.0
13,6,5.0,0.0,0.0
13,7,5.0,0.0,0.0
13,8,3.0,0.0,1.0
13,9,2.0,0.0,0.0
13,10,2.0,0.0,0.8999999999999999
13,11,5.0,0.0,1.0
13,12,5.0,0.0,0.0
13,13,3.1,0.31622776601683794,1.1
13,14,3.0,0.0,0.0
13,15,1.0,0.0,1.0
13,16,5.0,0.0,0.0
13,17,5.0,0.0,0.0
13,18,2.0,0.0,1.0
13,19,1.0,0.0,3.0
13,20,1.9,0.31622776601683794,0.20000000000000018
13,21,5.0,0.0,0.0
13,22,4.9,0.31622776601683794,0.6000000000000005
13,23,3.0,0.0,0.6000000000000001
13,24,0.0,0.0,0.0
13,25,0.6,0.5163977794943222,0.6
13,26,4.0,0.0,1.0
13,27,4.0,0.0,0.0
13,28,2.0,0.0,2.0
13,29,1.0,0.0,2.0
13,30,2.0,0.0,1.0
14,1,4.2,0.4216370213557839,0.7999999999999998
14,2,5.0,0.0,0.0
14,3,1.6,0.5163977794943223,0.3999999999999999
14,4,2.1,0.31622776601683794,0.20000000000000018
14,5,1.0,0.0,1.0
14,6,5.0,0.0,0.0
14,7,5.0,0.0,0.0
14,8,5.0,0.0,3.0
14,9,2.0,0.0,0.0
14,10,2.8,0.4216370213557839,1.6999999999999997
14,11,5.0,0.0,1.0
14,12,5.0,0.0,0.0
14,13,5.0,0.0,3.0
14,14,3.0,0.0,0.0
14,15,1.2,0.4216370213557839,1.2
14,16,5.0,0.0,0.0
14,17,5.0,0.0,0.0
14,18,4.0,0.0,1.0
14,19,3.5,0.5270462766947299,0.5
14,20,2.0,0.0,0.10000000000000009
14,21,5.0,0.0,0.0
14,22,5.0,0.0,0.7000000000000002
14,23,4.0,0.0,1.6
14,24,0.0,0.0,0.0
14,25,0.0,0.0,0.0
14,26,4.0,0.0,1.0
14,27,4.2,0.4216370213557839,0.20000000000000018
14,28,5.0,0.0,1.0
14,29,2.0,0.0,1.0
14,30,3.0,0.0,0.0
15,1,5.0,0.0,0.0
15,2,5.0,0.0,0.0
15,3,2.0,0.0,0.0
15,4,2.0,0.0,0.10000000000000009
15,5,2.0,0.0,0.0
15,6,5.0,0.0,0.0
15,7,5.0,0.0,0.0
15,8,3.0,0.0,1.0
15,9,2.0,0.0,0.0
15,10,1.3,0.48304589153964794,0.19999999999999996
15,11,4.0,0.0,0.0
15,12,5.0,0.0,0.0
15,13,2.0,0.0,0.0
15,14,3.0,0.0,0.0
15,15,2.0,0.0,2.0
15,16,5.0,0.0,0.0
15,17,5.0,0.0,0.0
15,18,3.5,0.5270462766947299,0.5
15,19,4.0,0.0,0.0
15,20,2.0,0.0,0.10000000000000009
15,21,5.0,0.0,0.0
15,22,4.5,0.5270462766947299,0.20000000000000018
15,23,3.0,0.0,0.6000000000000001
15,24,1.0,0.0,1.0
15,25,1.0,0.0,1.0
15,26,4.0,0.0,1.0
15,27,4.0,0.0,0.0
15,28,4.0,0.0,0.0
15,29,3.6,0.5163977794943223,0.6000000000000001
15,30,2.0,0.0,1.0
16,1,3.2,0.4216370213557839,1.7999999999999998
16,2,4.0,0.0,1.0
16,3,2.0,0.0,0.0
16,4,1.9,0.31622776601683794,0.0
16,5,2.0,0.0,0.0
16,6,3.5,0.5270462766947299,1.5
16,7,4.0,0.0,1.0
16,8,2.0,0.0,0.0
16,9,2.0,0.0,0.0
16,10,2.0,0.0,0.8999999999999999
16,11,3.0,0.0,1.0
16,12,4.0,0.0,1.0
16,13,2.4,0.5163977794943223,0.3999999999999999
16,14,2.0,0.0,1.0
16,15,1.0,0.0,1.0
16,16,3.1,0.31622776601683794,1.9
16,17,4.9,0.31622776601683794,0.09999999999999964
16,18,2.0,0.0,1.0
16,19,2.0,0.0,2.0
16,20,2.4,0.5163977794943223,0.2999999999999998
16,21,5.0,0.0,0.0
16,22,4.0,0.0,0.2999999999999998
16,23,2.5,0.5270462766947299,0.10000000000000009
16,24,0.1,0.31622776601683794,0.1
16,25,2.0,0.0,2.0
16,26,3.0,0.0,0.0
16,27,4.0,0.0,0.0
16,28,2.0,0.0,2.0
16,29,2.0,0.0,1.0
16,30,2.0,0.0,1.0
17,1,5.0,0.0,0.0
17,2,5.0,0.0,0.0
17,3,2.5,0.5270462766947299,0.5
17,4,3.0,0.0,1.1
17,5,2.3,0.48304589153964794,0.2999999999999998
17,6,5.0,0.0,0.0
17,7,5.0,0.0,0.0
17,8,3.0,0.0,1.0
17,9,3.0,0.0,1.0
17,10,2.0,0.0,0.8999999999999999
17,11,5.0,0.0,1.0
17,12,5.0,0.0,0.0
17,13,3.0,0.0,1.0
17,14,4.0,0.0,1.0
17,15,3.0,0.0,3.0
17,16,5.0,0.0,0.0
17,17,5.0,0.0,0.0
17,18,4.0,0.0,1.0
17,19,4.0,0.0,0.0
17,20,2.0,0.0,0.10000000000000009
17,21,5.0,0.0,0.0
17,22,5.0,0.0,0.7000000000000002
17,23,4.0,0.0,1.6
17,24,0.0,0.0,0.0
17,25,0.3,0.48304589153964794,0.3
17,26,4.0,0.0,1.0
17,27,4.0,0.0,0.0
17,28,4.0,0.0,0.0
17,29,2.0,0.0,1.0
17,30,3.0,0.0,0.0
18,1,5.0,0.0,0.0
18,2,5.0,0.0,0.0
18,3,3.0,0.0,1.0
18,4,3.0,0.0,1.1
18,5,2.0,0.0,0.0
18,6,5.0,0.0,0.0
18,7,5.0,0.0,0.0
18,8,3.0,0.0,1.0
18,9,2.6,0.5163977794943223,0.6000000000000001
18,10,1.8,0.42163702135578396,0.7
18,11,5.0,0.0,1.0
18,12,5.0,0.0,0.0
18,13,3.0,0.0,1.0
18,14,4.0,0.0,1.0
18,15,2.5,0.5270462766947299,2.5
18,16,5.0,0.0,0.0
18,17,5.0,0.0,0.0
18,18,4.0,0.0,1.0
18,19,4.0,0.0,0.0
18,20,1.0,0.0,1.1
18,21,5.0,0.0,0.0
18,22,4.3,0.48304589153964794,0.0
18,23,4.0,0.0,1.6
18,24,0.9,0.31622776601683794,0.9
18,25,0.8,0.4216370213557839,0.8
18,26,4.0,0.0,1.0
18,27,4.7,0.48304589153964794,0.7000000000000002
18,28,4.5,0.5270462766947299,0.5
18,29,3.0,0.0,0.0
18,30,3.0,0.0,0.0
19,1,5.0,0.0,0.0
19,2,5.0,0.0,0.0
19,3,4.0,0.0,2.0
19,4,3.0,0.0,1.1
19,5,3.0,0.0,1.0
19,6,5.0,0.0,0.0
19,7,5.0,0.0,0.0
19,8,3.0,0.0,1.0
19,9,3.0,0.0,1.0
19,10,3.0,0.0,1.9
19,11,5.0,0.0,1.0
19,12,5.0,0.0,0.0
19,13,4.0,0.0,2.0
19,14,4.0,0.0,1.0
19,15,5.0,0.0,5.0
19,16,5.0,0.0,0.0
19,17,5.0,0.0,0.0
19,18,4.0,0.0,1.0
19,19,4.0,0.0,0.0
19,20,3.0,0.0,0.8999999999999999
19,21,5.0,0.0,0.0
19,22,5.0,0.0,0.7000000000000002
19,23,4.0,0.0,1.6
19,24,2.5,0.5270462766947299,2.5
19,25,2.0,0.0,2.0
19,26,4.8,0.4216370213557839,1.7999999999999998
19,27,5.0,0.0,1.0
19,28,3.0,0.0,1.0
19,29,2.9,0.31622776601683794,0.10000000000000009
19,30,4.0,0.0,1.0
20,1,2.0,0.0,3.0
20,2,2.9,0.31622776601683794,2.1
20,3,0.8,0.4216370213557839,1.2
20,4,4.0,0.0,2.1
20,5,3.3,0.48304589153964794,1.2999999999999998
20,6,2.0,0.0,3.0
20,7,3.4,0.5163977794943223,1.6
20,8,2.0,0.0,0.0
20,9,5.0,0.0,3.0
20,10,1.2,0.42163702135578396,0.09999999999999987
20,11,1.6,0.5163977794943223,2.4
20,12,3.0,0.0,2.0
20,13,3.2,0.4216370213557839,1.2000000000000002
20,14,4.0,0.0,1.0
20,15,1.0,0.0,1.0
20,16,3.0,0.0,2.0
20,17,4.0,0.0,1.0
20,18,4.0,0.0,1.0
20,19,5.0,0.0,1.0
20,20,4.0,0.0,1.9
20,21,5.0,0.0,0.0
20,22,4.0,0.0,0.2999999999999998
20,23,4.0,0.0,1.6
20,24,1.8,0.42163702135578396,1.8
20,25,1.7,0.4830458915396479,1.7
20,26,4.8,0.4216370213557839,1.7999999999999998
20,27,2.0,0.0,2.0
20,28,4.1,0.31622776601683794,0.09999999999999964
20,29,5.0,0.0,2.0
20,30,2.0,0.0,1.0
21,1,4.0,0.0,1.0
21,2,5.0,0.0,0.0
21,3,3.0,0.0,1.0
21,4,2.1,0.31622776601683794,0.20000000000000018
21,5,2.0,0.0,0.0
21,6,5.0,0.0,0.0
21,7,4.7,0.48304589153964794,0.2999999999999998
21,8,3.0,0.0,1.0
21,9,3.0,0.0,1.0
21,10,2.0,0.0,0.8999999999999999
21,11,5.0,0.0,1.0
21,12,5.0,0.0,0.0
21,13,3.5,0.5270462766947299,1.5
21,14,3.9,0.31622776601683794,0.8999999999999999
21,15,2.0,0.0,2.0
21,16,5.0,0.0,0.0
21,17,5.0,0.0,0.0
21,18,4.0,0.0,1.0
21,19,3.7,0.48304589153964794,0.2999999999999998
21,20,2.6,0.5163977794943223,0.5
21,21,5.0,0.0,0.0
21,22,4.0,0.0,0.2999999999999998
21,23,3.5,0.5270462766947299,1.1
21,24,2.0,0.0,2.0
21,25,1.9,0.31622776601683794,1.9
21,26,4.0,0.0,1.0
21,27,4.0,0.0,0.0
21,28,3.4,0.5163977794943223,0.6000000000000001
21,29,2.8,0.4216370213557839,0.20000000000000018
21,30,3.0,0.0,0.0
22,1,4.0,0.0,1.0
22,2,4.9,0.31622776601683794,0.09999999999999964
22,3,2.0,0.0,0.0
22,4,3.4,0.5163977794943223,1.5
22,5,2.0,0.0,0.0
22,6,5.0,0.0,0.0
22,7,4.0,0.0,1.0
22,8,3.0,0.0,1.0
22,9,3.0,0.0,1.0
22,10,1.0,0.0,0.10000000000000009
22,11,4.0,0.0,0.0
22,12,4.9,0.31622776601683794,0.09999999999999964
22,13,3.0,0.0,1.0
22,14,4.0,0.0,1.0
22,15,2.0,0.0,2.0
22,16,4.0,0.0,1.0
22,17,4.6,0.5163977794943222,0.40000000000000036
22,18,4.0,0.0,1.0
22,19,4.0,0.0,0.0
22,20,2.0,0.0,0.10000000000000009
22,21,5.0,0.0,0.0
22,22,4.0,0.0,0.2999999999999998
22,23,3.0,0.0,0.6000000000000001
22,24,0.3,0.4830458915396479,0.3
22,25,1.0,0.0,1.0
22,26,3.7,0.48304589153964794,0.7000000000000002
22,27,4.0,0.0,0.0
22,28,4.0,0.0,0.0
22,29,3.4,0.5163977794943223,0.3999999999999999
22,30,2.0,0.0,1.0
23,1,4.7,0.48304589153964794,0.2999999999999998
23,2,5.0,0.0,0.0
23,3,2.7,0.48304589153964794,0.7000000000000002
23,4,2.0,0.0,0.10000000000000009
23,5,2.0,0.0,0.0
23,6,5.0,0.0,0.0
23,7,5.0,0.0,0.0
23,8,3.0,0.0,1.0
23,9,3.0,0.0,1.0
23,10,2.0,0.0,0.8999999999999999
23,11,4.0,0.0,0.0
23,12,5.0,0.0,0.0
23,13,2.0,0.0,0.0
23,14,3.0,0.0,0.0
23,15,2.0,0.0,2.0
23,16,4.2,0.4216370213557839,0.7999999999999998
23,17,5.0,0.0,0.0
23,18,4.0,0.0,1.0
23,19,3.0,0.0,1.0
23,20,2.0,0.0,0.10000000000000009
23,21,5.0,0.0,0.0
23,22,4.5,0.5270462766947299,0.20000000000000018
23,23,3.0,0.0,0.6000000000000001
23,24,1.0,0.0,1.0
23,25,0.7,0.4830458915396479,0.7
23,26,3.3,0.48304589153964794,0.2999999999999998
23,27,4.0,0.0,0.0
23,28,4.0,0.0,0.0
23,29,4.0,0.0,1.0
23,30,2.1,0.31622776601683794,0.8999999999999999
24,1,5.0,0.0,0.0
24,2,5.0,0.0,0.0
24,3,3.0,0.0,1.0
24,4,3.0,0.0,1.1
24,5,2.6,0.5163977794943223,0.6000000000000001
24,6,5.0,0.0,0.0
24,7,5.0,0.0,0.0
24,8,5.0,0.0,3.0
24,9,3.0,0.0,1.0
24,10,2.1,0.31622776601683794,1.0
24,11,5.0,0.0,1.0
24,12,5.0,0.0,0.0
24,13,5.0,0.0,3.0
24,14,4.0,0.0,1.0
24,15,4.0,0.0,4.0
24,16,5.0,0.0,0.0
24,17,5.0,0.0,0.0
24,18,4.0,0.0,1.0
24,19,4.0,0.0,0.0
24,20,3.6,0.5163977794943223,1.5
24,21,5.0,0.0,0.0
24,22,4.8,0.4216370213557839,0.5
24,23,4.0,0.0,1.6
24,24,1.9,0.31622776601683794,1.9
24,25,1.0,0.0,1.0
24,26,4.3,0.48304589153964794,1.2999999999999998
24,27,4.0,0.0,0.0
24,28,5.0,0.0,1.0
24,29,4.0,0.0,1.0
24,30,4.0,0.0,1.0
25,1,3.2,0.4216370213557839,1.7999999999999998
25,2,2.0,0.0,3.0
25,3,2.5,0.7071067811865476,0.5
25,4,5.0,0.0,3.1
25,5,4.6,0.5163977794943222,2.5999999999999996
25,6,4.0,0.0,1.0
25,7,5.0,0.0,0.0
25,8,4.1,0.31622776601683794,2.0999999999999996
25,9,5.0,0.0,3.0
25,10,2.0,0.0,0.8999999999999999
25,11,4.0,0.0,0.0
25,12,2.0,0.0,3.0
25,13,4.9,0.31622776601683794,2.9000000000000004
25,14,5.0,0.0,2.0
25,15,5.0,0.0,5.0
25,16,5.0,0.0,0.0
25,17,4.0,0.0,1.0
25,18,5.0,0.0,2.0
25,19,5.0,0.0,1.0
25,20,4.1,0.31622776601683794,1.9999999999999996
25,21,5.0,0.0,0.0
25,22,5.0,0.0,0.7000000000000002
25,23,5.0,0.0,2.6
25,24,4.0,0.0,4.0
25,25,4.0,0.0,4.0
25,26,5.0,0.0,2.0
25,27,4.0,0.0,0.0
25,28,4.0,0.0,0.0
25,29,5.0,0.0,2.0
25,30,5.0,0.0,2.0
26,1,5.0,0.0,0.0
26,2,5.0,0.0,0.0
26,3,2.0,0.0,0.0
26,4,2.5,0.5270462766947299,0.6000000000000001
26,5,2.0,0.0,0.0
26,6,5.0,0.0,0.0
26,7,5.0,0.0,0.0
26,8,2.0,0.0,0.0
26,9,3.0,0.0,1.0
26,10,2.0,0.0,0.8999999999999999
26,11,5.0,0.0,1.0
26,12,5.0,0.0,0.0
26,13,3.0,0.0,1.0
26,14,3.0,0.0,0.0
26,15,2.0,0.0,2.0
26,16,5.0,0.0,0.0
26,17,5.0,0.0,0.0
26,18,4.0,0.0,1.0
26,19,4.0,0.0,0.0
26,20,3.0,0.0,0.8999999999999999
26,21,5.0,0.0,0.0
26,22,4.5,0.5270462766947299,0.20000000000000018
26,23,4.0,0.0,1.6
26,24,1.2,1.0327955589886446,1.2
26,25,0.0,0.0,0.0
26,26,3.2,0.4216370213557839,0.20000000000000018
26,27,4.0,0.0,0.0
26,28,4.0,0.0,0.0
26,29,3.2,0.4216370213557839,0.20000000000000018
26,30,3.0,0.0,0.0
27,1,5.0,0.0,0.0
27,2,5.0,0.0,0.0
27,3,1.0,0.0,1.0
27,4,1.0,0.0,0.8999999999999999
27,5,1.0,0.0,1.0
27,6,5.0,0.0,0.0
27,7,5.0,0.0,0.0
27,8,4.0,0.0,2.0
27,9,1.6,0.5163977794943223,0.3999999999999999
27,10,4.0,0.0,2.9
27,11,4.5,0.5270462766947299,0.5
27,12,5.0,0.0,0.0
27,13,1.7,0.4830458915396479,0.30000000000000004
27,14,4.0,0.0,1.0
27,15,3.0,0.0,3.0
27,16,5.0,0.0,0.0
27,17,5.0,0.0,0.0
27,18,2.0,0.0,1.0
27,19,3.4,0.5163977794943223,0.6000000000000001
27,20,4.0,0.0,1.9
27,21,5.0,0.0,0.0
27,22,5.0,0.0,0.7000000000000002
27,23,3.9,0.31622776601683794,1.5
27,24,2.0,0.0,2.0
27,25,1.0,0.0,1.0
27,26,5.0,0.0,2.0
27,27,5.0,0.0,1.0
27,28,3.5,0.7071067811865476,0.5
27,29,2.0,0.0,1.0
27,30,2.0,0.0,1.0
28,1,3.0,0.0,2.0
28,2,4.0,0.0,1.0
28,3,2.0,0.0,0.0
28,4,2.0,0.0,0.10000000000000009
28,5,2.0,0.0,0.0
28,6,4.0,0.0,1.0
28,7,4.0,0.0,1.0
28,8,2.0,0.0,0.0
28,9,2.0,0.0,0.0
28,10,2.0,0.0,0.8999999999999999
28,11,4.0,0.0,0.0
28,12,4.8,0.4216370213557839,0.20000000000000018
28,13,2.0,0.0,0.0
28,14,3.0,0.0,0.0
28,15,1.6,0.5163977794943223,1.6
28,16,4.0,0.0,1.0
28,17,4.0,0.0,1.0
28,18,3.0,0.0,0.0
28,19,3.0,0.0,1.0
28,20,2.0,0.0,0.10000000000000009
28,21,4.4,0.5163977794943222,0.5999999999999996
28,22,4.0,0.0,0.2999999999999998
28,23,2.9,0.31622776601683794,0.5
28,24,2.0,0.0,2.0
28,25,2.0,0.0,2.0
28,26,3.0,0.0,0.0
28,27,3.0,0.0,1.0
28,28,3.0,0.0,1.0
28,29,2.3,0.48304589153964794,0.7000000000000002
28,30,2.0,0.0,1.0
29,1,2.0,0.0,3.0
29,2,4.0,0.0,1.0
29,3,1.0,0.0,1.0
29,4,1.0,0.0,0.8999999999999999
29,5,1.0,0.0,1.0
29,6,3.6,0.6992058987801011,1.4
29,7,2.0,0.6666666666666666,3.0
29,8,1.0,0.0,1.0
29,9,2.0,0.0,0.0
29,10,1.0,0.0,0.10000000000000009
29,11,2.0,0.0,2.0
29,12,4.0,0.0,1.0
29,13,1.0,0.0,1.0
29,14,2.0,0.0,1.0
29,15,0.0,0.0,0.0
29,16,4.0,0.0,1.0
29,17,4.5,0.5270462766947299,0.5
29,18,3.9,0.31622776601683794,0.8999999999999999
29,19,3.0,0.0,1.0
29,20,2.0,0.0,0.10000000000000009
29,21,5.0,0.0,0.0
29,22,3.3,0.48304589153964794,1.0
29,23,2.7,0.48304589153964794,0.30000000000000027
29,24,0.0,0.0,0.0
29,25,2.0,0.0,2.0
29,26,3.0,0.0,0.0
29,27,4.0,0.0,0.0
29,28,3.7,0.48304589153964794,0.2999999999999998
29,29,2.0,0.0,1.0
29,30,2.0,0.0,1.0
30,1,3.0,0.0,2.0
30,2,5.0,0.0,0.0
30,3,1.5,0.5270462766947299,0.5
30,4,2.0,0.0,0.10000000000000009
30,5,2.0,0.0,0.0
30,6,5.0,0.0,0.0
30,7,5.0,0.0,0.0
30,8,2.0,0.0,0.0
30,9,2.0,0.0,0.0
30,10,1.0,0.0,0.10000000000000009
30,11,4.2,0.4216370213557839,0.20000000000000018
30,12,5.0,0.0,0.0
30,13,1.0,0.0,1.0
30,14,3.0,0.0,0.0
30,15,1.0,0.0,1.0
30,16,4.2,0.4216370213557839,0.7999999999999998
30,17,5.0,0.0,0.0
30,18,4.0,0.0,1.0
30,19,4.0,0.0,0.0
30,20,2.0,0.0,0.10000000000000009
30,21,5.0,0.0,0.0
30,22,5.0,0.0,0.7000000000000002
30,23,2.0,0.0,0.3999999999999999
30,24,0.0,0.0,0.0
30,25,1.0,0.0,1.0
30,26,4.0,0.0,1.0
30,27,4.0,0.0,0.0
30,28,4.0,0.0,0.0
30,29,2.0,0.0,1.0
30,30,2.0,0.0,1.0
31,1,4.8,0.4216370213557839,0.20000000000000018
31,2,5.0,0.0,0.0
31,3,2.0,0.0,0.0
31,4,2.0,0.0,0.10000000000000009
31,5,2.0,0.0,0.0
31,6,5.0,0.0,0.0
31,7,5.0,0.0,0.0
31,8,3.0,0.0,1.0
31,9,3.0,0.0,1.0
31,10,2.0,0.0,0.8999999999999999
31,11,4.1,0.31622776601683794,0.09999999999999964
31,12,5.0,0.0,0.0
31,13,3.0,0.0,1.0
31,14,3.0,0.0,0.0
31,15,2.0,0.0,2.0
31,16,4.5,0.5270462766947299,0.5
31,17,5.0,0.0,0.0
31,18,3.0,0.0,0.0
31,19,3.2,0.4216370213557839,0.7999999999999998
31,20,2.0,0.0,0.10000000000000009
31,21,5.0,0.0,0.0
31,22,4.0,0.0,0.2999999999999998
31,23,2.0,0.0,0.3999999999999999
31,24,1.0,0.0,1.0
31,25,2.0,0.0,2.0
31,26,3.0,0.0,0.0
31,27,4.0,0.0,0.0
31,28,4.0,0.0,0.0
31,29,3.0,0.0,0.0
31,30,2.0,0.0,1.0
32,1,3.9,0.31622776601683794,1.1
32,2,5.0,0.0,0.0
32,3,2.0,0.0,0.0
32,4,1.4,0.5163977794943223,0.5
32,5,1.0,0.0,1.0
32,6,5.0,0.0,0.0
32,7,4.0,0.0,1.0
32,8,2.0,0.0,0.0
32,9,2.0,0.0,0.0
32,10,1.6,0.5163977794943223,0.5
32,11,4.0,0.0,0.0
32,12,5.0,0.0,0.0
32,13,1.9,0.31622776601683794,0.10000000000000009
32,14,3.0,0.0,0.0
32,15,1.0,0.0,1.0
32,16,4.8,0.4216370213557839,0.20000000000000018
32,17,4.2,0.4216370213557839,0.7999999999999998
32,18,4.0,0.0,1.0
32,19,3.0,0.0,1.0
32,20,2.0,0.0,0.10000000000000009
32,21,5.0,0.0,0.0
32,22,4.0,0.0,0.2999999999999998
32,23,3.0,0.0,0.6000000000000001
32,24,0.0,0.0,0.0
32,25,1.0,0.4714045207910317,1.0
32,26,3.9,0.31622776601683794,0.8999999999999999
32,27,4.0,0.0,0.0
32,28,3.6,0.5163977794943223,0.3999999999999999
32,29,2.0,0.0,1.0
32,30,2.0,0.0,1.0
33,1,4.6,0.5163977794943222,0.40000000000000036
33,2,4.4,0.5163977794943222,0.5999999999999996
33,3,2.0,0.0,0.0
33,4,2.0,0.0,0.10000000000000009
33,5,2.0,0.0,0.0
33,6,5.0,0.0,0.0
33,7,4.1,0.31622776601683794,0.9000000000000004
33,8,3.0,0.0,1.0
33,9,3.0,0.0,1.0
33,10,2.0,0.0,0.8999999999999999
33,11,5.0,0.0,1.0
33,12,5.0,0.0,0.0
33,13,3.3,0.48304589153964794,1.2999999999999998
33,14,3.0,0.0,0.0
33,15,2.0,0.0,2.0
33,16,5.0,0.0,0.0
33,17,5.0,0.0,0.0
33,18,4.0,0.0,1.0
33,19,3.0,0.0,1.0
33,20,2.6,0.5163977794943223,0.5
33,21,5.0,0.0,0.0
33,22,5.0,0.0,0.7000000000000002
33,23,3.0,0.0,0.6000000000000001
33,24,2.0,0.0,2.0
33,25,2.0,0.0,2.0
33,26,4.0,0.0,1.0
33,27,4.0,0.0,0.0
33,28,3.9,0.31622776601683794,0.10000000000000009
33,29,2.0,0.0,1.0
33,30,3.0,0.0,0.0
34,1,3.0,0.0,2.0
34,2,3.1,0.31622776601683794,1.9
34,3,1.0,0.0,1.0
34,4,1.0,0.0,0.8999999999999999
34,5,1.0,0.0,1.0
34,6,5.0,0.0,0.0
34,7,4.0,0.0,1.0
34,8,1.3,0.4830458915396479,0.7
34,9,2.3,0.48304589153964794,0.2999999999999998
34,10,1.1,0.31622776601683794,0.0
34,11,4.1,0.31622776601683794,0.09999999999999964
34,12,4.4,0.5163977794943222,0.5999999999999996
34,13,2.0,0.0,0.0
34,14,3.0,0.0,0.0
34,15,1.9,0.31622776601683794,1.9
34,16,5.0,0.0,0.0
34,17,5.0,0.0,0.0
34,18,5.0,0.0,2.0
34,19,3.4,0.5163977794943223,0.6000000000000001
34,20,2.0,0.0,0.10000000000000009
34,21,5.0,0.0,0.0
34,22,4.0,0.0,0.2999999999999998
34,23,3.3,0.48304589153964794,0.8999999999999999
34,24,0.0,0.0,0.0
34,25,1.0,0.0,1.0
34,26,4.0,0.0,1.0
34,27,4.0,0.0,0.0
34,28,4.0,0.0,0.0
34,29,2.0,0.0,1.0
34,30,2.0,0.0,1.0
35,1,5.0,0.0,0.0
35,2,4.0,0.0,1.0
35,3,1.0,0.0,1.0
35,4,2.0,0.0,0.10000000000000009
35,5,1.5,0.5270462766947299,0.5
35,6,5.0,0.0,0.0
35,7,5.0,0.0,0.0
35,8,2.4,0.5163977794943223,0.3999999999999999
35,9,3.0,0.0,1.0
35,10,2.2,0.4216370213557839,1.1
35,11,5.0,0.0,1.0
35,12,4.4,0.5163977794943222,0.5999999999999996
35,13,4.0,0.0,2.0
35,14,4.0,0.0,1.0
35,15,2.0,0.0,2.0
35,16,5.0,0.0,0.0
35,17,5.0,0.0,0.0
35,18,3.0,0.0,0.0
35,19,3.0,0.0,1.0
35,20,3.0,0.0,0.8999999999999999
35,21,5.0,0.0,0.0
35,22,4.0,0.0,0.2999999999999998
35,23,3.0,0.0,0.6000000000000001
35,24,2.0,0.0,2.0
35,25,2.0,0.0,2.0
35,26,4.0,0.0,1.0
35,27,4.0,0.0,0.0
35,28,3.0,0.0,1.0
35,29,2.0,0.0,1.0
35,30,2.9,0.31622776601683794,0.10000000000000009
36,1,5.0,0.0,0.0
36,2,4.9,0.31622776601683794,0.09999999999999964
36,3,2.0,0.0,0.0
36,4,2.4,0.5163977794943223,0.5
36,5,2.0,0.0,0.0
36,6,5.0,0.0,0.0
36,7,5.0,0.0,0.0
36,8,3.3,0.48304589153964794,1.2999999999999998
36,9,3.0,0.0,1.0
36,10,3.0,0.0,1.9
36,11,5.0,0.0,1.0
36,12,5.0,0.0,0.0
36,13,4.0,0.0,2.0
36,14,4.0,0.0,1.0
36,15,2.0,0.0,2.0
36,16,4.0,0.0,1.0
36,17,5.0,0.0,0.0
36,18,3.0,0.0,0.0
36,19,3.0,0.0,1.0
36,20,3.7,0.48304589153964794,1.6
36,21,5.0,0.0,0.0
36,22,4.0,0.0,0.2999999999999998
36,23,4.0,0.0,1.6
36,24,2.0,0.0,2.0
36,25,0.4,0.5163977794943223,0.4
36,26,4.3,0.48304589153964794,1.2999999999999998
36,27,4.0,0.0,0.0
36,28,4.0,0.0,0.0
36,29,4.0,0.0,1.0
36,30,2.0,0.0,1.0
37,1,5.0,0.0,0.0
37,2,5.0,0.0,0.0
37,3,2.0,0.0,0.0
37,4,3.0,0.0,1.1
37,5,2.1,0.31622776601683794,0.10000000000000009
37,6,5.0,0.0,0.0
37,7,5.0,0.0,0.0
37,8,2.9,0.31622776601683794,0.8999999999999999
37,9,3.0,0.0,1.0
37,10,2.0,0.0,0.8999999999999999
37,11,5.0,0.0,1.0
37,12,5.0,0.0,0.0
37,13,2.0,0.0,0.0
37,14,4.0,0.0,1.0
37,15,2.0,0.0,2.0
37,16,5.0,0.0,0.0
37,17,5.0,0.0,0.0
37,18,3.0,0.0,0.0
37,19,4.0,0.0,0.0
37,20,3.9,0.31622776601683794,1.7999999999999998
37,21,5.0,0.0,0.0
37,22,4.7,0.48304589153964794,0.40000000000000036
37,23,3.0,0.0,0.6000000000000001
37,24,1.0,0.0,1.0
37,25,1.0,0.0,1.0
37,26,4.0,0.0,1.0
37,27,4.0,0.0,0.0
37,28,4.0,0.0,0.0
37,29,3.3,0.48304589153964794,0.2999999999999998
37,30,3.0,0.0,0.0
38,1,5.0,0.0,0.0
38,2,5.0,0.0,0.0
38,3,3.0,0.0,1.0
38,4,2.0,0.0,0.10000000000000009
38,5,2.0,0.0,0.0
38,6,5.0,0.0,0.0
38,7,4.2,0.4216370213557839,0.7999999999999998
38,8,4.0,0.0,2.0
38,9,3.0,0.0,1.0
38,10,2.8,0.4216370213557839,1.6999999999999997
38,11,4.5,0.5270462766947299,0.5
38,12,5.0,0.0,0.0
38,13,3.8,0.4216370213557839,1.7999999999999998
38,14,4.0,0.0,1.0
38,15,2.0,0.0,2.0
38,16,5.0,0.0,0.0
38,17,5.0,0.0,0.0
38,18,4.0,0.0,1.0
38,19,3.0,0.0,1.0
38,20,2.0,0.0,0.10000000000000009
38,21,5.0,0.0,0.0
38,22,5.0,0.0,0.7000000000000002
38,23,3.8,0.4216370213557839,1.4
38,24,0.4,0.5163977794943222,0.4
38,25,1.3,0.8232726023485646,1.3
38,26,3.0,0.0,0.0
38,27,4.0,0.0,0.0
38,28,2.1,0.31622776601683794,1.9
38,29,2.4,0.5163977794943223,0.6000000000000001
38,30,3.0,0.0,0.0
39,1,4.0,0.0,1.0
39,2,5.0,0.0,0.0
39,3,3.0,0.0,1.0
39,4,3.0,0.0,1.1
39,5,2.0,0.0,0.0
39,6,5.0,0.0,0.0
39,7,5.0,0.0,0.0
39,8,3.0,0.0,1.0
39,9,3.0,0.0,1.0
39,10,2.0,0.0,0.8999999999999999
39,11,4.0,0.0,0.0
39,12,5.0,0.0,0.0
39,13,2.5,0.5270462766947299,0.5
39,14,4.0,0.0,1.0
39,15,2.0,0.0,2.0
39,16,4.0,0.0,1.0
39,17,5.0,0.0,0.0
39,18,4.0,0.0,1.0
39,19,4.0,0.0,0.0
39,20,3.0,0.0,0.8999999999999999
39,21,5.0,0.0,0.0
39,22,4.0,0.0,0.2999999999999998
39,23,2.0,0.0,0.3999999999999999
39,24,1.6,0.5163977794943223,1.6
39,25,2.0,0.0,2.0
39,26,3.0,0.0,0.0
39,27,4.0,0.0,0.0
39,28,4.0,0.0,0.0
39,29,4.0,0.0,1.0
39,30,2.0,0.0,1.0
40,1,3.0,0.0,2.0
40,2,5.0,0.0,0.0
40,3,1.0,0.0,1.0
40,4,1.0,0.0,0.8999999999999999
40,5,1.0,0.0,1.0
40,6,4.0,0.0,1.0
40,7,4.0,0.0,1.0
40,8,1.0,0.0,1.0
40,9,1.0,0.0,1.0
40,10,1.0,0.0,0.10000000000000009
40,11,3.0,0.0,1.0
40,12,5.0,0.0,0.0
40,13,1.0,0.0,1.0
40,14,3.0,0.0,0.0
40,15,0.0,0.0,0.0
40,16,3.0,0.0,2.0
40,17,4.5,0.5270462766947299,0.5
40,18,2.0,0.0,1.0
40,19,2.1,0.31622776601683794,1.9
40,20,2.0,0.0,0.10000000000000009
40,21,5.0,0.0,0.0
40,22,4.0,0.0,0.2999999999999998
40,23,2.0,0.0,0.3999999999999999
40,24,0.0,0.0,0.0
40,25,0.0,0.0,0.0
40,26,3.6,0.5163977794943223,0.6000000000000001
40,27,4.0,0.0,0.0
40,28,2.3,0.48304589153964794,1.7000000000000002
40,29,2.0,0.0,1.0
40,30,2.0,0.0,1.0
41,1,5.0,0.0,0.0
41,2,5.0,0.0,0.0
41,3,2.8,0.4216370213557839,0.7999999999999998
41,4,2.0,0.0,0.10000000000000009
41,5,2.0,0.0,0.0
41,6,5.0,0.0,0.0
41,7,5.0,0.0,0.0
41,8,2.7,0.48304589153964794,0.7000000000000002
41,9,3.0,0.0,1.0
41,10,2.0,0.0,0.8999999999999999
41,11,5.0,0.0,1.0
41,12,5.0,0.0,0.0
41,13,3.0,0.0,1.0
41,14,3.1,0.31622776601683794,0.10000000000000009
41,15,4.0,0.0,4.0
41,16,5.0,0.0,0.0
41,17,5.0,0.0,0.0
41,18,3.0,0.0,0.0
41,19,3.0,0.0,1.0
41,20,2.0,0.0,0.10000000000000009
41,21,5.0,0.0,0.0
41,22,5.0,0.0,0.7000000000000002
41,23,4.0,0.0,1.6
41,24,0.9,0.5676462121975466,0.9
41,25,1.4,0.5163977794943223,1.4
41,26,4.1,0.31622776601683794,1.0999999999999996
41,27,4.0,0.0,0.0
41,28,4.0,0.0,0.0
41,29,2.0,0.0,1.0
41,30,4.0,0.0,1.0
42,1,2.6,0.6992058987801011,2.4
42,2,4.0,0.0,1.0
42,3,0.6,0.5163977794943222,1.4
42,4,1.6,0.5163977794943223,0.2999999999999998
42,5,1.0,0.0,1.0
42,6,3.5,0.5270462766947299,1.5
42,7,4.0,0.0,1.0
42,8,1.9,0.31622776601683794,0.10000000000000009
42,9,1.0,0.0,1.0
42,10,1.0,0.0,0.10000000000000009
42,11,2.1,0.31622776601683794,1.9
42,12,5.0,0.0,0.0
42,13,1.1,0.31622776601683794,0.8999999999999999
42,14,4.0,0.0,1.0
42,15,1.0,0.0,1.0
42,16,4.0,0.0,1.0
42,17,5.0,0.0,0.0
42,18,3.4,0.5163977794943223,0.3999999999999999
42,19,3.0,0.0,1.0
42,20,3.0,0.0,0.8999999999999999
42,21,5.0,0.0,0.0
42,22,4.0,0.0,0.2999999999999998
42,23,3.0,0.0,0.6000000000000001
42,24,0.0,0.0,0.0
42,25,1.1,0.9944289260117533,1.1
42,26,3.3,0.48304589153964794,0.2999999999999998
42,27,4.0,0.0,0.0
42,28,4.0,0.0,0.0
42,29,3.7,0.48304589153964794,0.7000000000000002
42,30,2.0,0.0,1.0
43,1,4.0,0.0,1.0
43,2,5.0,0.0,0.0
43,3,2.0,0.0,0.0
43,4,2.0,0.0,0.10000000000000009
43,5,2.0,0.0,0.0
43,6,4.2,0.4216370213557839,0.7999999999999998
43,7,4.9,0.31622776601683794,0.09999999999999964
43,8,3.0,0.0,1.0
43,9,3.0,0.0,1.0
43,10,1.7,0.4830458915396479,0.5999999999999999
43,11,4.0,0.0,0.0
43,12,5.0,0.0,0.0
43,13,2.0,0.0,0.0
43,14,3.0,0.0,0.0
43,15,1.7,0.4830458915396479,1.7
43,16,4.0,0.0,1.0
43,17,4.4,0.5163977794943222,0.5999999999999996
43,18,3.1,0.31622776601683794,0.10000000000000009
43,19,3.0,0.0,1.0
43,20,1.9,0.31622776601683794,0.20000000000000018
43,21,5.0,0.0,0.0
43,22,4.0,0.0,0.2999999999999998
43,23,2.0,0.0,0.3999999999999999
43,24,2.0,0.0,2.0
43,25,0.8,1.0327955589886444,0.8
43,26,3.0,0.0,0.0
43,27,4.0,0.0,0.0
43,28,3.0,0.0,1.0
43,29,2.1,0.31622776601683794,0.8999999999999999
43,30,2.0,0.0,1.0
44,1,5.0,0.0,0.0
44,2,5.0,0.0,0.0
44,3,4.0,0.0,2.0
44,4,2.0,0.0,0.10000000000000009
44,5,1.4,0.5163977794943223,0.6000000000000001
44,6,5.0,0.0,0.0
44,7,5.0,0.0,0.0
44,8,4.0,0.0,2.0
44,9,3.0,0.0,1.0
44,10,3.0,0.0,1.9
44,11,5.0,0.0,1.0
44,12,5.0,0.0,0.0
44,13,4.1,0.31622776601683794,2.0999999999999996
44,14,4.0,0.0,1.0
44,15,2.2,0.4216370213557839,2.2
44,16,5.0,0.0,0.0
44,17,5.0,0.0,0.0
44,18,4.0,0.0,1.0
44,19,2.5,0.5270462766947299,1.5
44,20,2.0,0.0,0.10000000000000009
44,21,5.0,0.0,0.0
44,22,5.0,0.0,0.7000000000000002
44,23,3.0,0.0,0.6000000000000001
44,24,1.0,0.0,1.0
44,25,0.0,0.0,0.0
44,26,4.8,0.4216370213557839,1.7999999999999998
44,27,5.0,0.0,1.0
44,28,2.6,0.5163977794943223,1.4
44,29,2.0,0.0,1.0
44,30,3.0,0.0,0.0
45,1,5.0,0.0,0.0
45,2,5.0,0.0,0.0
45,3,4.0,0.0,2.0
45,4,5.0,0.0,3.1
45,5,4.5,0.5270462766947299,2.5
45,6,5.0,0.0,0.0
45,7,5.0,0.0,0.0
45,8,5.0,0.0,3.0
45,9,5.0,0.0,3.0
45,10,3.8,0.4216370213557839,2.6999999999999997
45,11,5.0,0.0,1.0
45,12,5.0,0.0,0.0
45,13,5.0,0.0,3.0
45,14,5.0,0.0,2.0
45,15,5.0,0.0,5.0
45,16,5.0,0.0,0.0
45,17,5.0,0.0,0.0
45,18,5.0,0.0,2.0
45,19,5.0,0.0,1.0
45,20,4.1,0.31622776601683794,1.9999999999999996
45,21,5.0,0.0,0.0
45,22,5.0,0.0,0.7000000000000002
45,23,5.0,0.0,2.6
45,24,4.0,0.0,4.0
45,25,4.0,0.0,4.0
45,26,5.0,0.0,2.0
45,27,4.8,0.4216370213557839,0.7999999999999998
45,28,4.0,0.0,0.0
45,29,4.0,0.0,1.0
45,30,5.0,0.0,2.0
46,1,5.0,0.0,0.0
46,2,5.0,0.0,0.0
46,3,1.3,0.4830458915396479,0.7
46,4,2.0,0.0,0.10000000000000009
46,5,2.0,0.0,0.0
46,6,5.0,0.0,0.0
46,7,4.4,0.5163977794943222,0.5999999999999996
46,8,2.0,0.0,0.0
46,9,2.7,0.48304589153964794,0.7000000000000002
46,10,1.7,0.4830458915396479,0.5999999999999999
46,11,4.9,0.31622776601683794,0.9000000000000004
46,12,5.0,0.0,0.0
46,13,2.0,0.0,0.0
46,14,3.0,0.0,0.0
46,15,2.0,0.0,2.0
46,16,5.0,0.0,0.0
46,17,5.0,0.0,0.0
46,18,4.0,0.0,1.0
46,19,4.0,0.0,0.0
46,20,2.0,0.0,0.10000000000000009
46,21,5.0,0.0,0.0
46,22,4.0,0.0,0.2999999999999998
46,23,3.0,0.0,0.6000000000000001
46,24,0.1,0.31622776601683794,0.1
46,25,1.0,0.0,1.0
46,26,4.0,0.0,1.0
46,27,4.0,0.0,0.0
46,28,4.0,0.0,0.0
46,29,3.0,0.0,0.0
46,30,3.0,0.0,0.0
47,1,5.0,0.0,0.0
47,2,5.0,0.0,0.0
47,3,5.0,0.0,3.0
47,4,4.5,0.5270462766947299,2.6
47,5,4.0,0.0,2.0
47,6,5.0,0.0,0.0
47,7,5.0,0.0,0.0
47,8,5.0,0.0,3.0
47,9,5.0,0.0,3.0
47,10,4.0,0.0,2.9
47,11,5.0,0.0,1.0
47,12,5.0,0.0,0.0
47,13,5.0,0.0,3.0
47,14,5.0,0.0,2.0
47,15,4.0,0.0,4.0
47,16,5.0,0.0,0.0
47,17,5.0,0.0,0.0
47,18,5.0,0.0,2.0
47,19,4.3,0.48304589153964794,0.2999999999999998
47,20,4.0,0.0,1.9
47,21,5.0,0.0,0.0
47,22,5.0,0.0,0.7000000000000002
47,23,4.0,0.0,1.6
47,24,2.0,0.0,2.0
47,25,1.0,0.0,1.0
47,26,4.5,0.5270462766947299,1.5
47,27,4.0,0.0,0.0
47,28,4.0,0.0,0.0
47,29,3.8,0.6324555320336759,0.7999999999999998
47,30,4.0,0.0,1.0
48,1,4.0,0.0,1.0
48,2,4.0,0.0,1.0
48,3,1.0,0.0,1.0
48,4,1.0,0.0,0.8999999999999999
48,5,1.0,0.0,1.0
48,6,4.8,0.4216370213557839,0.20000000000000018
48,7,4.0,0.0,1.0
48,8,1.0,0.0,1.0
48,9,1.0,0.0,1.0
48,10,1.0,0.0,0.10000000000000009
48,11,4.0,0.0,0.0
48,12,5.0,0.0,0.0
48,13,1.0,0.0,1.0
48,14,3.9,0.31622776601683794,0.8999999999999999
48,15,1.0,0.0,1.0
48,16,4.0,0.0,1.0
48,17,5.0,0.0,0.0
48,18,3.0,0.0,0.0
48,19,3.0,0.0,1.0
48,20,1.9,0.31622776601683794,0.20000000000000018
48,21,5.0,0.0,0.0
48,22,4.0,0.0,0.2999999999999998
48,23,3.0,0.0,0.6000000000000001
48,24,0.0,0.0,0.0
48,25,0.0,0.0,0.0
48,26,4.0,0.0,1.0
48,27,3.1,0.31622776601683794,0.8999999999999999
48,28,4.0,0.0,0.0
48,29,3.3,0.48304589153964794,0.2999999999999998
48,30,2.0,0.0,1.0
49,1,4.4,0.5163977794943222,0.5999999999999996
49,2,5.0,0.0,0.0
49,3,3.7,0.48304589153964794,1.7000000000000002
49,4,2.0,0.0,0.10000000000000009
49,5,1.9,0.31622776601683794,0.10000000000000009
49,6,5.0,0.0,0.0
49,7,5.0,0.0,0.0
49,8,2.0,0.0,0.0
49,9,2.0,0.0,0.0
49,10,1.6,0.5163977794943223,0.5
49,11,5.0,0.0,1.0
49,12,5.0,0.0,0.0
49,13,2.0,0.0,0.0
49,14,4.0,0.0,1.0
49,15,2.0,0.0,2.0
49,16,5.0,0.0,0.0
49,17,5.0,0.0,0.0
49,18,3.0,0.0,0.0
49,19,3.0,0.0,1.0
49,20,3.8,0.4216370213557839,1.6999999999999997
49,21,5.0,0.0,0.0
49,22,4.1,0.31622776601683794,0.20000000000000018
49,23,2.5,0.5270462766947299,0.10000000000000009
49,24,1.0,0.0,1.0
49,25,2.0,0.0,2.0
49,26,4.0,0.0,1.0
49,27,5.0,0.0,1.0
49,28,4.0,0.0,0.0
49,29,1.0,0.0,2.0
49,30,2.7,0.48304589153964794,0.2999999999999998
50,1,5.0,0.0,0.0
50,2,5.0,0.0,0.0
50,3,4.0,0.0,2.0
50,4,4.2,0.4216370213557839,2.3000000000000003
50,5,4.0,0.0,2.0
50,6,5.0,0.0,0.0
50,7,5.0,0.0,0.0
50,8,5.0,0.0,3.0
50,9,4.0,0.0,2.0
50,10,2.0,0.0,0.8999999999999999
50,11,5.0,0.0,1.0
50,12,5.0,0.0,0.0
50,13,5.0,0.0,3.0
50,14,4.3,0.48304589153964794,1.2999999999999998
50,15,4.0,0.0,4.0
50,16,5.0,0.0,0.0
50,17,5.0,0.0,0.0
50,18,4.0,0.0,1.0
50,19,4.0,0.0,0.0
50,20,4.0,0.0,1.9
50,21,5.0,0.0,0.0
50,22,5.0,0.0,0.7000000000000002
50,23,4.0,0.0,1.6
50,24,2.0,0.0,2.0
50,25,2.0,0.0,2.0
50,26,4.0,0.0,1.0
50,27,3.0,0.0,1.0
50,28,4.0,0.0,0.0
50,29,3.8,0.4216370213557839,0.7999999999999998
50,30,4.0,0.0,1.0
51,1,5.0,0.0,0.0
51,2,5.0,0.0,0.0
51,3,4.0,0.0,2.0
51,4,2.7,0.48304589153964794,0.8000000000000003
51,5,2.3,0.48304589153964794,0.2999999999999998
51,6,5.0,0.0,0.0
51,7,5.0,0.0,0.0
51,8,5.0,0.0,3.0
51,9,2.5,0.5270462766947299,0.5
51,10,3.0,0.0,1.9
51,11,5.0,0.0,1.0
51,12,5.0,0.0,0.0
51,13,5.0,0.0,3.0
51,14,4.0,0.0,1.0
51,15,1.4,0.5163977794943223,1.4
51,16,5.0,0.0,0.0
51,17,5.0,0.0,0.0
51,18,4.0,0.0,1.0
51,19,3.0,0.0,1.0
51,20,1.3,0.4830458915396479,0.8
51,21,5.0,0.0,0.0
51,22,5.0,0.0,0.7000000000000002
51,23,4.0,0.0,1.6
51,24,2.0,0.0,2.0
51,25,2.0,0.0,2.0
51,26,3.0,0.0,0.0
51,27,4.0,0.0,0.0
51,28,3.0,0.9428090415820634,1.0
51,29,2.0,0.0,1.0
51,30,2.0,0.0,1.0
52,1,4.0,0.0,1.0
52,2,5.0,0.0,0.0
52,3,2.0,0.0,0.0
52,4,1.0,0.0,0.8999999999999999
52,5,2.0,0.0,0.0
52,6,5.0,0.0,0.0
52,7,4.3,0.48304589153964794,0.7000000000000002
52,8,3.0,0.0,1.0
52,9,2.0,0.0,0.0
52,10,2.0,0.0,0.8999999999999999
52,11,4.0,0.0,0.0
52,12,5.0,0.0,0.0
52,13,2.0,0.0,0.0
52,14,3.0,0.0,0.0
52,15,1.0,0.0,1.0
52,16,4.0,0.0,1.0
52,17,4.2,0.4216370213557839,0.7999999999999998
52,18,3.0,0.0,0.0
52,19,3.0,0.0,1.0
52,20,2.0,0.0,0.10000000000000009
52,21,5.0,0.0,0.0
52,22,4.0,0.0,0.2999999999999998
52,23,2.1,0.31622776601683794,0.2999999999999998
52,24,1.4,0.9660917830792959,1.4
52,25,0.0,0.0,0.0
52,26,3.0,0.0,0.0
52,27,4.0,0.0,0.0
52,28,3.8,0.4216370213557839,0.20000000000000018
52,29,4.0,0.0,1.0
52,30,2.0,0.0,1.0
53,1,5.0,0.0,0.0
53,2,5.0,0.0,0.0
53,3,5.0,0.0,3.0
53,4,1.0,0.0,0.8999999999999999
53,5,1.7,0.4830458915396479,0.30000000000000004
53,6,5.0,0.0,0.0
53,7,5.0,0.0,0.0
53,8,2.9,0.7378647873726218,0.8999999999999999
53,9,2.1,0.31622776601683794,0.10000000000000009
53,10,2.3,0.48304589153964794,1.1999999999999997
53,11,5.0,0.0,1.0
53,12,5.0,0.0,0.0
53,13,3.3,0.48304589153964794,1.2999999999999998
53,14,4.0,0.0,1.0
53,15,2.0,0.0,2.0
53,16,5.0,0.0,0.0
53,17,5.0,0.0,0.0
53,18,5.0,0.0,2.0
53,19,2.0,0.0,2.0
53,20,3.1,0.31622776601683794,1.0
53,21,5.0,0.0,0.0
53,22,5.0,0.0,0.7000000000000002
53,23,4.0,0.0,1.6
53,24,1.5,0.5270462766947299,1.5
53,25,1.1,0.31622776601683794,1.1
53,26,4.7,0.48304589153964794,1.7000000000000002
53,27,5.0,0.0,1.0
53,28,2.0,0.0,2.0
53,29,1.0,0.0,2.0
53,30,2.0,0.0,1.0
54,1,5.0,0.0,0.0
54,2,4.0,0.0,1.0
54,3,1.7,0.4830458915396479,0.30000000000000004
54,4,2.0,0.0,0.10000000000000009
54,5,1.7,0.4830458915396479,0.30000000000000004
54,6,5.0,0.0,0.0
54,7,3.5,0.5270462766947299,1.5
54,8,1.0,0.0,1.0
54,9,2.0,0.0,0.0
54,10,2.0,0.0,0.8999999999999999
54,11,3.8,0.4216370213557839,0.20000000000000018
54,12,4.0,0.0,1.0
54,13,1.0,0.0,1.0
54,14,3.0,0.0,0.0
54,15,2.0,0.0,2.0
54,16,5.0,0.0,0.0
54,17,5.0,0.0,0.0
54,18,3.0,0.0,0.0
54,19,3.0,0.0,1.0
54,20,2.0,0.0,0.10000000000000009
54,21,5.0,0.0,0.0
54,22,3.6,0.5163977794943223,0.6999999999999997
54,23,3.0,0.0,0.6000000000000001
54,24,0.0,0.0,0.0
54,25,0.0,0.0,0.0
54,26,4.0,0.0,1.0
54,27,4.0,0.0,0.0
54,28,4.0,0.0,0.0
54,29,2.0,0.0,1.0
54,30,2.0,0.0,1.0
55,1,4.0,0.0,1.0
55,2,5.0,0.0,0.0
55,3,2.0,0.0,0.0
55,4,2.8,0.4216370213557839,0.8999999999999999
55,5,2.0,0.0,0.0
55,6,5.0,0.0,0.0
55,7,5.0,0.0,0.0
55,8,4.0,0.0,2.0
55,9,2.3,0.48304589153964794,0.2999999999999998
55,10,2.0,0.0,0.8999999999999999
55,11,4.0,0.0,0.0
55,12,5.0,0.0,0.0
55,13,3.0,0.0,1.0
55,14,3.7,0.48304589153964794,0.7000000000000002
55,15,3.0,0.0,3.0
55,16,4.0,0.0,1.0
55,17,4.0,0.0,1.0
55,18,4.0,0.0,1.0
55,19,4.0,0.0,0.0
55,20,3.0,0.0,0.8999999999999999
55,21,5.0,0.0,0.0
55,22,4.1,0.31622776601683794,0.20000000000000018
55,23,3.0,0.0,0.6000000000000001
55,24,2.0,0.0,2.0
55,25,1.0,0.0,1.0
55,26,4.0,0.0,1.0
55,27,4.0,0.0,0.0
55,28,4.0,0.0,0.0
55,29,4.0,0.0,1.0
55,30,2.5,0.5270462766947299,0.5
56,1,5.0,0.0,0.0
56,2,5.0,0.0,0.0
56,3,2.0,0.0,0.0
56,4,2.7,0.48304589153964794,0.8000000000000003
56,5,2.0,0.0,0.0
56,6,5.0,0.0,0.0
56,7,5.0,0.0,0.0
56,8,4.0,0.0,2.0
56,9,2.8,0.4216370213557839,0.7999999999999998
56,10,1.9,0.31622776601683794,0.7999999999999998
56,11,5.0,0.0,1.0
56,12,5.0,0.0,0.0
56,13,3.6,0.5163977794943223,1.6
56,14,4.0,0.0,1.0
56,15,4.0,0.0,4.0
56,16,5.0,0.0,0.0
56,17,5.0,0.0,0.0
56,18,4.0,0.0,1.0
56,19,4.0,0.0,0.0
56,20,4.0,0.0,1.9
56,21,5.0,0.0,0.0
56,22,5.0,0.0,0.7000000000000002
56,23,4.0,0.0,1.6
56,24,3.0,0.0,3.0
56,25,1.0,0.0,1.0
56,26,4.5,0.5270462766947299,1.5
56,27,5.0,0.0,1.0
56,28,4.0,0.0,0.0
56,29,4.0,0.0,1.0
56,30,4.0,0.0,1.0
57,1,4.2,0.4216370213557839,0.7999999999999998
57,2,5.0,0.0,0.0
57,3,3.0,0.0,1.0
57,4,3.0,0.0,1.1
57,5,2.0,0.0,0.0
57,6,5.0,0.0,0.0
57,7,5.0,0.0,0.0
57,8,3.0,0.0,1.0
57,9,3.0,0.0,1.0
57,10,2.0,0.0,0.8999999999999999
57,11,5.0,0.0,1.0
57,12,5.0,0.0,0.0
57,13,3.0,0.0,1.0
57,14,4.0,0.0,1.0
57,15,3.0,0.0,3.0
57,16,5.0,0.0,0.0
57,17,5.0,0.0,0.0
57,18,5.0,0.0,2.0
57,19,4.0,0.0,0.0
57,20,2.7,0.48304589153964794,0.6000000000000001
57,21,5.0,0.0,0.0
57,22,4.0,0.0,0.2999999999999998
57,23,3.0,0.0,0.6000000000000001
57,24,2.0,0.0,2.0
57,25,1.5,0.5270462766947299,1.5
57,26,4.0,0.0,1.0
57,27,4.0,0.0,0.0
57,28,4.0,0.0,0.0
57,29,3.1,0.31622776601683794,0.10000000000000009
57,30,3.0,0.0,0.0
58,1,3.0,0.0,2.0
58,2,3.0,0.0,2.0
58,3,2.0,0.0,0.0
58,4,2.0,0.0,0.10000000000000009
58,5,2.0,0.0,0.0
58,6,3.6,0.5163977794943223,1.4
58,7,3.0,0.0,2.0
58,8,2.0,0.0,0.0
58,9,2.0,0.0,0.0
58,10,2.0,0.0,0.8999999999999999
58,11,3.0,0.0,1.0
58,12,2.7,0.48304589153964794,2.3
58,13,2.0,0.0,0.0
58,14,3.0,0.0,0.0
58,15,1.0,0.0,1.0
58,16,3.0,0.0,2.0
58,17,4.0,0.0,1.0
58,18,3.0,0.0,0.0
58,19,3.0,0.0,1.0
58,20,2.0,0.0,0.10000000000000009
58,21,5.0,0.0,0.0
58,22,3.0,0.0,1.2999999999999998
58,23,3.1,0.31622776601683794,0.7000000000000002
58,24,1.0,0.0,1.0
58,25,1.0,0.0,1.0
58,26,3.7,0.48304589153964794,0.7000000000000002
58,27,3.0,0.0,1.0
58,28,4.0,0.0,0.0
58,29,3.0,0.0,0.0
58,30,2.0,0.0,1.0
59,1,4.3,0.48304589153964794,0.7000000000000002
59,2,4.1,0.31622776601683794,0.9000000000000004
59,3,3.0,0.0,1.0
59,4,3.0,0.0,1.1
59,5,2.0,0.0,0.0
59,6,5.0,0.0,0.0
59,7,4.5,0.5270462766947299,0.5
59,8,3.0,0.0,1.0
59,9,3.0,0.0,1.0
59,10,3.0,0.0,1.9
59,11,5.0,0.0,1.0
59,12,5.0,0.0,0.0
59,13,3.1,0.31622776601683794,1.1
59,14,3.1,0.31622776601683794,0.10000000000000009
59,15,3.0,0.0,3.0
59,16,5.0,0.0,0.0
59,17,5.0,0.0,0.0
59,18,4.0,0.0,1.0
59,19,3.8,0.4216370213557839,0.20000000000000018
59,20,3.0,0.0,0.8999999999999999
59,21,5.0,0.0,0.0
59,22,4.0,0.0,0.2999999999999998
59,23,4.0,0.0,1.6
59,24,2.0,0.0,2.0
59,25,1.1,0.31622776601683794,1.1
59,26,4.0,0.0,1.0
59,27,4.0,0.0,0.0
59,28,3.0,0.0,1.0
59,29,3.0,0.0,0.0
59,30,3.0,0.0,0.0
60,1,2.4,0.5163977794943223,2.6
60,2,3.4,0.5163977794943223,1.6
60,3,2.0,0.0,0.0
60,4,2.0,0.0,0.10000000000000009
60,5,1.0,0.0,1.0
60,6,3.0,0.0,2.0
60,7,4.0,0.0,1.0
60,8,3.0,0.0,1.0
60,9,2.0,0.0,0.0
60,10,1.0,0.0,0.10000000000000009
60,11,2.1,0.31622776601683794,1.9
60,12,4.0,0.0,1.0
60,13,4.0,0.0,2.0
60,14,3.0,0.0,0.0
60,15,2.0,0.0,2.0
60,16,3.6,0.5163977794943223,1.4
60,17,4.0,0.0,1.0
60,18,5.0,0.0,2.0
60,19,4.0,0.0,0.0
60,20,2.0,0.0,0.10000000000000009
60,21,5.0,0.0,0.0
60,22,4.0,0.0,0.2999999999999998
60,23,3.0,0.0,0.6000000000000001
60,24,2.0,0.0,2.0
60,25,1.0,0.0,1.0
60,26,4.0,0.0,1.0
60,27,3.1,0.31622776601683794,0.8999999999999999
60,28,4.0,0.0,0.0
60,29,3.2,1.0327955589886446,0.20000000000000018
60,30,2.0,0.0,1.0
61,1,2.0,0.0,3.0
61,2,2.0,0.0,3.0
61,3,0.9,0.31622776601683794,1.1
61,4,0.9,0.31622776601683794,0.9999999999999999
61,5,0.0,0.0,2.0
61,6,2.4,0.5163977794943223,2.6
61,7,2.0,0.0,3.0
61,8,0.0,0.0,2.0
61,9,1.0,0.0,1.0
61,10,0.0,0.0,1.1
61,11,2.0,0.0,2.0
61,12,2.0,0.0,3.0
61,13,1.0,0.0,1.0
61,14,2.1,0.31622776601683794,0.8999999999999999
61,15,0.0,0.0,0.0
61,16,4.0,0.0,1.0
61,17,4.0,0.0,1.0
61,18,3.6,0.5163977794943223,0.6000000000000001
61,19,3.0,0.0,1.0
61,20,2.0,0.0,0.10000000000000009
61,21,5.0,0.0,0.0
61,22,3.9,0.31622776601683794,0.3999999999999999
61,23,2.0,0.0,0.3999999999999999
61,24,0.0,0.0,0.0
61,25,0.0,0.0,0.0
61,26,3.0,0.0,0.0
61,27,3.3,0.48304589153964794,0.7000000000000002
61,28,4.0,0.0,0.0
61,29,2.8,0.4216370213557839,0.20000000000000018
61,30,0.0,0.0,3.0
62,1,4.4,0.5163977794943222,0.5999999999999996
62,2,5.0,0.0,0.0
62,3,2.0,0.0,0.0
62,4,2.4,0.5163977794943223,0.5
62,5,2.0,0.0,0.0
62,6,5.0,0.0,0.0
62,7,4.2,0.4216370213557839,0.7999999999999998
62,8,3.0,0.0,1.0
62,9,2.0,0.0,0.0
62,10,2.0,0.0,0.8999999999999999
62,11,5.0,0.0,1.0
62,12,5.0,0.0,0.0
62,13,3.0,0.0,1.0
62,14,3.9,0.31622776601683794,0.8999999999999999
62,15,3.0,0.0,3.0
62,16,5.0,0.0,0.0
62,17,5.0,0.0,0.0
62,18,4.0,0.0,1.0
62,19,4.0,0.0,0.0
62,20,2.0,0.0,0.10000000000000009
62,21,5.0,0.0,0.0
62,22,4.0,0.0,0.2999999999999998
62,23,4.0,0.0,1.6
62,24,1.2,0.42163702135578396,1.2
62,25,1.0,0.0,1.0
62,26,4.0,0.0,1.0
62,27,4.0,0.0,0.0
62,28,4.0,0.0,0.0
62,29,4.0,0.0,1.0
62,30,3.0,0.0,0.0
63,1,5.0,0.0,0.0
63,2,5.0,0.0,0.0
63,3,2.0,0.0,0.0
63,4,2.0,0.0,0.10000000000000009
63,5,1.0,0.0,1.0
63,6,5.0,0.0,0.0
63,7,5.0,0.0,0.0
63,8,2.0,0.0,0.0
63,9,2.0,0.0,0.0
63,10,1.0,0.0,0.10000000000000009
63,11,4.0,0.0,0.0
63,12,5.0,0.0,0.0
63,13,1.0,0.0,1.0
63,14,3.0,0.0,0.0
63,15,2.0,0.0,2.0
63,16,5.0,0.0,0.0
63,17,5.0,0.0,0.0
63,18,2.0,0.0,1.0
63,19,3.0,0.0,1.0
63,20,1.0,0.0,1.1
63,21,5.0,0.0,0.0
63,22,5.0,0.0,0.7000000000000002
63,23,2.0,0.0,0.3999999999999999
63,24,1.0,0.0,1.0
63,25,1.0,0.0,1.0
63,26,4.0,0.0,1.0
63,27,5.0,0.0,1.0
63,28,4.0,0.0,0.0
63,29,2.0,0.0,1.0
63,30,2.0,0.0,1.0
64,1,4.0,0.0,1.0
64,2,5.0,0.0,0.0
64,3,2.0,0.0,0.0
64,4,2.0,0.0,0.10000000000000009
64,5,2.0,0.0,0.0
64,6,4.8,0.4216370213557839,0.20000000000000018
64,7,4.0,0.0,1.0
64,8,2.0,0.0,0.0
64,9,2.0,0.0,0.0
64,10,2.0,0.0,0.8999999999999999
64,11,4.0,0.0,0.0
64,12,5.0,0.0,0.0
64,13,2.0,0.0,0.0
64,14,3.1,0.31622776601683794,0.10000000000000009
64,15,1.0,0.0,1.0
64,16,4.0,0.0,1.0
64,17,4.8,0.4216370213557839,0.20000000000000018
64,18,4.0,0.0,1.0
64,19,3.0,0.0,1.0
64,20,2.0,0.0,0.10000000000000009
64,21,5.0,0.0,0.0
64,22,4.0,0.0,0.2999999999999998
64,23,2.0,0.0,0.3999999999999999
64,24,0.0,0.0,0.0
64,25,1.0,0.0,1.0
64,26,4.0,0.0,1.0
64,27,4.0,0.0,0.0
64,28,2.8,0.4216370213557839,1.2000000000000002
64,29,2.0,0.0,1.0
64,30,2.0,0.0,1.0
65,1,4.0,0.0,1.0
65,2,5.0,0.0,0.0
65,3,2.0,0.0,0.0
65,4,2.0,0.0,0.10000000000000009
65,5,2.0,0.0,0.0
65,6,5.0,0.0,0.0
65,7,5.0,0.0,0.0
65,8,3.0,0.0,1.0
65,9,3.0,0.0,1.0
65,10,2.3,0.48304589153964794,1.1999999999999997
65,11,5.0,0.0,1.0
65,12,5.0,0.0,0.0
65,13,4.0,0.0,2.0
65,14,3.0,0.0,0.0
65,15,1.6,0.5163977794943223,1.6
65,16,5.0,0.0,0.0
65,17,5.0,0.0,0.0
65,18,5.0,0.0,2.0
65,19,3.0,0.0,1.0
65,20,2.0,0.0,0.10000000000000009
65,21,5.0,0.0,0.0
65,22,4.6,0.5163977794943222,0.2999999999999998
65,23,4.0,0.0,1.6
65,24,1.0,0.0,1.0
65,25,0.0,0.0,0.0
65,26,5.0,0.0,2.0
65,27,4.0,0.0,0.0
65,28,2.0,0.0,2.0
65,29,2.0,0.0,1.0
65,30,2.3,0.48304589153964794,0.7000000000000002
66,1,2.0,0.0,3.0
66,2,2.0,0.0,3.0
66,3,1.0,0.0,1.0
66,4,1.0,0.0,0.8999999999999999
66,5,1.0,0.0,1.0
66,6,5.0,0.0,0.0
66,7,3.9,0.31622776601683794,1.1
66,8,0.0,0.0,2.0
66,9,1.9,0.31622776601683794,0.10000000000000009
66,10,1.0,0.0,0.10000000000000009
66,11,3.7,0.48304589153964794,0.2999999999999998
66,12,2.5,0.5270462766947299,2.5
66,13,0.2,0.42163702135578396,1.8
66,14,3.0,0.0,0.0
66,15,0.1,0.31622776601683794,0.1
66,16,4.0,0.0,1.0
66,17,4.0,0.0,1.0
66,18,3.0,0.0,0.0
66,19,3.0,0.0,1.0
66,20,2.0,0.0,0.10000000000000009
66,21,5.0,0.0,0.0
66,22,3.9,0.31622776601683794,0.3999999999999999
66,23,3.0,0.0,0.6000000000000001
66,24,0.0,0.0,0.0
66,25,2.0,0.0,2.0
66,26,2.3,0.48304589153964794,0.7000000000000002
66,27,3.3,0.48304589153964794,0.7000000000000002
66,28,4.0,0.0,0.0
66,29,2.0,0.0,1.0
66,30,0.0,0.0,3.0
67,1,3.6,0.5163977794943223,1.4
67,2,4.0,0.0,1.0
67,3,0.2,0.42163702135578396,1.8
67,4,0.0,0.0,1.9
67,5,0.0,0.0,2.0
67,6,3.9,0.31622776601683794,1.1
67,7,4.0,0.0,1.0
67,8,0.3,0.4830458915396479,1.7
67,9,1.0,0.0,1.0
67,10,0.7,0.48304589153964794,0.40000000000000013
67,11,2.0,0.0,2.0
67,12,5.0,0.0,0.0
67,13,0.4,0.5163977794943223,1.6
67,14,2.0,0.0,1.0
67,15,0.0,0.0,0.0
67,16,4.7,0.48304589153964794,0.2999999999999998
67,17,5.0,0.0,0.0
67,18,3.0,0.0,0.0
67,19,1.0,0.0,3.0
67,20,0.0,0.0,2.1
67,21,5.0,0.0,0.0
67,22,4.0,0.0,0.2999999999999998
67,23,2.5,0.5270462766947299,0.10000000000000009
67,24,0.0,0.0,0.0
67,25,0.0,0.0,0.0
67,26,3.0,0.0,0.0
67,27,4.0,0.0,0.0
67,28,3.3,0.48304589153964794,0.7000000000000002
67,29,1.0,0.0,2.0
67,30,2.0,0.0,1.0
68,1,4.0,0.0,1.0
68,2,5.0,0.0,0.0
68,3,2.0,0.0,0.0
68,4,2.0,0.0,0.10000000000000009
68,5,2.0,0.0,0.0
68,6,5.0,0.0,0.0
68,7,4.3,0.48304589153964794,0.7000000000000002
68,8,3.0,0.0,1.0
68,9,2.0,0.0,0.0
68,10,1.8,0.42163702135578396,0.7
68,11,4.0,0.0,0.0
68,12,5.0,0.0,0.0
68,13,3.0,0.0,1.0
68,14,3.0,0.0,0.0
68,15,2.0,0.0,2.0
68,16,4.0,0.0,1.0
68,17,5.0,0.0,0.0
68,18,4.0,0.0,1.0
68,19,4.0,0.0,0.0
68,20,2.0,0.0,0.10000000000000009
68,21,5.0,0.0,0.0
68,22,4.0,0.0,0.2999999999999998
68,23,2.2,0.4216370213557839,0.19999999999999973
68,24,1.0,0.0,1.0
68,25,1.0,0.0,1.0
68,26,3.0,0.0,0.0
68,27,4.0,0.0,0.0
68,28,4.0,0.0,0.0
68,29,3.0,0.0,0.0
68,30,2.6,0.5163977794943223,0.3999999999999999
69,1,4.0,0.0,1.0
69,2,4.0,0.0,1.0
69,3,2.0,0.0,0.0
69,4,2.5,0.5270462766947299,0.6000000000000001
69,5,2.0,0.0,0.0
69,6,4.7,0.48304589153964794,0.2999999999999998
69,7,4.0,0.0,1.0
69,8,4.0,0.0,2.0
69,9,3.0,0.0,1.0
69,10,2.0,0.0,0.8999999999999999
69,11,4.0,0.0,0.0
69,12,5.0,0.0,0.0
69,13,3.6,0.5163977794943223,1.6
69,14,3.0,0.0,0.0
69,15,2.0,0.0,2.0
69,16,5.0,0.0,0.0
69,17,5.0,0.0,0.0
69,18,3.8,0.4216370213557839,0.7999999999999998
69,19,3.0,0.0,1.0
69,20,2.0,0.0,0.10000000000000009
69,21,5.0,0.0,0.0
69,22,4.0,0.0,0.2999999999999998
69,23,3.0,0.0,0.6000000000000001
69,24,1.2,1.0327955589886444,1.2
69,25,0.0,0.0,0.0
69,26,3.0,0.0,0.0
69,27,4.0,0.0,0.0
69,28,4.0,0.0,0.0
69,29,3.0,0.0,0.0
69,30,2.4,0.5163977794943223,0.6000000000000001
70,1,5.0,0.0,0.0
70,2,5.0,0.0,0.0
70,3,2.0,0.0,0.0
70,4,2.0,0.0,0.10000000000000009
70,5,2.0,0.0,0.0
70,6,5.0,0.0,0.0
70,7,4.1,0.31622776601683794,0.9000000000000004
70,8,2.9,0.31622776601683794,0.8999999999999999
70,9,2.6,0.5163977794943223,0.6000000000000001
70,10,2.0,0.0,0.8999999999999999
70,11,4.9,0.31622776601683794,0.9000000000000004
70,12,5.0,0.0,0.0
70,13,3.0,0.0,1.0
70,14,3.0,0.0,0.0
70,15,2.0,0.0,2.0
70,16,5.0,0.0,0.0
70,17,5.0,0.0,0.0
70,18,3.0,0.0,0.0
70,19,3.0,0.0,1.0
70,20,3.0,0.0,0.8999999999999999
70,21,5.0,0.0,0.0
70,22,4.0,0.0,0.2999999999999998
70,23,3.0,0.0,0.6000000000000001
70,24,1.9,0.31622776601683794,1.9
70,25,1.0,0.0,1.0
70,26,4.1,0.31622776601683794,1.0999999999999996
70,27,4.0,0.0,0.0
70,28,2.0,0.0,2.0
70,29,2.0,0.0,1.0
70,30,3.0,0.0,0.0
71,1,3.9,0.31622776601683794,1.1
71,2,4.0,0.0,1.0
71,3,1.0,0.0,1.0
71,4,1.0,0.0,0.8999999999999999
71,5,2.0,0.0,0.0
71,6,5.0,0.0,0.0
71,7,4.0,0.0,1.0
71,8,1.0,0.0,1.0
71,9,1.0,0.0,1.0
71,10,1.0,0.0,0.10000000000000009
71,11,4.0,0.0,0.0
71,12,5.0,0.0,0.0
71,13,1.0,0.0,1.0
71,14,3.9,0.31622776601683794,0.8999999999999999
71,15,1.0,0.0,1.0
71,16,5.0,0.0,0.0
71,17,4.7,0.48304589153964794,0.2999999999999998
71,18,4.0,0.0,1.0
71,19,3.0,0.0,1.0
71,20,1.0,0.0,1.1
71,21,5.0,0.0,0.0
71,22,4.0,0.0,0.2999999999999998
71,23,3.0,0.0,0.6000000000000001
71,24,0.0,0.0,0.0
71,25,0.0,0.0,0.0
71,26,3.0,0.0,0.0
71,27,4.0,0.0,0.0
71,28,4.0,0.0,0.0
71,29,2.0,0.0,1.0
71,30,2.0,0.0,1.0
72,1,4.8,0.4216370213557839,0.20000000000000018
72,2,5.0,0.0,0.0
72,3,3.0,0.0,1.0
72,4,3.0,0.0,1.1
72,5,3.2,0.4216370213557839,1.2000000000000002
72,6,5.0,0.0,0.0
72,7,5.0,0.0,0.0
72,8,3.0,0.0,1.0
72,9,3.0,0.0,1.0
72,10,2.0,0.0,0.8999999999999999
72,11,5.0,0.0,1.0
72,12,5.0,0.0,0.0
72,13,4.0,0.0,2.0
72,14,4.0,0.0,1.0
72,15,4.1,0.31622776601683794,4.1
72,16,4.9,0.31622776601683794,0.09999999999999964
72,17,5.0,0.0,0.0
72,18,4.0,0.0,1.0
72,19,4.0,0.0,0.0
72,20,3.0,0.0,0.8999999999999999
72,21,5.0,0.0,0.0
72,22,5.0,0.0,0.7000000000000002
72,23,3.0,0.0,0.6000000000000001
72,24,2.0,0.0,2.0
72,25,2.0,0.0,2.0
72,26,4.0,0.0,1.0
72,27,4.0,0.0,0.0
72,28,4.0,0.0,0.0
72,29,4.0,0.0,1.0
72,30,3.3,0.48304589153964794,0.2999999999999998
73,1,4.6,0.5163977794943222,0.40000000000000036
73,2,5.0,0.0,0.0
73,3,2.0,0.0,0.0
73,4,2.0,0.0,0.10000000000000009
73,5,2.0,0.0,0.0
73,6,5.0,0.0,0.0
73,7,5.0,0.0,0.0
73,8,4.0,0.0,2.0
73,9,3.0,0.0,1.0
73,10,2.0,0.0,0.8999999999999999
73,11,5.0,0.0,1.0
73,12,5.0,0.0,0.0
73,13,4.0,0.0,2.0
73,14,3.0,0.0,0.0
73,15,2.0,0.0,2.0
73,16,4.5,0.5270462766947299,0.5
73,17,5.0,0.0,0.0
73,18,2.0,0.0,1.0
73,19,3.0,0.0,1.0
73,20,3.0,0.0,0.8999999999999999
73,21,5.0,0.0,0.0
73,22,4.0,0.0,0.2999999999999998
73,23,2.3,0.48304589153964794,0.10000000000000009
73,24,1.0,0.0,1.0
73,25,1.0,0.0,1.0
73,26,4.0,0.0,1.0
73,27,4.1,0.31622776601683794,0.09999999999999964
73,28,2.0,0.0,2.0
73,29,2.0,0.0,1.0
73,30,2.0,0.0,1.0
74,1,5.0,0.0,0.0
74,2,5.0,0.0,0.0
74,3,4.0,0.0,2.0
74,4,4.0,0.0,2.1
74,5,3.0,0.0,1.0
74,6,5.0,0.0,0.0
74,7,5.0,0.0,0.0
74,8,4.0,0.0,2.0
74,9,4.0,0.0,2.0
74,10,2.0,0.0,0.8999999999999999
74,11,5.0,0.0,1.0
74,12,5.0,0.0,0.0
74,13,4.0,0.0,2.0
74,14,4.0,0.0,1.0
74,15,3.2,0.4216370213557839,3.2
74,16,5.0,0.0,0.0
74,17,5.0,0.0,0.0
74,18,5.0,0.0,2.0
74,19,4.0,0.0,0.0
74,20,4.0,0.0,1.9
74,21,5.0,0.0,0.0
74,22,5.0,0.0,0.7000000000000002
74,23,4.0,0.0,1.6
74,24,3.0,0.0,3.0
74,25,2.0,0.0,2.0
74,26,4.7,0.48304589153964794,1.7000000000000002
74,27,4.0,0.0,0.0
74,28,4.0,0.0,0.0
74,29,2.9,0.31622776601683794,0.10000000000000009
74,30,4.0,0.0,1.0
75,1,5.0,0.0,0.0
75,2,5.0,0.0,0.0
75,3,4.0,0.0,2.0
75,4,1.0,0.0,0.8999999999999999
75,5,1.0,0.0,1.0
75,6,5.0,0.0,0.0
75,7,5.0,0.0,0.0
75,8,5.0,0.0,3.0
75,9,2.4,0.5163977794943223,0.3999999999999999
75,10,5.0,0.0,3.9
75,11,5.0,0.0,1.0
75,12,5.0,0.0,0.0
75,13,5.0,0.0,3.0
75,14,4.0,0.0,1.0
75,15,0.9,0.31622776601683794,0.9
75,16,4.0,0.0,1.0
75,17,5.0,0.0,0.0
75,18,5.0,0.0,2.0
75,19,2.5,0.5270462766947299,1.5
75,20,4.0,0.0,1.9
75,21,5.0,0.0,0.0
75,22,5.0,0.0,0.7000000000000002
75,23,5.0,0.0,2.6
75,24,0.0,0.0,0.0
75,25,0.0,0.0,0.0
75,26,5.0,0.0,2.0
75,27,4.8,0.4216370213557839,0.7999999999999998
75,28,5.0,0.0,1.0
75,29,1.0,0.0,2.0
75,30,2.0,0.0,1.0
76,1,4.6,0.5163977794943222,0.40000000000000036
76,2,5.0,0.0,0.0
76,3,2.0,0.0,0.0
76,4,5.0,0.0,3.1
76,5,5.0,0.0,3.0
76,6,5.0,0.0,0.0
76,7,5.0,0.0,0.0
76,8,3.0,0.0,1.0
76,9,2.0,0.0,0.0
76,10,2.5,0.5270462766947299,1.4
76,11,5.0,0.0,1.0
76,12,5.0,0.0,0.0
76,13,4.0,0.0,2.0
76,14,4.0,0.0,1.0
76,15,5.0,0.0,5.0
76,16,5.0,0.0,0.0
76,17,5.0,0.0,0.0
76,18,4.0,0.0,1.0
76,19,5.0,0.0,1.0
76,20,5.0,0.0,2.9
76,21,5.0,0.0,0.0
76,22,5.0,0.0,0.7000000000000002
76,23,4.7,0.48304589153964794,2.3000000000000003
76,24,4.5,0.5270462766947299,4.5
76,25,5.0,0.0,5.0
76,26,5.0,0.0,2.0
76,27,4.0,0.0,0.0
76,28,5.0,0.0,1.0
76,29,2.0,0.0,1.0
76,30,5.0,0.0,2.0
77,1,4.0,0.0,1.0
77,2,5.0,0.0,0.0
77,3,3.0,0.0,1.0
77,4,3.0,0.0,1.1
77,5,2.6,0.5163977794943223,0.6000000000000001
77,6,5.0,0.0,0.0
77,7,5.0,0.0,0.0
77,8,3.0,0.0,1.0
77,9,3.0,0.0,1.0
77,10,2.0,0.0,0.8999999999999999
77,11,5.0,0.0,1.0
77,12,5.0,0.0,0.0
77,13,3.0,0.0,1.0
77,14,3.0,0.0,0.0
77,15,3.0,0.0,3.0
77,16,5.0,0.0,0.0
77,17,5.0,0.0,0.0
77,18,4.0,0.0,1.0
77,19,4.0,0.0,0.0
77,20,3.0,0.0,0.8999999999999999
77,21,5.0,0.0,0.0
77,22,5.0,0.0,0.7000000000000002
77,23,4.0,0.0,1.6
77,24,2.0,0.0,2.0
77,25,2.0,0.0,2.0
77,26,4.0,0.0,1.0
77,27,4.0,0.0,0.0
77,28,3.9,0.31622776601683794,0.10000000000000009
77,29,4.0,0.0,1.0
77,30,3.0,0.0,0.0
78,1,2.3,0.48304589153964794,2.7
78,2,5.0,0.0,0.0
78,3,2.0,0.0,0.0
78,4,2.0,0.0,0.10000000000000009
78,5,1.0,0.0,1.0
78,6,5.0,0.0,0.0
78,7,4.0,0.0,1.0
78,8,2.0,0.0,0.0
78,9,3.0,0.0,1.0
78,10,1.0,0.0,0.10000000000000009
78,11,3.1,0.31622776601683794,0.8999999999999999
78,12,5.0,0.0,0.0
78,13,1.0,0.0,1.0
78,14,3.0,0.0,0.0
78,15,2.0,0.0,2.0
78,16,4.0,0.0,1.0
78,17,4.0,0.0,1.0
78,18,4.0,0.0,1.0
78,19,3.5,0.5270462766947299,0.5
78,20,2.0,0.0,0.10000000000000009
78,21,5.0,0.0,0.0
78,22,4.0,0.0,0.2999999999999998
78,23,3.0,0.0,0.6000000000000001
78,24,2.0,0.0,2.0
78,25,2.0,0.0,2.0
78,26,2.4,0.5163977794943223,0.6000000000000001
78,27,4.0,0.0,0.0
78,28,3.0,0.0,1.0
78,29,3.0,0.0,0.0
78,30,2.0,0.0,1.0
79,1,4.0,0.0,1.0
79,2,5.0,0.0,0.0
79,3,2.0,0.0,0.0
79,4,2.0,0.0,0.10000000000000009
79,5,2.0,0.0,0.0
79,6,4.9,0.31622776601683794,0.09999999999999964
79,7,4.0,0.0,1.0
79,8,3.0,0.0,1.0
79,9,3.0,0.0,1.0
79,10,2.0,0.0,0.8999999999999999
79,11,4.0,0.0,0.0
79,12,5.0,0.0,0.0
79,13,3.0,0.0,1.0
79,14,3.0,0.0,0.0
79,15,1.3,0.4830458915396479,1.3
79,16,4.0,0.0,1.0
79,17,4.2,0.4216370213557839,0.7999999999999998
79,18,2.9,0.31622776601683794,0.10000000000000009
79,19,3.0,0.0,1.0
79,20,2.0,0.0,0.10000000000000009
79,21,5.0,0.0,0.0
79,22,4.0,0.0,0.2999999999999998
79,23,3.0,0.0,0.6000000000000001
79,24,1.2,0.6324555320336759,1.2
79,25,1.6,0.5163977794943223,1.6
79,26,3.0,0.0,0.0
79,27,4.0,0.0,0.0
79,28,2.9,0.31622776601683794,1.1
79,29,2.0,0.0,1.0
79,30,2.0,0.0,1.0
80,1,5.0,0.0,0.0
80,2,5.0,0.0,0.0
80,3,1.7,0.4830458915396479,0.30000000000000004
80,4,1.0,0.0,0.8999999999999999
80,5,1.0,0.0,1.0
80,6,5.0,0.0,0.0
80,7,5.0,0.0,0.0
80,8,1.0,0.0,1.0
80,9,1.0,0.0,1.0
80,10,0.1,0.31622776601683794,1.0
80,11,4.0,0.0,0.0
80,12,5.0,0.0,0.0
80,13,0.3,0.4830458915396479,1.7
80,14,3.9,0.31622776601683794,0.8999999999999999
80,15,2.0,0.0,2.0
80,16,5.0,0.0,0.0
80,17,5.0,0.0,0.0
80,18,3.0,0.0,0.0
80,19,4.0,0.0,0.0
80,20,2.0,0.0,0.10000000000000009
80,21,5.0,0.0,0.0
80,22,5.0,0.0,0.7000000000000002
80,23,2.0,0.0,0.3999999999999999
80,24,1.1,0.31622776601683794,1.1
80,25,0.6,0.5163977794943223,0.6
80,26,4.0,0.0,1.0
80,27,4.2,0.4216370213557839,0.20000000000000018
80,28,4.0,0.0,0.0
80,29,2.0,0.0,1.0
80,30,2.0,0.0,1.0
81,1,2.0,0.0,3.0
81,2,2.9,0.31622776601683794,2.1
81,3,1.0,0.0,1.0
81,4,2.0,0.0,0.10000000000000009
81,5,2.0,0.0,0.0
81,6,3.0,0.0,2.0
81,7,2.9,0.31622776601683794,2.1
81,8,2.0,0.0,0.0
81,9,1.0,0.0,1.0
81,10,2.0,0.0,0.8999999999999999
81,11,3.0,0.0,1.0
81,12,2.0,0.0,3.0
81,13,2.0,0.0,0.0
81,14,1.8,0.4216370213557839,1.2
81,15,3.3,0.9486832980505138,3.3
81,16,3.0,0.0,2.0
81,17,2.6,0.5163977794943223,2.4
81,18,2.0,0.0,1.0
81,19,3.0,0.0,1.0
81,20,2.4,0.5163977794943223,0.2999999999999998
81,21,4.0,0.0,1.0
81,22,3.0,0.0,1.2999999999999998
81,23,2.0,0.0,0.3999999999999999
81,24,3.0,0.0,3.0
81,25,2.0,0.0,2.0
81,26,3.0,1.0540925533894598,0.0
81,27,3.2,0.4216370213557839,0.7999999999999998
81,28,1.9,0.31622776601683794,2.1
81,29,1.8,0.42163702135578396,1.2
81,30,4.0,0.0,1.0
82,1,4.0,0.0,1.0
82,2,4.0,0.0,1.0
82,3,1.5,0.5270462766947299,0.5
82,4,2.4,0.5163977794943223,0.5
82,5,2.0,0.0,0.0
82,6,4.0,0.0,1.0
82,7,5.0,0.0,0.0
82,8,2.0,0.0,0.0
82,9,2.7,0.48304589153964794,0.7000000000000002
82,10,2.0,0.0,0.8999999999999999
82,11,4.0,0.0,0.0
82,12,5.0,0.0,0.0
82,13,2.0,0.0,0.0
82,14,4.0,0.0,1.0
82,15,1.0,0.0,1.0
82,16,4.0,0.0,1.0
82,17,5.0,0.0,0.0
82,18,5.0,0.0,2.0
82,19,4.0,0.0,0.0
82,20,3.0,0.0,0.8999999999999999
82,21,5.0,0.0,0.0
82,22,4.0,0.0,0.2999999999999998
82,23,4.0,0.0,1.6
82,24,2.0,0.0,2.0
82,25,1.4,0.5163977794943223,1.4
82,26,4.0,0.0,1.0
82,27,4.0,0.0,0.0
82,28,4.0,0.0,0.0
82,29,3.1,0.31622776601683794,0.10000000000000009
82,30,3.0,0.0,0.0
83,1,3.0,0.0,2.0
83,2,4.7,0.48304589153964794,0.2999999999999998
83,3,3.0,0.0,1.0
83,4,2.0,0.0,0.10000000000000009
83,5,1.0,0.0,1.0
83,6,4.1,0.31622776601683794,0.9000000000000004
83,7,4.0,0.0,1.0
83,8,2.0,0.0,0.0
83,9,3.0,0.0,1.0
83,10,1.0,0.0,0.10000000000000009
83,11,2.4,0.5163977794943223,1.6
83,12,5.0,0.0,0.0
83,13,2.0,0.0,0.0
83,14,4.0,0.0,1.0
83,15,1.7,0.4830458915396479,1.7
83,16,5.0,0.0,0.0
83,17,5.0,0.0,0.0
83,18,5.0,0.0,2.0
83,19,4.0,0.0,0.0
83,20,2.0,0.0,0.10000000000000009
83,21,5.0,0.0,0.0
83,22,5.0,0.0,0.7000000000000002
83,23,3.0,0.0,0.6000000000000001
83,24,2.8,0.4216370213557839,2.8
83,25,1.4,0.9660917830792959,1.4
83,26,3.0,0.0,0.0
83,27,4.0,0.0,0.0
83,28,4.0,0.0,0.0
83,29,2.0,0.0,1.0
83,30,2.5,0.5270462766947299,0.5
84,1,4.0,0.0,1.0
84,2,5.0,0.0,0.0
84,3,3.0,0.0,1.0
84,4,3.3,0.48304589153964794,1.4
84,5,3.5,0.5270462766947299,1.5
84,6,5.0,0.0,0.0
84,7,5.0,0.0,0.0
84,8,3.0,0.0,1.0
84,9,3.0,0.0,1.0
84,10,2.0,0.0,0.8999999999999999
84,11,5.0,0.0,1.0
84,12,5.0,0.0,0.0
84,13,3.0,0.0,1.0
84,14,4.0,0.0,1.0
84,15,4.0,0.0,4.0
84,16,5.0,0.0,0.0
84,17,5.0,0.0,0.0
84,18,4.0,0.0,1.0
84,19,4.0,0.0,0.0
84,20,2.4,0.5163977794943223,0.2999999999999998
84,21,5.0,0.0,0.0
84,22,4.0,0.0,0.2999999999999998
84,23,3.4,0.5163977794943223,1.0
84,24,2.0,0.0,2.0
84,25,1.0,0.0,1.0
84,26,4.4,0.5163977794943222,1.4000000000000004
84,27,4.0,0.0,0.0
84,28,4.0,0.0,0.0
84,29,3.0,0.0,0.0
84,30,3.8,0.4216370213557839,0.7999999999999998
85,1,2.0,0.0,3.0
85,2,4.0,0.0,1.0
85,3,1.8,0.42163702135578396,0.19999999999999996
85,4,1.0,0.0,0.8999999999999999
85,5,1.0,0.0,1.0
85,6,3.5,0.5270462766947299,1.5
85,7,4.0,0.0,1.0
85,8,1.8,0.42163702135578396,0.19999999999999996
85,9,3.0,0.0,1.0
85,10,1.0,0.0,0.10000000000000009
85,11,2.6,0.5163977794943223,1.4
85,12,4.0,0.0,1.0
85,13,2.0,0.0,0.0
85,14,3.0,0.0,0.0
85,15,1.0,0.0,1.0
85,16,4.0,0.0,1.0
85,17,5.0,0.0,0.0
85,18,3.1,0.31622776601683794,0.10000000000000009
85,19,3.0,0.0,1.0
85,20,2.9,0.31622776601683794,0.7999999999999998
85,21,5.0,0.0,0.0
85,22,4.0,0.0,0.2999999999999998
85,23,3.0,0.0,0.6000000000000001
85,24,0.0,0.0,0.0
85,25,1.0,0.0,1.0
85,26,3.2,0.4216370213557839,0.20000000000000018
85,27,4.0,0.0,0.0
85,28,3.0,0.0,1.0
85,29,3.0,0.0,0.0
85,30,3.0,0.0,0.0
86,1,3.0,0.0,2.0
86,2,4.0,0.0,1.0
86,3,0.1,0.31622776601683794,1.9
86,4,0.0,0.0,1.9
86,5,0.2,0.42163702135578396,1.8
86,6,2.0,0.0,3.0
86,7,3.2,0.4216370213557839,1.7999999999999998
86,8,1.0,0.0,1.0
86,9,1.0,0.0,1.0
86,10,0.0,0.0,1.1
86,11,2.0,0.0,2.0
86,12,5.0,0.0,0.0
86,13,0.0,0.0,2.0
86,14,2.0,0.0,1.0
86,15,0.0,0.0,0.0
86,16,4.0,0.0,1.0
86,17,4.0,0.0,1.0
86,18,2.1,0.31622776601683794,0.8999999999999999
86,19,2.0,0.0,2.0
86,20,0.4,0.5163977794943222,1.7000000000000002
86,21,5.0,0.0,0.0
86,22,4.0,0.0,0.2999999999999998
86,23,2.0,0.0,0.3999999999999999
86,24,0.0,0.0,0.0
86,25,0.0,0.0,0.0
86,26,3.2,0.6324555320336759,0.20000000000000018
86,27,4.0,0.0,0.0
86,28,2.7,0.48304589153964794,1.2999999999999998
86,29,2.0,0.0,1.0
86,30,2.0,0.0,1.0
87,1,5.0,0.0,0.0
87,2,5.0,0.0,0.0
87,3,5.0,0.0,3.0
87,4,4.0,0.0,2.1
87,5,4.0,0.0,2.0
87,6,5.0,0.0,0.0
87,7,5.0,0.0,0.0
87,8,5.0,0.0,3.0
87,9,3.0,0.0,1.0
87,10,2.0,0.0,0.8999999999999999
87,11,5.0,0.0,1.0
87,12,5.0,0.0,0.0
87,13,4.3,0.48304589153964794,2.3
87,14,4.0,0.0,1.0
87,15,4.0,0.0,4.0
87,16,5.0,0.0,0.0
87,17,5.0,0.0,0.0
87,18,4.0,0.0,1.0
87,19,4.0,0.0,0.0
87,20,4.0,0.0,1.9
87,21,5.0,0.0,0.0
87,22,5.0,0.0,0.7000000000000002
87,23,4.0,0.0,1.6
87,24,3.0,0.0,3.0
87,25,2.0,0.0,2.0
87,26,2.0,0.0,1.0
87,27,4.0,0.0,0.0
87,28,5.0,0.0,1.0
87,29,4.4,0.5163977794943222,1.4000000000000004
87,30,4.0,0.0,1.0
88,1,5.0,0.0,0.0
88,2,5.0,0.0,0.0
88,3,3.0,0.0,1.0
88,4,4.0,0.0,2.1
88,5,4.0,0.0,2.0
88,6,5.0,0.0,0.0
88,7,5.0,0.0,0.0
88,8,4.0,0.0,2.0
88,9,4.0,0.0,2.0
88,10,3.0,0.0,1.9
88,11,5.0,0.0,1.0
88,12,5.0,0.0,0.0
88,13,4.0,0.0,2.0
88,14,4.7,0.48304589153964794,1.7000000000000002
88,15,4.0,0.0,4.0
88,16,5.0,0.0,0.0
88,17,5.0,0.0,0.0
88,18,5.0,0.0,2.0
88,19,4.0,0.0,0.0
88,20,4.0,0.0,1.9
88,21,5.0,0.0,0.0
88,22,4.0,0.0,0.2999999999999998
88,23,4.0,0.0,1.6
88,24,3.0,0.0,3.0
88,25,1.1,0.31622776601683794,1.1
88,26,5.0,0.0,2.0
88,27,4.7,0.48304589153964794,0.7000000000000002
88,28,4.0,0.0,0.0
88,29,3.8,0.4216370213557839,0.7999999999999998
88,30,4.0,0.0,1.0
89,1,5.0,0.0,0.0
89,2,5.0,0.0,0.0
89,3,1.0,0.0,1.0
89,4,2.0,0.0,0.10000000000000009
89,5,2.9,0.31622776601683794,0.8999999999999999
89,6,5.0,0.0,0.0
89,7,5.0,0.0,0.0
89,8,2.8,0.4216370213557839,0.7999999999999998
89,9,2.0,0.0,0.0
89,10,2.0,0.0,0.8999999999999999
89,11,5.0,0.0,1.0
89,12,5.0,0.0,0.0
89,13,3.7,0.48304589153964794,1.7000000000000002
89,14,4.0,0.0,1.0
89,15,3.0,0.0,3.0
89,16,5.0,0.0,0.0
89,17,5.0,0.0,0.0
89,18,4.0,0.0,1.0
89,19,3.6,0.5163977794943223,0.3999999999999999
89,20,2.7,0.48304589153964794,0.6000000000000001
89,21,5.0,0.0,0.0
89,22,4.0,0.0,0.2999999999999998
89,23,3.0,0.0,0.6000000000000001
89,24,2.0,0.0,2.0
89,25,1.0,0.0,1.0
89,26,4.0,0.0,1.0
89,27,4.0,0.0,0.0
89,28,4.0,0.0,0.0
89,29,2.0,0.0,1.0
89,30,2.4,0.5163977794943223,0.6000000000000001
90,1,3.2,0.4216370213557839,1.7999999999999998
90,2,5.0,0.0,0.0
90,3,1.0,0.0,1.0
90,4,1.0,0.0,0.8999999999999999
90,5,1.0,0.0,1.0
90,6,4.0,0.0,1.0
90,7,4.0,0.0,1.0
90,8,1.5,0.5270462766947299,0.5
90,9,2.0,0.0,0.0
90,10,0.6,0.5163977794943222,0.5000000000000001
90,11,2.1,0.31622776601683794,1.9
90,12,4.8,0.4216370213557839,0.20000000000000018
90,13,1.0,0.0,1.0
90,14,3.0,0.0,0.0
90,15,0.2,0.42163702135578396,0.2
90,16,4.9,0.31622776601683794,0.09999999999999964
90,17,5.0,0.0,0.0
90,18,3.0,0.0,0.0
90,19,4.0,0.0,0.0
90,20,2.0,0.0,0.10000000000000009
90,21,5.0,0.0,0.0
90,22,4.0,0.0,0.2999999999999998
90,23,2.3,0.48304589153964794,0.10000000000000009
90,24,0.8,1.0327955589886444,0.8
90,25,0.2,0.42163702135578396,0.2
90,26,3.0,0.0,0.0
90,27,4.0,0.0,0.0
90,28,4.0,0.0,0.0
90,29,4.0,0.0,1.0
90,30,2.8,0.4216370213557839,0.20000000000000018
91,1,3.6,0.5163977794943223,1.4
91,2,5.0,0.0,0.0
91,3,2.0,0.0,0.0
91,4,2.0,0.0,0.10000000000000009
91,5,1.0,0.0,1.0
91,6,5.0,0.0,0.0
91,7,5.0,0.0,0.0
91,8,2.0,0.0,0.0
91,9,3.4,0.5163977794943223,1.4
91,10,1.8,0.4216370213557839,0.7
91,11,5.0,0.0,1.0
91,12,5.0,0.0,0.0
91,13,2.0,0.0,0.0
91,14,3.0,0.0,0.0
91,15,2.0,0.0,2.0
91,16,5.0,0.0,0.0
91,17,5.0,0.0,0.0
91,18,4.0,0.0,1.0
91,19,3.0,0.0,1.0
91,20,2.0,0.0,0.10000000000000009
91,21,5.0,0.0,0.0
91,22,5.0,0.0,0.7000000000000002
91,23,2.0,0.0,0.3999999999999999
91,24,2.0,0.0,2.0
91,25,1.0,0.0,1.0
91,26,3.3,0.48304589153964794,0.2999999999999998
91,27,4.0,0.0,0.0
91,28,3.0,0.0,1.0
91,29,2.0,0.0,1.0
91,30,2.0,0.0,1.0
92,1,4.0,0.0,1.0
92,2,5.0,0.0,0.0
92,3,3.0,0.0,1.0
92,4,2.0,0.0,0.10000000000000009
92,5,2.0,0.0,0.0
92,6,5.0,0.0,0.0
92,7,5.0,0.0,0.0
92,8,3.0,0.0,1.0
92,9,3.0,0.0,1.0
92,10,1.6,0.5163977794943223,0.5
92,11,4.0,0.0,0.0
92,12,5.0,0.0,0.0
92,13,2.0,0.0,0.0
92,14,3.3,0.48304589153964794,0.2999999999999998
92,15,3.0,0.0,3.0
92,16,5.0,0.0,0.0
92,17,5.0,0.0,0.0
92,18,4.0,0.0,1.0
92,19,4.0,0.0,0.0
92,20,2.0,0.0,0.10000000000000009
92,21,5.0,0.0,0.0
92,22,4.0,0.0,0.2999999999999998
92,23,2.0,0.0,0.3999999999999999
92,24,3.0,0.0,3.0
92,25,1.1,0.31622776601683794,1.1
92,26,3.5,0.5270462766947299,0.5
92,27,4.0,0.0,0.0
92,28,4.0,0.0,0.0
92,29,2.0,0.0,1.0
92,30,3.0,0.0,0.0
93,1,4.0,0.0,1.0
93,2,5.0,0.0,0.0
93,3,3.9,0.31622776601683794,1.9
93,4,3.0,0.0,1.1
93,5,3.0,0.0,1.0
93,6,5.0,0.0,0.0
93,7,5.0,0.0,0.0
93,8,3.0,0.0,1.0
93,9,3.0,0.0,1.0
93,10,2.0,0.0,0.8999999999999999
93,11,4.0,0.0,0.0
93,12,5.0,0.0,0.0
93,13,3.0,0.0,1.0
93,14,3.7,0.48304589153964794,0.7000000000000002
93,15,3.0,0.0,3.0
93,16,5.0,0.0,0.0
93,17,5.0,0.0,0.0
93,18,5.0,0.0,2.0
93,19,4.0,0.0,0.0
93,20,2.0,0.0,0.10000000000000009
93,21,5.0,0.0,0.0
93,22,5.0,0.0,0.7000000000000002
93,23,3.0,0.0,0.6000000000000001
93,24,3.0,0.0,3.0
93,25,1.0,0.0,1.0
93,26,4.0,0.0,1.0
93,27,4.0,0.0,0.0
93,28,4.0,0.0,0.0
93,29,3.0,0.0,0.0
93,30,4.0,0.0,1.0
94,1,2.9,0.31622776601683794,2.1
94,2,4.0,0.0,1.0
94,3,0.0,0.0,2.0
94,4,1.0,0.0,0.8999999999999999
94,5,0.6,0.5163977794943223,1.4
94,6,2.9,0.7378647873726218,2.1
94,7,3.0,0.0,2.0
94,8,0.0,0.0,2.0
94,9,1.8,0.4216370213557839,0.19999999999999996
94,10,0.0,0.0,1.1
94,11,1.0,0.0,3.0
94,12,2.0,0.0,3.0
94,13,0.0,0.0,2.0
94,14,2.1,0.31622776601683794,0.8999999999999999
94,15,0.0,0.0,0.0
94,16,4.0,0.0,1.0
94,17,5.0,0.0,0.0
94,18,3.7,0.48304589153964794,0.7000000000000002
94,19,3.0,0.0,1.0
94,20,2.0,0.0,0.10000000000000009
94,21,5.0,0.0,0.0
94,22,5.0,0.0,0.7000000000000002
94,23,2.0,0.0,0.3999999999999999
94,24,0.0,0.0,0.0
94,25,2.0,0.0,2.0
94,26,3.0,0.0,0.0
94,27,4.0,0.0,0.0
94,28,3.0,0.0,1.0
94,29,2.0,0.0,1.0
94,30,1.2,1.0327955589886444,1.8
95,1,4.0,0.0,1.0
95,2,5.0,0.0,0.0
95,3,2.0,0.0,0.0
95,4,2.0,0.0,0.10000000000000009
95,5,1.9,0.31622776601683794,0.10000000000000009
95,6,4.9,0.31622776601683794,0.09999999999999964
95,7,4.0,0.0,1.0
95,8,2.0,0.0,0.0
95,9,2.0,0.0,0.0
95,10,2.0,0.0,0.8999999999999999
95,11,4.0,0.0,0.0
95,12,5.0,0.0,0.0
95,13,2.0,0.0,0.0
95,14,2.5,0.5270462766947299,0.5
95,15,0.6,0.5163977794943223,0.6
95,16,5.0,0.0,0.0
95,17,5.0,0.0,0.0
95,18,4.0,0.0,1.0
95,19,3.0,0.0,1.0
95,20,2.0,0.0,0.10000000000000009
95,21,5.0,0.0,0.0
95,22,4.3,0.48304589153964794,0.0
95,23,3.0,0.0,0.6000000000000001
95,24,0.0,0.0,0.0
95,25,0.0,0.0,0.0
95,26,4.0,0.0,1.0
95,27,4.0,0.0,0.0
95,28,2.0,0.0,2.0
95,29,2.0,0.0,1.0
95,30,2.4,0.5163977794943223,0.6000000000000001
96,1,4.0,0.0,1.0
96,2,5.0,0.0,0.0
96,3,2.0,0.0,0.0
96,4,2.7,0.48304589153964794,0.8000000000000003
96,5,2.0,0.0,0.0
96,6,5.0,0.0,0.0
96,7,4.0,0.0,1.0
96,8,2.0,0.0,0.0
96,9,3.0,0.0,1.0
96,10,2.0,0.0,0.8999999999999999
96,11,3.0,0.0,1.0
96,12,5.0,0.0,0.0
96,13,2.8,0.4216370213557839,0.7999999999999998
96,14,4.0,0.0,1.0
96,15,2.0,0.0,2.0
96,16,4.7,0.48304589153964794,0.2999999999999998
96,17,5.0,0.0,0.0
96,18,3.2,0.4216370213557839,0.20000000000000018
96,19,4.0,0.0,0.0
96,20,2.0,0.0,0.10000000000000009
96,21,5.0,0.0,0.0
96,22,5.0,0.0,0.7000000000000002
96,23,2.3,0.48304589153964794,0.10000000000000009
96,24,0.4,0.5163977794943222,0.4
96,25,1.0,0.0,1.0
96,26,3.0,0.0,0.0
96,27,4.0,0.0,0.0
96,28,4.0,0.0,0.0
96,29,4.0,0.0,1.0
96,30,2.2,0.4216370213557839,0.7999999999999998
97,1,4.0,0.0,1.0
97,2,5.0,0.0,0.0
97,3,3.0,0.0,1.0
97,4,3.0,0.0,1.1
97,5,4.0,0.0,2.0
97,6,5.0,0.0,0.0
97,7,5.0,0.0,0.0
97,8,4.0,0.0,2.0
97,9,2.4,0.5163977794943223,0.3999999999999999
97,10,2.0,0.0,0.8999999999999999
97,11,5.0,0.0,1.0
97,12,5.0,0.0,0.0
97,13,4.0,0.0,2.0
97,14,4.0,0.0,1.0
97,15,3.0,0.0,3.0
97,16,5.0,0.0,0.0
97,17,5.0,0.0,0.0
97,18,3.0,0.0,0.0
97,19,4.0,0.0,0.0
97,20,2.0,0.0,0.10000000000000009
97,21,5.0,0.0,0.0
97,22,4.0,0.0,0.2999999999999998
97,23,3.0,0.0,0.6000000000000001
97,24,1.8,0.4216370213557839,1.8
97,25,2.0,0.0,2.0
97,26,2.2,0.4216370213557839,0.7999999999999998
97,27,4.0,0.0,0.0
97,28,4.0,0.0,0.0
97,29,4.0,0.0,1.0
97,30,2.8,0.4216370213557839,0.20000000000000018
98,1,5.0,0.0,0.0
98,2,5.0,0.0,0.0
98,3,1.0,0.0,1.0
98,4,1.3,0.4830458915396479,0.5999999999999999
98,5,2.0,0.0,0.0
98,6,5.0,0.0,0.0
98,7,4.0,0.0,1.0
98,8,2.0,0.0,0.0
98,9,1.8,0.42163702135578396,0.19999999999999996
98,10,1.0,0.0,0.10000000000000009
98,11,4.7,0.48304589153964794,0.7000000000000002
98,12,4.5,0.5270462766947299,0.5
98,13,1.0,0.0,1.0
98,14,3.0,0.0,0.0
98,15,2.0,0.0,2.0
98,16,5.0,0.0,0.0
98,17,5.0,0.0,0.0
98,18,4.0,0.0,1.0
98,19,4.0,0.0,0.0
98,20,2.0,0.0,0.10000000000000009
98,21,5.0,0.0,0.0
98,22,4.0,0.0,0.2999999999999998
98,23,3.0,0.0,0.6000000000000001
98,24,0.6,0.6992058987801011,0.6
98,25,1.0,0.0,1.0
98,26,4.0,0.0,1.0
98,27,4.0,0.0,0.0
98,28,4.0,0.0,0.0
98,29,4.0,0.0,1.0
98,30,2.3,0.48304589153964794,0.7000000000000002
99,1,5.0,0.0,0.0
99,2,5.0,0.0,0.0
99,3,3.0,0.0,1.0
99,4,3.0,0.0,1.1
99,5,3.0,0.0,1.0
99,6,5.0,0.0,0.0
99,7,5.0,0.0,0.0
99,8,4.0,0.0,2.0
99,9,3.3,0.48304589153964794,1.2999999999999998
99,10,2.0,0.0,0.8999999999999999
99,11,5.0,0.0,1.0
99,12,5.0,0.0,0.0
99,13,3.0,0.0,1.0
99,14,4.0,0.0,1.0
99,15,2.1,0.31622776601683794,2.1
99,16,5.0,0.0,0.0
99,17,5.0,0.0,0.0
99,18,5.0,0.0,2.0
99,19,4.0,0.0,0.0
99,20,3.0,0.0,0.8999999999999999
99,21,5.0,0.0,0.0
99,22,4.5,0.5270462766947299,0.20000000000000018
99,23,3.0,0.0,0.6000000000000001
99,24,3.0,0.0,3.0
99,25,2.0,0.0,2.0
99,26,3.5,0.5270462766947299,0.5
99,27,4.0,0.0,0.0
99,28,4.0,0.0,0.0
99,29,4.0,0.0,1.0
99,30,3.0,0.0,0.0
