persona,question,average_score,uncertainty
0,1,0.0,0.0
0,2,4.3,0.48304589153964794
0,3,0.0,0.0
0,4,0.0,0.0
0,5,0.0,0.0
0,6,0.0,0.0
0,7,0.0,0.0
0,8,1.5,1.0801234497346435
0,9,0.0,0.0
0,10,0.0,0.0
0,11,0.0,0.0
0,12,0.0,0.0
0,13,0.0,0.0
0,14,0.0,0.0
0,15,0.0,0.0
0,16,0.0,0.0
0,17,1.0,1.0540925533894598
0,18,4.5,0.97182531580755
0,19,0.0,0.0
0,20,0.0,0.0
0,21,5.0,0.0
0,22,5.0,0.0
0,23,4.3,1.4944341180973264
0,24,5.0,0.0
0,25,1.3,0.9486832980505139
0,26,1.8,0.6324555320336759
0,27,0.1,0.31622776601683794
0,28,0.0,0.0
0,29,2.8,1.5491933384829668
0,30,2.0,0.0
0,31,0.1,0.31622776601683794
0,32,0.0,0.0
1,1,1.3,2.9832867780352594
1,2,3.8,2.5298221281347035
1,3,-0.9,0.31622776601683794
1,4,-0.4,0.5163977794943223
1,5,0.0,0.0
1,6,0.0,0.0
1,7,5.0,0.0
1,8,0.2,2.2997584414213783
1,9,5.0,0.0
1,10,-0.1,0.31622776601683794
1,11,-0.7,0.4830458915396479
1,12,-0.5,0.5270462766947299
1,13,-0.7,0.4830458915396479
1,14,4.1,1.523883926754995
1,15,-0.4,0.5163977794943223
1,16,-1.0,0.0
1,17,5.0,0.0
1,18,5.0,0.0
1,19,0.0,0.0
1,20,0.0,0.0
1,21,0.2,2.5298221281347035
1,22,5.0,0.0
1,23,5.0,0.0
1,24,5.0,0.0
1,25,1.4,0.9660917830792959
1,26,0.0,0.0
1,27,-0.1,0.31622776601683794
1,28,-0.1,0.31622776601683794
1,29,-0.4,1.8973665961010278
1,30,0.0,0.0
1,31,0.0,0.0
1,32,-0.4,0.5163977794943222
2,1,1.6,0.8432740427115679
2,2,4.5,0.7071067811865476
2,3,0.0,0.0
2,4,0.0,0.0
2,5,0.0,0.0
2,6,0.0,0.0
2,7,0.0,0.0
2,8,0.6,0.9660917830792959
2,9,0.0,0.0
2,10,0.0,0.0
2,11,0.0,0.0
2,12,0.0,0.0
2,13,0.0,0.0
2,14,0.0,0.0
2,15,0.0,0.0
2,16,0.0,0.0
2,17,3.5,1.5811388300841898
2,18,4.1,1.4491376746189437
2,19,4.7,0.9486832980505138
2,20,2.0,0.0
2,21,2.3,0.9486832980505138
2,22,5.0,0.0
2,23,3.2,1.5491933384829668
2,24,5.0,0.0
2,25,2.0,0.0
2,26,2.0,0.0
2,27,0.5,0.8498365855987975
2,28,0.6,0.6992058987801011
2,29,2.0,0.0
2,30,1.8,0.6324555320336759
2,31,0.0,0.0
2,32,1.3,0.9486832980505139
3,1,0.0,0.0
3,2,0.0,0.0
3,3,0.0,0.0
3,4,0.0,0.0
3,5,0.0,0.0
3,6,0.0,0.0
3,7,0.0,0.0
3,8,0.0,0.0
3,9,0.0,0.0
3,10,0.0,0.0
3,11,0.0,0.0
3,12,0.0,0.0
3,13,0.0,0.0
3,14,0.0,0.0
3,15,0.0,0.0
3,16,0.0,0.0
3,17,5.0,0.0
3,18,5.0,0.0
3,19,5.0,0.0
3,20,5.0,0.0
3,21,5.0,0.0
3,22,5.0,0.0
3,23,5.0,0.0
3,24,0.0,0.0
3,25,0.0,0.0
3,26,0.0,0.0
3,27,0.0,0.0
3,28,0.0,0.0
3,29,5.0,0.0
3,30,0.0,0.0
3,31,0.0,0.0
3,32,0.0,0.0
4,1,3.9,0.31622776601683794
4,2,4.0,0.0
4,3,0.0,0.0
4,4,1.8,0.6324555320336759
4,5,3.8,0.4216370213557839
4,6,0.0,0.0
4,7,4.2,0.4216370213557839
4,8,2.7,0.48304589153964794
4,9,3.8,0.4216370213557839
4,10,2.2,0.4216370213557839
4,11,0.0,0.0
4,12,2.0,0.0
4,13,2.0,0.0
4,14,1.0,1.0540925533894598
4,15,2.0,0.0
4,16,0.0,0.0
4,17,5.0,0.0
4,18,5.0,0.0
4,19,4.1,0.31622776601683794
4,20,4.0,0.0
4,21,3.5,2.41522945769824
4,22,5.0,0.0
4,23,5.0,0.0
4,24,4.2,0.4216370213557839
4,25,3.2,1.0327955589886446
4,26,2.6,1.2649110640673518
4,27,0.0,0.0
4,28,0.0,0.0
4,29,5.0,0.0
4,30,0.0,0.0
4,31,0.0,0.0
4,32,2.0,0.0
5,1,0.0,0.0
5,2,0.0,0.0
5,3,0.0,0.0
5,4,0.0,0.0
5,5,0.0,0.0
5,6,0.0,0.0
5,7,0.0,0.0
5,8,0.0,0.0
5,9,0.0,0.0
5,10,0.0,0.0
5,11,0.0,0.0
5,12,0.0,0.0
5,13,0.0,0.0
5,14,0.0,0.0
5,15,0.0,0.0
5,16,0.0,0.0
5,17,1.8,0.6324555320336759
5,18,5.0,0.0
5,19,4.9,0.31622776601683794
5,20,4.1,1.449137674618944
5,21,5.0,0.0
5,22,5.0,0.0
5,23,5.0,0.0
5,24,0.2,0.6324555320336759
5,25,2.0,0.0
5,26,2.0,0.0
5,27,0.0,0.0
5,28,0.0,0.0
5,29,5.0,0.0
5,30,2.0,0.0
5,31,0.0,0.0
5,32,0.0,0.0
6,1,5.0,0.0
6,2,5.0,0.0
6,3,0.0,0.0
6,4,0.0,0.0
6,5,0.0,0.0
6,6,0.0,0.0
6,7,5.0,0.0
6,8,4.8,0.6324555320336759
6,9,0.0,0.0
6,10,0.0,0.0
6,11,0.0,0.0
6,12,0.0,0.0
6,13,5.0,0.0
6,14,0.0,0.0
6,15,0.0,0.0
6,16,0.0,0.0
6,17,5.0,0.0
6,18,5.0,0.0
6,19,5.0,0.0
6,20,4.8,0.4216370213557839
6,21,5.0,0.0
6,22,5.0,0.0
6,23,5.0,0.0
6,24,5.0,0.0
6,25,2.0,0.0
6,26,0.0,0.0
6,27,0.0,0.0
6,28,0.0,0.0
6,29,5.0,0.0
6,30,0.6,0.9660917830792959
6,31,0.0,0.0
6,32,0.0,0.0
7,1,4.0,0.0
7,2,4.0,0.0
7,3,0.0,0.0
7,4,1.7,0.6749485577105528
7,5,0.0,0.0
7,6,0.0,0.0
7,7,4.1,0.31622776601683794
7,8,4.0,0.0
7,9,2.0,0.0
7,10,2.0,0.0
7,11,0.0,0.0
7,12,3.8,0.4216370213557839
7,13,4.0,0.0
7,14,0.6,0.9660917830792958
7,15,1.6,0.8432740427115679
7,16,0.0,0.0
7,17,5.0,0.0
7,18,5.0,0.0
7,19,5.0,0.0
7,20,2.0,0.0
7,21,5.0,0.0
7,22,5.0,0.0
7,23,5.0,0.0
7,24,5.0,0.0
7,25,2.0,0.0
7,26,0.0,0.0
7,27,0.0,0.0
7,28,0.0,0.0
7,29,5.0,0.0
7,30,0.6,0.9660917830792958
7,31,0.0,0.0
7,32,1.6,0.8432740427115678
8,1,0.0,0.0
8,2,0.6,0.5163977794943223
8,3,0.0,0.0
8,4,0.0,0.0
8,5,0.0,0.0
8,6,0.0,0.0
8,7,0.0,0.0
8,8,1.8,0.42163702135578396
8,9,0.0,0.0
8,10,0.0,0.0
8,11,0.0,0.0
8,12,0.0,0.0
8,13,0.0,0.0
8,14,0.0,0.0
8,15,2.0,0.0
8,16,0.0,0.0
8,17,2.0,0.0
8,18,2.0,0.0
8,19,2.0,0.0
8,20,5.0,0.0
8,21,0.0,0.0
8,22,5.0,0.0
8,23,5.0,0.0
8,24,2.0,0.0
8,25,0.0,0.0
8,26,0.0,0.0
8,27,0.0,0.0
8,28,0.0,0.0
8,29,0.0,0.0
8,30,0.0,0.0
8,31,0.0,0.0
8,32,0.0,0.0
9,1,5.0,0.0
9,2,3.5,2.41522945769824
9,3,0.0,0.0
9,4,0.0,0.0
9,5,0.0,0.0
9,6,0.0,0.0
9,7,4.0,2.1081851067789197
9,8,4.5,1.5811388300841898
9,9,0.5,1.5811388300841898
9,10,0.0,0.0
9,11,0.0,0.0
9,12,4.0,2.1081851067789197
9,13,0.5,1.5811388300841898
9,14,0.0,0.0
9,15,0.0,0.0
9,16,0.0,0.0
9,17,5.0,0.0
9,18,5.0,0.0
9,19,0.2,0.6324555320336759
9,20,0.0,0.0
9,21,5.0,0.0
9,22,5.0,0.0
9,23,5.0,0.0
9,24,3.3,1.8885620632287057
9,25,0.0,0.0
9,26,0.0,0.0
9,27,5.0,0.0
9,28,0.0,0.0
9,29,1.0,2.1081851067789197
9,30,0.5,1.5811388300841898
9,31,0.0,0.0
9,32,0.0,0.0
10,1,3.6,0.6992058987801011
10,2,4.0,0.0
10,3,0.0,0.0
10,4,0.0,0.0
10,5,0.0,0.0
10,6,0.0,0.0
10,7,4.3,0.48304589153964794
10,8,3.7,0.6749485577105528
10,9,0.0,0.0
10,10,0.0,0.0
10,11,0.0,0.0
10,12,1.9,0.7378647873726218
10,13,2.8,0.6324555320336759
10,14,0.0,0.0
10,15,0.0,0.0
10,16,0.0,0.0
10,17,5.0,0.0
10,18,5.0,0.0
10,19,5.0,0.0
10,20,2.0,0.0
10,21,5.0,0.0
10,22,5.0,0.0
10,23,5.0,0.0
10,24,5.0,0.0
10,25,2.0,0.0
10,26,0.0,0.0
10,27,0.0,0.0
10,28,0.0,0.0
10,29,5.0,0.0
10,30,0.0,0.0
10,31,0.0,0.0
10,32,0.0,0.0
11,1,4.0,0.0
11,2,4.0,0.0
11,3,0.0,0.0
11,4,0.0,0.0
11,5,0.0,0.0
11,6,0.0,0.0
11,7,3.7,0.48304589153964794
11,8,4.0,0.0
11,9,2.0,0.0
11,10,0.5,0.5270462766947299
11,11,0.0,0.0
11,12,3.6,0.9660917830792959
11,13,4.4,0.5163977794943222
11,14,0.0,0.0
11,15,2.0,0.0
11,16,0.0,0.0
11,17,4.9,0.31622776601683794
11,18,5.0,0.0
11,19,0.0,0.0
11,20,2.0,0.0
11,21,4.0,0.0
11,22,5.0,0.0
11,23,5.0,0.0
11,24,2.9,1.1972189997378648
11,25,2.0,0.0
11,26,0.0,0.0
11,27,0.0,0.0
11,28,0.0,0.0
11,29,5.0,0.0
11,30,1.0,1.0540925533894598
11,31,0.0,0.0
11,32,0.0,0.0
12,1,4.9,0.31622776601683794
12,2,5.0,0.0
12,3,0.0,0.0
12,4,0.0,0.0
12,5,0.0,0.0
12,6,0.0,0.0
12,7,5.0,0.0
12,8,4.9,0.31622776601683794
12,9,0.0,0.0
12,10,0.2,0.42163702135578396
12,11,0.0,0.0
12,12,4.4,0.5163977794943222
12,13,5.0,0.0
12,14,0.0,0.0
12,15,0.2,0.6324555320336759
12,16,0.0,0.0
12,17,5.0,0.0
12,18,5.0,0.0
12,19,2.0,0.0
12,20,3.2,1.3165611772087666
12,21,3.0,2.581988897471611
12,22,5.0,0.0
12,23,5.0,0.0
12,24,5.0,0.0
12,25,2.0,0.0
12,26,0.2,0.6324555320336759
12,27,0.0,0.0
12,28,5.0,0.0
12,29,5.0,0.0
12,30,0.0,0.0
12,31,0.0,0.0
12,32,0.9,1.66332999331662
13,1,0.2,0.6324555320336759
13,2,0.0,0.0
13,3,0.0,0.0
13,4,0.0,0.0
13,5,0.0,0.0
13,6,0.0,0.0
13,7,0.0,0.0
13,8,0.0,0.0
13,9,0.0,0.0
13,10,0.0,0.0
13,11,0.0,0.0
13,12,0.0,0.0
13,13,0.0,0.0
13,14,0.0,0.0
13,15,0.0,0.0
13,16,0.0,0.0
13,17,2.0,0.0
13,18,2.0,0.0
13,19,0.0,0.0
13,20,0.0,0.0
13,21,0.0,0.0
13,22,5.0,0.0
13,23,5.0,0.0
13,24,2.0,0.0
13,25,0.7,0.9486832980505139
13,26,0.0,0.0
13,27,0.0,0.0
13,28,0.0,0.0
13,29,5.0,0.0
13,30,0.0,0.0
13,31,0.0,0.0
13,32,0.0,0.0
14,1,0.0,0.0
14,2,0.0,0.0
14,3,0.0,0.0
14,4,0.0,0.0
14,5,0.0,0.0
14,6,0.0,0.0
14,7,0.0,0.0
14,8,5.0,0.0
14,9,2.0,2.581988897471611
14,10,0.0,0.0
14,11,0.0,0.0
14,12,0.0,0.0
14,13,0.0,0.0
14,14,5.0,0.0
14,15,0.0,0.0
14,16,-0.1,0.31622776601683794
14,17,5.0,0.0
14,18,0.8,2.898275349237888
14,19,0.5,1.5811388300841898
14,20,4.9,0.31622776601683794
14,21,0.8,2.8982753492378874
14,22,5.0,0.0
14,23,5.0,0.0
14,24,5.0,0.0
14,25,4.5,1.5811388300841898
14,26,1.5,2.41522945769824
14,27,0.0,0.0
14,28,-0.8,0.42163702135578396
14,29,-1.0,0.0
14,30,0.0,0.0
14,31,0.0,0.0
14,32,-1.0,0.0
15,1,4.0,0.0
15,2,4.0,0.0
15,3,0.0,0.0
15,4,1.2,0.6324555320336759
15,5,0.0,0.0
15,6,0.0,0.0
15,7,4.0,0.0
15,8,4.0,0.0
15,9,2.5,0.5270462766947299
15,10,1.9,0.31622776601683794
15,11,0.0,0.0
15,12,4.2,0.4216370213557839
15,13,4.3,0.48304589153964794
15,14,0.0,0.0
15,15,2.0,0.0
15,16,0.0,0.0
15,17,4.2,0.4216370213557839
15,18,5.0,0.0
15,19,4.0,0.0
15,20,2.0,0.0
15,21,5.0,0.0
15,22,5.0,0.0
15,23,5.0,0.0
15,24,4.0,0.0
15,25,2.0,0.0
15,26,1.8,0.6324555320336759
15,27,0.8,1.0327955589886446
15,28,5.0,0.0
15,29,5.0,0.0
15,30,0.6,0.9660917830792958
15,31,0.0,0.0
15,32,2.3,0.9486832980505138
16,1,0.6,0.9660917830792958
16,2,0.0,0.0
16,3,0.0,0.0
16,4,0.0,0.0
16,5,0.0,0.0
16,6,0.0,0.0
16,7,0.0,0.0
16,8,0.4,0.8432740427115679
16,9,0.1,0.31622776601683794
16,10,0.0,0.0
16,11,0.0,0.0
16,12,0.0,0.0
16,13,0.0,0.0
16,14,0.0,0.0
16,15,0.0,0.0
16,16,0.0,0.0
16,17,4.3,0.48304589153964794
16,18,4.1,1.449137674618944
16,19,0.0,0.0
16,20,1.8,0.6324555320336759
16,21,4.7,0.9486832980505138
16,22,5.0,0.0
16,23,5.0,0.0
16,24,4.1,0.31622776601683794
16,25,2.0,0.0
16,26,0.0,0.0
16,27,0.0,0.0
16,28,0.0,0.0
16,29,0.2,0.6324555320336759
16,30,0.0,0.0
16,31,0.0,0.0
16,32,0.0,0.0
17,1,5.0,0.0
17,2,5.0,0.0
17,3,0.0,0.0
17,4,0.0,0.0
17,5,0.0,0.0
17,6,0.0,0.0
17,7,5.0,0.0
17,8,4.8,0.4216370213557839
17,9,1.6,0.8432740427115679
17,10,0.0,0.0
17,11,0.0,0.0
17,12,4.9,0.31622776601683794
17,13,2.3,2.057506581601462
17,14,0.0,0.0
17,15,0.0,0.0
17,16,0.0,0.0
17,17,5.0,0.0
17,18,5.0,0.0
17,19,5.0,0.0
17,20,4.5,0.5270462766947299
17,21,5.0,0.0
17,22,5.0,0.0
17,23,5.0,0.0
17,24,5.0,0.0
17,25,4.0,0.0
17,26,0.0,0.0
17,27,0.0,0.0
17,28,5.0,0.0
17,29,5.0,0.0
17,30,0.0,0.0
17,31,0.0,0.0
17,32,5.0,0.0
18,1,4.1,0.31622776601683794
18,2,4.1,0.31622776601683794
18,3,0.8,1.0327955589886446
18,4,0.0,0.0
18,5,0.0,0.0
18,6,0.0,0.0
18,7,4.0,0.816496580927726
18,8,4.5,0.5270462766947299
18,9,1.2,1.0327955589886444
18,10,0.0,0.0
18,11,0.0,0.0
18,12,4.1,0.31622776601683794
18,13,4.0,0.0
18,14,0.0,0.0
18,15,1.0,1.0540925533894598
18,16,0.0,0.0
18,17,4.2,0.4216370213557839
18,18,5.0,0.0
18,19,4.0,0.0
18,20,4.0,0.0
18,21,5.0,0.0
18,22,5.0,0.0
18,23,5.0,0.0
18,24,4.1,0.31622776601683794
18,25,2.0,0.0
18,26,0.0,0.0
18,27,0.0,0.0
18,28,0.0,0.0
18,29,5.0,0.0
18,30,2.0,0.0
18,31,0.0,0.0
18,32,1.8,0.6324555320336759
19,1,4.4,0.5163977794943222
19,2,4.9,0.31622776601683794
19,3,1.6,2.2211108331943574
19,4,1.8,0.6324555320336759
19,5,1.4,0.9660917830792958
19,6,0.0,0.0
19,7,5.0,0.0
19,8,4.8,0.4216370213557839
19,9,4.8,0.4216370213557839
19,10,2.0,0.0
19,11,0.0,0.0
19,12,4.9,0.31622776601683794
19,13,5.0,0.0
19,14,0.6,0.9660917830792958
19,15,2.0,0.0
19,16,4.8,0.4216370213557839
19,17,5.0,0.0
19,18,5.0,0.0
19,19,5.0,0.0
19,20,4.5,0.5270462766947299
19,21,5.0,0.0
19,22,5.0,0.0
19,23,5.0,0.0
19,24,5.0,0.0
19,25,2.0,0.0
19,26,2.9,1.4491376746189437
19,27,0.0,0.0
19,28,5.0,0.0
19,29,5.0,0.0
19,30,0.0,0.0
19,31,0.0,0.0
19,32,2.0,0.0
20,1,0.0,0.0
20,2,0.0,0.0
20,3,0.0,0.0
20,4,0.0,0.0
20,5,0.0,0.0
20,6,0.0,0.0
20,7,0.0,0.0
20,8,0.0,0.0
20,9,0.0,0.0
20,10,0.0,0.0
20,11,0.0,0.0
20,12,0.0,0.0
20,13,0.0,0.0
20,14,0.0,0.0
20,15,0.0,0.0
20,16,0.0,0.0
20,17,1.8,0.6324555320336759
20,18,0.8,1.0327955589886444
20,19,0.2,0.6324555320336759
20,20,5.0,0.0
20,21,5.0,0.0
20,22,5.0,0.0
20,23,4.7,0.9486832980505138
20,24,2.0,0.0
20,25,2.0,0.0
20,26,5.0,0.0
20,27,5.0,0.0
20,28,0.0,0.0
20,29,0.0,0.0
20,30,5.0,0.0
20,31,0.5,1.5811388300841898
20,32,0.0,0.0
21,1,4.0,0.0
21,2,5.0,0.0
21,3,0.4,0.8432740427115679
21,4,1.8,0.6324555320336759
21,5,0.0,0.0
21,6,0.0,0.0
21,7,4.7,0.48304589153964794
21,8,4.0,1.8257418583505538
21,9,2.4,0.6992058987801011
21,10,2.0,0.0
21,11,0.2,0.6324555320336759
21,12,4.3,1.0593499054713802
21,13,4.8,0.4216370213557839
21,14,0.0,0.0
21,15,1.6,0.8432740427115678
21,16,0.0,0.0
21,17,5.0,0.0
21,18,5.0,0.0
21,19,4.9,0.31622776601683794
21,20,4.0,0.0
21,21,5.0,0.0
21,22,5.0,0.0
21,23,5.0,0.0
21,24,5.0,0.0
21,25,2.0,0.0
21,26,0.0,0.0
21,27,0.0,0.0
21,28,5.0,0.0
21,29,5.0,0.0
21,30,1.4,0.9660917830792958
21,31,0.0,0.0
21,32,0.0,0.0
22,1,2.1,0.31622776601683794
22,2,2.5,0.5270462766947299
22,3,0.0,0.0
22,4,0.0,0.0
22,5,0.0,0.0
22,6,0.0,0.0
22,7,3.7,1.636391694484477
22,8,4.7,0.48304589153964794
22,9,0.0,0.0
22,10,0.0,0.0
22,11,0.0,0.0
22,12,0.0,0.0
22,13,0.0,0.0
22,14,0.0,0.0
22,15,1.6,0.8432740427115678
22,16,-0.1,0.31622776601683794
22,17,4.3,0.48304589153964794
22,18,5.0,0.0
22,19,4.8,0.4216370213557839
22,20,4.0,0.0
22,21,4.4,1.2649110640673518
22,22,5.0,0.0
22,23,5.0,0.0
22,24,3.8,1.0327955589886446
22,25,2.0,0.0
22,26,0.4,0.8432740427115679
22,27,0.0,0.0
22,28,0.0,0.0
22,29,5.0,0.0
22,30,2.0,0.0
22,31,0.0,0.0
22,32,0.0,0.0
23,1,4.9,0.31622776601683794
23,2,5.0,0.0
23,3,0.0,0.0
23,4,0.0,0.0
23,5,0.0,0.0
23,6,0.0,0.0
23,7,4.8,0.6324555320336759
23,8,3.5,1.0801234497346435
23,9,0.6,0.9660917830792958
23,10,0.0,0.0
23,11,0.0,0.0
23,12,2.9,0.9944289260117531
23,13,4.7,0.48304589153964794
23,14,0.0,0.0
23,15,1.6,0.8432740427115679
23,16,0.0,0.0
23,17,5.0,0.0
23,18,5.0,0.0
23,19,4.3,0.48304589153964794
23,20,4.1,0.31622776601683794
23,21,5.0,0.0
23,22,5.0,0.0
23,23,5.0,0.0
23,24,5.0,0.0
23,25,3.1,1.1972189997378648
23,26,0.4,0.8432740427115679
23,27,0.0,0.0
23,28,0.0,0.0
23,29,5.0,0.0
23,30,1.8,0.6324555320336759
23,31,0.0,0.0
23,32,0.2,0.6324555320336759
24,1,4.3,0.48304589153964794
24,2,4.6,0.5163977794943222
24,3,0.0,0.0
24,4,2.2,0.9189365834726815
24,5,0.0,0.0
24,6,0.0,0.0
24,7,5.0,0.0
24,8,5.0,0.0
24,9,4.9,0.31622776601683794
24,10,0.0,0.0
24,11,0.0,0.0
24,12,4.4,0.5163977794943222
24,13,4.8,0.4216370213557839
24,14,4.1,0.31622776601683794
24,15,0.4,0.8432740427115679
24,16,0.0,0.0
24,17,5.0,0.0
24,18,5.0,0.0
24,19,5.0,0.0
24,20,5.0,0.0
24,21,5.0,0.0
24,22,5.0,0.0
24,23,5.0,0.0
24,24,5.0,0.0
24,25,5.0,0.0
24,26,0.0,0.0
24,27,0.0,0.0
24,28,5.0,0.0
24,29,5.0,0.0
24,30,5.0,0.0
24,31,0.0,0.0
24,32,0.8,1.0327955589886446
25,1,0.0,0.0
25,2,0.0,0.0
25,3,0.0,0.0
25,4,0.0,0.0
25,5,0.0,0.0
25,6,0.0,0.0
25,7,0.0,0.0
25,8,0.0,0.0
25,9,0.0,0.0
25,10,5.0,0.0
25,11,0.0,0.0
25,12,0.0,0.0
25,13,0.0,0.0
25,14,0.0,0.0
25,15,0.5,1.0801234497346435
25,16,5.0,0.0
25,17,2.3,0.9486832980505138
25,18,4.0,1.632993161855452
25,19,5.0,0.0
25,20,5.0,0.0
25,21,5.0,0.0
25,22,5.0,0.0
25,23,4.0,1.632993161855452
25,24,4.7,0.9486832980505138
25,25,4.7,0.9486832980505138
25,26,3.6,2.270584848790187
25,27,4.5,1.5811388300841898
25,28,5.0,0.0
25,29,5.0,0.0
25,30,0.0,0.0
25,31,1.5,2.41522945769824
25,32,3.2,1.5491933384829668
26,1,4.1,0.31622776601683794
26,2,4.0,0.0
26,3,0.0,0.0
26,4,0.2,0.42163702135578396
26,5,0.0,0.0
26,6,0.0,0.0
26,7,5.0,0.0
26,8,4.2,1.2292725943057183
26,9,2.0,0.0
26,10,0.0,0.0
26,11,0.0,0.0
26,12,3.9,0.7378647873726218
26,13,2.0,0.0
26,14,1.3,0.9486832980505138
26,15,0.0,0.0
26,16,0.0,0.0
26,17,5.0,0.0
26,18,5.0,0.0
26,19,5.0,0.0
26,20,5.0,0.0
26,21,5.0,0.0
26,22,5.0,0.0
26,23,5.0,0.0
26,24,5.0,0.0
26,25,3.6,0.8432740427115679
26,26,2.0,0.0
26,27,0.0,0.0
26,28,0.0,0.0
26,29,5.0,0.0
26,30,2.0,0.0
26,31,0.0,0.0
26,32,2.9,1.4491376746189437
27,1,2.6,1.2649110640673518
27,2,4.4,0.5163977794943222
27,3,0.0,0.0
27,4,0.0,0.0
27,5,0.0,0.0
27,6,0.0,0.0
27,7,5.0,0.0
27,8,5.0,0.0
27,9,0.0,0.0
27,10,0.0,0.0
27,11,0.0,0.0
27,12,0.0,0.0
27,13,5.0,0.0
27,14,0.0,0.0
27,15,2.6,2.1186998109427604
27,16,0.0,0.0
27,17,5.0,0.0
27,18,5.0,0.0
27,19,2.0,0.0
27,20,0.8,1.0327955589886444
27,21,5.0,0.0
27,22,5.0,0.0
27,23,5.0,0.0
27,24,5.0,0.0
27,25,2.0,0.0
27,26,0.0,0.0
27,27,0.0,0.0
27,28,2.0,2.581988897471611
27,29,5.0,0.0
27,30,0.0,0.0
27,31,0.0,0.0
27,32,-1.0,0.0
28,1,1.9,0.31622776601683794
28,2,1.8,0.6324555320336759
28,3,0.0,0.0
28,4,0.0,0.0
28,5,0.0,0.0
28,6,0.0,0.0
28,7,1.8,0.6324555320336759
28,8,4.6,0.8432740427115678
28,9,0.6,0.9660917830792958
28,10,0.0,0.0
28,11,0.0,0.0
28,12,1.8,0.6324555320336759
28,13,1.4,0.9660917830792958
28,14,0.0,0.0
28,15,0.0,0.0
28,16,0.0,0.0
28,17,5.0,0.0
28,18,5.0,0.0
28,19,2.0,0.0
28,20,5.0,0.0
28,21,4.7,0.9486832980505138
28,22,5.0,0.0
28,23,5.0,0.0
28,24,5.0,0.0
28,25,2.0,0.0
28,26,1.8,0.6324555320336759
28,27,0.0,0.0
28,28,0.2,0.6324555320336759
28,29,5.0,0.0
28,30,1.0,1.0540925533894598
28,31,0.2,0.6324555320336759
28,32,2.0,0.0
29,1,-0.5,0.97182531580755
29,2,0.0,0.0
29,3,-0.4,0.5163977794943223
29,4,0.0,0.0
29,5,0.0,0.0
29,6,0.0,0.0
29,7,0.0,0.0
29,8,-0.9,0.31622776601683794
29,9,0.0,0.0
29,10,0.0,0.0
29,11,-0.8,0.4216370213557839
29,12,-0.3,0.48304589153964794
29,13,0.0,0.0
29,14,-0.2,0.42163702135578396
29,15,0.0,0.0
29,16,0.0,0.0
29,17,3.5,1.5811388300841898
29,18,5.0,0.0
29,19,1.8,0.6324555320336759
29,20,2.6,1.0749676997731399
29,21,2.6,1.776388345929897
29,22,5.0,0.0
29,23,5.0,0.0
29,24,2.0,0.0
29,25,1.9,0.31622776601683794
29,26,2.0,0.0
29,27,1.5,0.8498365855987975
29,28,-0.1,0.31622776601683794
29,29,5.0,0.0
29,30,2.0,0.0
29,31,0.0,0.0
29,32,0.0,0.0
30,1,0.0,0.0
30,2,5.0,0.0
30,3,0.0,0.0
30,4,0.0,0.0
30,5,0.0,0.0
30,6,0.0,0.0
30,7,0.0,0.0
30,8,5.0,0.0
30,9,0.0,0.0
30,10,0.0,0.0
30,11,0.0,0.0
30,12,0.0,0.0
30,13,5.0,0.0
30,14,0.0,0.0
30,15,0.0,0.0
30,16,0.0,0.0
30,17,4.7,0.9486832980505138
30,18,5.0,0.0
30,19,5.0,0.0
30,20,4.4,1.2649110640673518
30,21,5.0,0.0
30,22,5.0,0.0
30,23,5.0,0.0
30,24,5.0,0.0
30,25,0.8,1.0327955589886446
30,26,1.6,0.8432740427115678
30,27,0.0,0.0
30,28,5.0,0.0
30,29,4.0,1.632993161855452
30,30,0.2,0.6324555320336759
30,31,0.1,0.31622776601683794
30,32,0.0,0.0
31,1,4.0,0.0
31,2,4.0,0.0
31,3,0.0,0.0
31,4,1.3,0.6749485577105528
31,5,0.0,0.0
31,6,0.0,0.0
31,7,4.0,0.0
31,8,4.0,0.0
31,9,2.1,0.31622776601683794
31,10,1.9,0.31622776601683794
31,11,0.0,0.0
31,12,4.0,0.0
31,13,4.0,0.0
31,14,0.9,0.8755950357709132
31,15,2.0,0.0
31,16,0.0,0.0
31,17,5.0,0.0
31,18,5.0,0.0
31,19,4.0,0.0
31,20,2.0,0.0
31,21,5.0,0.0
31,22,5.0,0.0
31,23,5.0,0.0
31,24,4.2,0.4216370213557839
31,25,2.0,0.0
31,26,0.0,0.0
31,27,0.0,0.0
31,28,2.5,2.6352313834736494
31,29,5.0,0.0
31,30,2.0,0.0
31,31,0.0,0.0
31,32,0.0,0.0
32,1,0.0,0.0
32,2,0.6,0.9660917830792958
32,3,0.0,0.0
32,4,0.0,0.0
32,5,0.0,0.0
32,6,0.0,0.0
32,7,0.0,0.0
32,8,0.2,0.6324555320336759
32,9,0.0,0.0
32,10,0.0,0.0
32,11,0.0,0.0
32,12,0.0,0.0
32,13,0.0,0.0
32,14,0.0,0.0
32,15,0.0,0.0
32,16,0.0,0.0
32,17,5.0,0.0
32,18,5.0,0.0
32,19,4.0,0.0
32,20,2.0,0.0
32,21,5.0,0.0
32,22,5.0,0.0
32,23,5.0,0.0
32,24,5.0,0.0
32,25,2.0,0.0
32,26,0.0,0.0
32,27,0.0,0.0
32,28,5.0,0.0
32,29,5.0,0.0
32,30,0.0,0.0
32,31,0.0,0.0
32,32,0.0,0.0
33,1,3.4,0.6992058987801011
33,2,1.6,0.8432740427115679
33,3,0.0,0.0
33,4,0.0,0.0
33,5,0.0,0.0
33,6,0.0,0.0
33,7,2.2,0.4216370213557839
33,8,2.0,0.0
33,9,0.0,0.0
33,10,0.0,0.0
33,11,0.0,0.0
33,12,1.8,0.6324555320336759
33,13,0.0,0.0
33,14,0.0,0.0
33,15,1.9,0.7378647873726218
33,16,0.0,0.0
33,17,4.0,0.0
33,18,2.2,0.6324555320336759
33,19,2.0,0.0
33,20,2.0,0.0
33,21,2.0,0.0
33,22,5.0,0.0
33,23,5.0,0.0
33,24,2.0,0.0
33,25,2.0,0.0
33,26,1.2,1.0327955589886444
33,27,1.8,0.6324555320336759
33,28,0.2,0.6324555320336759
33,29,5.0,0.0
33,30,0.4,0.8432740427115679
33,31,0.0,0.0
33,32,1.8,0.6324555320336759
34,1,0.0,0.0
34,2,0.0,0.0
34,3,0.0,0.0
34,4,0.0,0.0
34,5,0.0,0.0
34,6,0.0,0.0
34,7,0.0,0.0
34,8,0.0,0.0
34,9,0.0,0.0
34,10,0.0,0.0
34,11,0.0,0.0
34,12,0.0,0.0
34,13,0.0,0.0
34,14,0.0,0.0
34,15,0.0,0.0
34,16,0.0,0.0
34,17,1.6,0.8432740427115679
34,18,5.0,0.0
34,19,5.0,0.0
34,20,0.0,0.0
34,21,5.0,0.0
34,22,5.0,0.0
34,23,5.0,0.0
34,24,0.0,0.0
34,25,1.6,0.8432740427115678
34,26,0.0,0.0
34,27,0.0,0.0
34,28,0.0,0.0
34,29,0.0,0.0
34,30,0.0,0.0
34,31,0.0,0.0
34,32,0.0,0.0
35,1,5.0,0.0
35,2,0.0,0.0
35,3,0.0,0.0
35,4,0.0,0.0
35,5,0.0,0.0
35,6,0.0,0.0
35,7,0.0,0.0
35,8,0.6,0.9660917830792959
35,9,-0.5,0.5270462766947299
35,10,1.6,0.8432740427115679
35,11,0.0,0.0
35,12,0.0,0.0
35,13,-0.1,0.31622776601683794
35,14,0.0,0.0
35,15,0.0,0.0
35,16,0.8,1.0327955589886444
35,17,5.0,0.0
35,18,4.4,1.8973665961010275
35,19,3.5,2.41522945769824
35,20,5.0,0.0
35,21,-1.0,0.0
35,22,5.0,0.0
35,23,2.0,3.1622776601683795
35,24,-1.0,0.0
35,25,4.0,0.0
35,26,0.2,0.6324555320336759
35,27,0.0,0.0
35,28,-1.0,0.0
35,29,4.8,0.4216370213557839
35,30,0.6,0.9660917830792958
35,31,-1.0,0.0
35,32,1.2,1.0327955589886446
36,1,4.2,1.1352924243950935
36,2,0.6,0.9660917830792959
36,3,0.0,0.0
36,4,0.0,0.0
36,5,0.0,0.0
36,6,0.0,0.0
36,7,3.7,2.1628170930011112
36,8,5.0,0.0
36,9,0.0,0.0
36,10,0.0,0.0
36,11,0.0,0.0
36,12,5.0,0.0
36,13,0.0,0.0
36,14,2.9,2.330951164939612
36,15,5.0,0.0
36,16,0.0,0.0
36,17,5.0,0.0
36,18,5.0,0.0
36,19,4.7,0.9486832980505138
36,20,4.9,0.31622776601683794
36,21,5.0,0.0
36,22,5.0,0.0
36,23,5.0,0.0
36,24,5.0,0.0
36,25,4.6,0.5163977794943222
36,26,0.0,0.0
36,27,0.0,0.0
36,28,5.0,0.0
36,29,5.0,0.0
36,30,2.5,1.90029237516523
36,31,0.0,0.0
36,32,0.0,0.0
37,1,5.0,0.0
37,2,5.0,0.0
37,3,0.0,0.0
37,4,0.0,0.0
37,5,0.0,0.0
37,6,0.0,0.0
37,7,5.0,0.0
37,8,5.0,0.0
37,9,4.8,0.6324555320336759
37,10,0.0,0.0
37,11,0.0,0.0
37,12,5.0,0.0
37,13,5.0,0.0
37,14,0.0,0.0
37,15,0.6,0.9660917830792959
37,16,0.0,0.0
37,17,5.0,0.0
37,18,5.0,0.0
37,19,5.0,0.0
37,20,5.0,0.0
37,21,5.0,0.0
37,22,5.0,0.0
37,23,5.0,0.0
37,24,5.0,0.0
37,25,2.3,0.9486832980505138
37,26,1.6,0.8432740427115678
37,27,0.0,0.0
37,28,5.0,0.0
37,29,5.0,0.0
37,30,1.0,1.0540925533894598
37,31,0.0,0.0
37,32,5.0,0.0
38,1,4.8,0.4216370213557839
38,2,1.9,0.7378647873726218
38,3,0.0,0.0
38,4,0.0,0.0
38,5,0.0,0.0
38,6,0.0,0.0
38,7,4.6,0.699205898780101
38,8,1.5,1.0801234497346435
38,9,0.8,1.3165611772087666
38,10,0.0,0.0
38,11,0.0,0.0
38,12,0.0,0.0
38,13,0.0,0.0
38,14,0.0,0.0
38,15,0.2,0.6324555320336759
38,16,0.0,0.0
38,17,5.0,0.0
38,18,5.0,0.0
38,19,5.0,0.0
38,20,4.0,0.0
38,21,5.0,0.0
38,22,5.0,0.0
38,23,5.0,0.0
38,24,5.0,0.0
38,25,2.0,0.0
38,26,0.0,0.0
38,27,0.6,0.9660917830792959
38,28,0.0,0.0
38,29,5.0,0.0
38,30,0.0,0.0
38,31,0.0,0.0
38,32,0.0,0.0
39,1,0.7,0.9486832980505138
39,2,4.4,0.5163977794943222
39,3,0.0,0.0
39,4,0.4,0.6992058987801011
39,5,0.0,0.0
39,6,0.0,0.0
39,7,1.6,1.6465452046971292
39,8,4.6,0.9660917830792959
39,9,0.0,0.0
39,10,0.1,0.31622776601683794
39,11,0.0,0.0
39,12,0.0,0.0
39,13,4.5,0.7071067811865476
39,14,0.0,0.0
39,15,2.4,0.5163977794943223
39,16,0.0,0.0
39,17,2.7,1.1595018087284057
39,18,4.4,0.9660917830792959
39,19,4.6,0.5163977794943222
39,20,4.0,1.1547005383792515
39,21,2.0,0.0
39,22,5.0,0.0
39,23,3.8,1.5491933384829668
39,24,4.7,0.48304589153964794
39,25,2.0,0.0
39,26,2.0,0.0
39,27,1.7,0.6749485577105528
39,28,1.2,0.9189365834726815
39,29,3.1,1.66332999331662
39,30,1.8,0.6324555320336759
39,31,1.8,0.6324555320336759
39,32,2.0,0.0
40,1,2.0,0.0
40,2,5.0,0.0
40,3,0.0,0.0
40,4,0.0,0.0
40,5,0.0,0.0
40,6,0.0,0.0
40,7,2.0,0.0
40,8,4.3,0.48304589153964794
40,9,0.0,0.0
40,10,0.0,0.0
40,11,0.0,0.0
40,12,2.0,0.0
40,13,4.2,0.4216370213557839
40,14,0.0,0.0
40,15,1.6,0.8432740427115679
40,16,0.0,0.0
40,17,3.6,1.1737877907772674
40,18,5.0,0.0
40,19,2.0,0.0
40,20,2.0,0.0
40,21,1.5,2.41522945769824
40,22,5.0,0.0
40,23,4.7,0.9486832980505138
40,24,5.0,0.0
40,25,1.7,0.6749485577105528
40,26,0.6,0.9660917830792959
40,27,0.0,0.0
40,28,0.0,0.0
40,29,5.0,0.0
40,30,0.2,0.6324555320336759
40,31,0.0,0.0
40,32,0.0,0.0
41,1,1.4,0.9660917830792959
41,2,1.0,1.0540925533894598
41,3,0.0,0.0
41,4,0.0,0.0
41,5,0.0,0.0
41,6,0.0,0.0
41,7,0.4,0.8432740427115679
41,8,0.2,0.6324555320336759
41,9,0.0,0.0
41,10,0.0,0.0
41,11,0.0,0.0
41,12,0.0,0.0
41,13,0.0,0.0
41,14,0.0,0.0
41,15,0.0,0.0
41,16,0.0,0.0
41,17,5.0,0.0
41,18,5.0,0.0
41,19,1.8,0.6324555320336759
41,20,2.0,0.0
41,21,5.0,0.0
41,22,5.0,0.0
41,23,5.0,0.0
41,24,5.0,0.0
41,25,2.0,0.0
41,26,0.0,0.0
41,27,0.0,0.0
41,28,0.0,0.0
41,29,5.0,0.0
41,30,0.0,0.0
41,31,0.0,0.0
41,32,0.0,0.0
42,1,0.0,0.0
42,2,0.0,0.0
42,3,0.0,0.0
42,4,0.0,0.0
42,5,0.0,0.0
42,6,0.0,0.0
42,7,0.0,0.0
42,8,0.0,0.0
42,9,0.0,0.0
42,10,0.0,0.0
42,11,0.0,0.0
42,12,0.0,0.0
42,13,0.0,0.0
42,14,0.0,0.0
42,15,0.0,0.0
42,16,0.0,0.0
42,17,0.0,0.0
42,18,2.4,2.7568097504180447
42,19,0.0,0.0
42,20,0.0,0.0
42,21,3.1,2.4698178070456938
42,22,5.0,0.0
42,23,1.5,1.90029237516523
42,24,0.0,0.0
42,25,0.2,0.42163702135578396
42,26,0.7,0.4830458915396479
42,27,0.0,0.0
42,28,-0.8,0.42163702135578396
42,29,0.0,0.0
42,30,0.2,0.6324555320336759
42,31,0.0,0.0
42,32,0.0,0.0
43,1,0.0,0.0
43,2,4.0,0.0
43,3,0.0,0.0
43,4,0.8,0.7888106377466155
43,5,0.0,0.0
43,6,0.0,0.0
43,7,2.0,0.0
43,8,3.5,0.97182531580755
43,9,0.8,1.0327955589886446
43,10,1.1,0.31622776601683794
43,11,0.0,0.0
43,12,0.2,0.6324555320336759
43,13,4.3,0.48304589153964794
43,14,0.0,0.0
43,15,2.0,0.0
43,16,0.0,0.0
43,17,4.9,0.31622776601683794
43,18,5.0,0.0
43,19,2.0,0.0
43,20,5.0,0.0
43,21,5.0,0.0
43,22,5.0,0.0
43,23,5.0,0.0
43,24,5.0,0.0
43,25,0.0,0.0
43,26,1.0,1.0540925533894598
43,27,0.0,0.0
43,28,0.0,0.0
43,29,5.0,0.0
43,30,1.8,0.6324555320336759
43,31,0.0,0.0
43,32,0.0,0.0
44,1,5.0,0.0
44,2,4.9,0.31622776601683794
44,3,1.0,2.1081851067789197
44,4,0.0,0.0
44,5,4.0,2.1081851067789197
44,6,0.0,0.0
44,7,5.0,0.0
44,8,4.8,0.4216370213557839
44,9,5.0,0.0
44,10,0.1,0.31622776601683794
44,11,0.0,0.0
44,12,4.9,0.31622776601683794
44,13,4.6,0.9660917830792958
44,14,4.2,1.5491933384829668
44,15,0.0,0.0
44,16,0.0,0.0
44,17,5.0,0.0
44,18,5.0,0.0
44,19,5.0,0.0
44,20,4.0,1.1547005383792515
44,21,5.0,0.0
44,22,5.0,0.0
44,23,5.0,0.0
44,24,5.0,0.0
44,25,2.0,0.0
44,26,0.0,0.0
44,27,0.0,0.0
44,28,0.0,0.0
44,29,5.0,0.0
44,30,0.0,0.0
44,31,0.0,0.0
44,32,0.0,0.0
45,1,0.4,0.8432740427115679
45,2,2.3,0.48304589153964794
45,3,0.0,0.0
45,4,0.0,0.0
45,5,0.0,0.0
45,6,0.5,1.0801234497346435
45,7,5.0,0.0
45,8,4.7,0.48304589153964794
45,9,0.2,0.6324555320336759
45,10,4.9,0.31622776601683794
45,11,0.8,1.7511900715418263
45,12,2.0,2.0
45,13,0.0,0.0
45,14,0.0,0.0
45,15,0.6,0.9660917830792959
45,16,5.0,0.0
45,17,5.0,0.0
45,18,5.0,0.0
45,19,5.0,0.0
45,20,2.8,1.1352924243950933
45,21,1.3,1.70293863659264
45,22,5.0,0.0
45,23,5.0,0.0
45,24,5.0,0.0
45,25,4.9,0.31622776601683794
45,26,0.9,1.449137674618944
45,27,-0.1,0.31622776601683794
45,28,-0.4,0.5163977794943222
45,29,5.0,0.0
45,30,0.0,1.4142135623730951
45,31,-0.3,0.4830458915396479
45,32,3.2,1.0327955589886446
46,1,5.0,0.0
46,2,2.9,1.286683937707919
46,3,0.0,0.0
46,4,0.0,0.0
46,5,0.0,0.0
46,6,0.0,0.0
46,7,5.0,0.0
46,8,3.8,1.398411797560202
46,9,0.0,0.0
46,10,0.0,0.0
46,11,0.0,0.0
46,12,0.2,0.6324555320336759
46,13,0.0,0.0
46,14,0.0,0.0
46,15,0.0,0.0
46,16,0.0,0.0
46,17,5.0,0.0
46,18,5.0,0.0
46,19,0.2,0.6324555320336759
46,20,3.5,1.0801234497346435
46,21,5.0,0.0
46,22,5.0,0.0
46,23,5.0,0.0
46,24,2.9,1.4491376746189437
46,25,2.0,0.0
46,26,0.0,0.0
46,27,0.0,0.0
46,28,0.0,0.0
46,29,5.0,0.0
46,30,1.6,0.8432740427115679
46,31,0.0,0.0
46,32,0.0,0.0
47,1,1.4,0.9660917830792958
47,2,5.0,0.0
47,3,5.0,0.0
47,4,4.3,0.48304589153964794
47,5,5.0,0.0
47,6,0.0,0.0
47,7,5.0,0.0
47,8,4.9,0.31622776601683794
47,9,5.0,0.0
47,10,5.0,0.0
47,11,5.0,0.0
47,12,4.9,0.31622776601683794
47,13,4.4,1.2649110640673518
47,14,4.0,0.0
47,15,4.1,0.8755950357709131
47,16,0.0,0.0
47,17,2.0,0.0
47,18,5.0,0.0
47,19,5.0,0.0
47,20,5.0,0.0
47,21,5.0,0.0
47,22,5.0,0.0
47,23,5.0,0.0
47,24,5.0,0.0
47,25,2.6,1.2649110640673518
47,26,1.7,2.359378449224852
47,27,0.0,0.0
47,28,0.0,0.0
47,29,5.0,0.0
47,30,0.0,0.0
47,31,0.0,0.0
47,32,0.0,0.0
48,1,0.1,0.31622776601683794
48,2,0.0,0.0
48,3,0.0,0.0
48,4,0.0,0.0
48,5,0.0,0.0
48,6,0.0,0.0
48,7,0.0,0.0
48,8,0.0,0.0
48,9,0.0,0.0
48,10,0.0,0.0
48,11,0.0,0.0
48,12,0.0,0.0
48,13,0.0,0.0
48,14,0.0,0.0
48,15,0.0,0.0
48,16,0.0,0.0
48,17,4.4,1.2649110640673518
48,18,5.0,0.0
48,19,1.8,0.6324555320336759
48,20,1.6,0.8432740427115678
48,21,5.0,0.0
48,22,5.0,0.0
48,23,5.0,0.0
48,24,2.3,0.9486832980505138
48,25,2.0,0.0
48,26,0.0,0.0
48,27,0.0,0.0
48,28,0.0,0.0
48,29,5.0,0.0
48,30,0.0,0.0
48,31,0.0,0.0
48,32,0.0,0.0
49,1,2.0,0.0
49,2,2.0,0.0
49,3,0.0,0.0
49,4,0.0,0.0
49,5,0.0,0.0
49,6,0.0,0.0
49,7,2.9,1.1005049346146119
49,8,2.0,0.0
49,9,0.0,0.0
49,10,0.0,0.0
49,11,0.0,0.0
49,12,1.0,1.0540925533894598
49,13,0.0,0.0
49,14,0.0,0.0
49,15,2.0,0.0
49,16,0.0,0.0
49,17,5.0,0.0
49,18,0.5,1.5811388300841898
49,19,1.5,0.7071067811865476
49,20,2.0,0.0
49,21,5.0,0.0
49,22,5.0,0.0
49,23,5.0,0.0
49,24,5.0,0.0
49,25,0.4,0.8432740427115679
49,26,0.0,0.0
49,27,0.0,0.0
49,28,0.0,0.0
49,29,5.0,0.0
49,30,0.0,0.0
49,31,0.0,0.0
49,32,0.0,0.0
50,1,4.0,0.0
50,2,4.0,0.0
50,3,0.0,0.0
50,4,3.0,0.6666666666666666
50,5,0.9,1.1972189997378648
50,6,0.0,0.0
50,7,4.6,0.5163977794943222
50,8,4.4,0.5163977794943222
50,9,3.9,0.5676462121975466
50,10,1.6,0.8432740427115679
50,11,0.0,0.0
50,12,4.1,0.7378647873726218
50,13,3.5,0.8498365855987975
50,14,3.2,0.7888106377466155
50,15,2.6,0.5163977794943223
50,16,0.0,0.0
50,17,5.0,0.0
50,18,5.0,0.0
50,19,5.0,0.0
50,20,5.0,0.0
50,21,4.7,0.9486832980505138
50,22,5.0,0.0
50,23,5.0,0.0
50,24,5.0,0.0
50,25,4.0,0.0
50,26,0.8,1.0327955589886446
50,27,0.0,0.0
50,28,0.2,0.6324555320336759
50,29,0.6,0.9660917830792958
50,30,1.2,1.0327955589886444
50,31,0.0,0.0
50,32,3.5,1.0801234497346435
51,1,2.1,0.31622776601683794
51,2,1.1,1.1972189997378648
51,3,0.0,0.0
51,4,0.0,0.0
51,5,0.0,0.0
51,6,0.0,0.0
51,7,5.0,0.0
51,8,4.5,1.0801234497346435
51,9,5.0,0.0
51,10,0.0,0.0
51,11,0.0,0.0
51,12,0.0,0.0
51,13,0.6,0.9660917830792959
51,14,3.6,2.0655911179772892
51,15,0.2,0.6324555320336759
51,16,0.0,0.0
51,17,4.0,1.4142135623730951
51,18,5.0,0.0
51,19,4.8,0.4216370213557839
51,20,2.0,0.0
51,21,4.7,0.9486832980505138
51,22,5.0,0.0
51,23,5.0,0.0
51,24,5.0,0.0
51,25,2.0,0.0
51,26,0.0,0.0
51,27,5.0,0.0
51,28,0.0,0.0
51,29,5.0,0.0
51,30,0.0,0.0
51,31,0.0,0.0
51,32,0.0,0.0
52,1,3.9,0.31622776601683794
52,2,2.0,0.0
52,3,0.0,0.0
52,4,0.0,0.0
52,5,0.0,0.0
52,6,0.0,0.0
52,7,3.4,0.5163977794943223
52,8,3.6,0.6992058987801011
52,9,2.3,0.48304589153964794
52,10,0.0,0.0
52,11,0.0,0.0
52,12,2.3,0.6749485577105528
52,13,3.4,1.1737877907772671
52,14,0.0,0.0
52,15,1.8,0.6324555320336759
52,16,0.0,0.0
52,17,5.0,0.0
52,18,5.0,0.0
52,19,2.0,0.0
52,20,2.0,0.0
52,21,4.6,0.9660917830792959
52,22,5.0,0.0
52,23,5.0,0.0
52,24,2.0,0.0
52,25,2.0,0.0
52,26,0.0,0.0
52,27,0.0,0.0
52,28,0.0,0.0
52,29,5.0,0.0
52,30,0.2,0.6324555320336759
52,31,0.0,0.0
52,32,0.0,0.0
53,1,3.5,1.35400640077266
53,2,5.0,0.0
53,3,5.0,0.0
53,4,0.0,0.0
53,5,0.0,0.0
53,6,0.0,0.0
53,7,5.0,0.0
53,8,5.0,0.0
53,9,5.0,0.0
53,10,0.0,0.0
53,11,0.0,0.0
53,12,0.0,0.0
53,13,5.0,0.0
53,14,0.0,0.0
53,15,5.0,0.0
53,16,0.0,0.0
53,17,5.0,0.0
53,18,5.0,0.0
53,19,5.0,0.0
53,20,0.0,0.0
53,21,5.0,0.0
53,22,5.0,0.0
53,23,5.0,0.0
53,24,5.0,0.0
53,25,0.0,0.0
53,26,0.0,0.0
53,27,0.0,0.0
53,28,0.0,0.0
53,29,5.0,0.0
53,30,0.0,0.0
53,31,0.0,0.0
53,32,0.0,0.0
54,1,4.9,0.31622776601683794
54,2,0.0,0.0
54,3,0.0,0.0
54,4,0.0,0.0
54,5,0.0,0.0
54,6,0.0,0.0
54,7,0.0,0.0
54,8,0.0,0.0
54,9,0.0,0.0
54,10,0.0,0.0
54,11,0.0,0.0
54,12,0.0,0.0
54,13,0.0,0.0
54,14,0.0,0.0
54,15,0.0,0.0
54,16,0.0,0.0
54,17,5.0,0.0
54,18,5.0,0.0
54,19,0.0,0.0
54,20,0.0,0.0
54,21,0.0,0.0
54,22,5.0,0.0
54,23,5.0,0.0
54,24,0.0,0.0
54,25,0.0,0.0
54,26,0.0,0.0
54,27,0.0,0.0
54,28,0.0,0.0
54,29,0.0,0.0
54,30,0.0,0.0
54,31,0.0,0.0
54,32,0.0,0.0
55,1,1.4,0.9660917830792958
55,2,4.1,0.31622776601683794
55,3,0.0,0.0
55,4,0.1,0.31622776601683794
55,5,0.0,0.0
55,6,0.0,0.0
55,7,2.4,1.505545305418162
55,8,4.0,0.0
55,9,0.0,0.0
55,10,0.1,0.31622776601683794
55,11,0.0,0.0
55,12,0.0,0.0
55,13,0.0,0.0
55,14,0.0,0.0
55,15,1.9,0.31622776601683794
55,16,0.0,0.0
55,17,4.9,0.31622776601683794
55,18,5.0,0.0
55,19,5.0,0.0
55,20,4.7,0.9486832980505138
55,21,5.0,0.0
55,22,5.0,0.0
55,23,5.0,0.0
55,24,5.0,0.0
55,25,3.0,1.0540925533894598
55,26,2.0,0.0
55,27,0.0,0.0
55,28,5.0,0.0
55,29,5.0,0.0
55,30,2.3,0.9486832980505138
55,31,0.0,0.0
55,32,0.4,0.8432740427115679
56,1,4.2,0.4216370213557839
56,2,4.0,0.0
56,3,0.0,0.0
56,4,0.0,0.0
56,5,0.0,0.0
56,6,0.0,0.0
56,7,5.0,0.0
56,8,4.0,0.0
56,9,0.0,0.0
56,10,0.0,0.0
56,11,0.0,0.0
56,12,0.0,0.0
56,13,4.4,0.5163977794943222
56,14,0.0,0.0
56,15,0.6,0.9660917830792958
56,16,0.0,0.0
56,17,5.0,0.0
56,18,5.0,0.0
56,19,2.0,0.0
56,20,4.0,0.0
56,21,2.5,2.6352313834736494
56,22,5.0,0.0
56,23,5.0,0.0
56,24,5.0,0.0
56,25,4.8,0.4216370213557839
56,26,2.0,0.0
56,27,0.0,0.0
56,28,5.0,0.0
56,29,5.0,0.0
56,30,2.0,0.0
56,31,0.0,0.0
56,32,0.0,0.0
57,1,4.0,0.0
57,2,4.9,0.31622776601683794
57,3,1.4,1.2649110640673518
57,4,1.0,1.0540925533894598
57,5,0.0,0.0
57,6,0.0,0.0
57,7,4.0,0.0
57,8,4.5,0.5270462766947299
57,9,1.8,1.0327955589886444
57,10,2.1,0.31622776601683794
57,11,0.0,0.0
57,12,3.8,0.6324555320336759
57,13,4.4,0.5163977794943222
57,14,0.0,0.0
57,15,0.2,0.42163702135578396
57,16,0.0,0.0
57,17,5.0,0.0
57,18,5.0,0.0
57,19,5.0,0.0
57,20,5.0,0.0
57,21,5.0,0.0
57,22,5.0,0.0
57,23,5.0,0.0
57,24,5.0,0.0
57,25,2.0,0.0
57,26,0.2,0.6324555320336759
57,27,0.0,0.0
57,28,1.5,2.41522945769824
57,29,5.0,0.0
57,30,2.0,0.0
57,31,0.0,0.0
57,32,0.2,0.6324555320336759
58,1,0.0,0.0
58,2,0.0,0.0
58,3,0.0,0.0
58,4,0.0,0.0
58,5,0.0,0.0
58,6,0.0,0.0
58,7,0.0,0.0
58,8,0.0,0.0
58,9,0.0,0.0
58,10,0.0,0.0
58,11,0.0,0.0
58,12,0.0,0.0
58,13,0.0,0.0
58,14,0.0,0.0
58,15,0.0,0.0
58,16,0.0,0.0
58,17,5.0,0.0
58,18,4.7,0.9486832980505138
58,19,2.0,0.0
58,20,2.2,1.0327955589886446
58,21,5.0,0.0
58,22,5.0,0.0
58,23,4.7,0.9486832980505138
58,24,1.9,2.282785822435191
58,25,2.6,1.2649110640673518
58,26,0.0,0.0
58,27,0.0,0.0
58,28,0.0,0.0
58,29,4.7,0.9486832980505138
58,30,0.2,0.6324555320336759
58,31,0.0,0.0
58,32,0.0,0.0
59,1,4.0,0.0
59,2,4.0,0.0
59,3,0.0,0.0
59,4,1.3,0.9486832980505138
59,5,0.0,0.0
59,6,0.0,0.0
59,7,4.0,0.0
59,8,3.9,0.31622776601683794
59,9,2.0,0.0
59,10,0.7,0.9486832980505138
59,11,0.1,0.31622776601683794
59,12,4.0,0.0
59,13,3.8,0.4216370213557839
59,14,1.8,0.6324555320336759
59,15,2.0,0.0
59,16,0.0,0.0
59,17,5.0,0.0
59,18,5.0,0.0
59,19,5.0,0.0
59,20,4.0,0.0
59,21,5.0,0.0
59,22,5.0,0.0
59,23,5.0,0.0
59,24,5.0,0.0
59,25,3.5,0.8498365855987975
59,26,0.6,0.9660917830792959
59,27,0.0,0.0
59,28,0.0,0.0
59,29,5.0,0.0
59,30,1.8,0.6324555320336759
59,31,0.0,0.0
59,32,2.0,0.0
60,1,0.0,0.0
60,2,0.0,0.0
60,3,0.0,0.0
60,4,0.0,0.0
60,5,0.0,0.0
60,6,0.0,0.0
60,7,0.0,0.0
60,8,0.0,0.0
60,9,0.0,0.0
60,10,0.0,0.0
60,11,0.0,0.0
60,12,0.0,0.0
60,13,0.0,0.0
60,14,0.0,0.0
60,15,0.0,0.0
60,16,0.0,0.0
60,17,0.6,0.9660917830792959
60,18,5.0,0.0
60,19,4.9,0.31622776601683794
60,20,5.0,0.0
60,21,5.0,0.0
60,22,5.0,0.0
60,23,5.0,0.0
60,24,0.0,0.0
60,25,2.0,0.0
60,26,0.0,0.0
60,27,0.0,0.0
60,28,0.0,0.0
60,29,0.5,1.5811388300841898
60,30,0.0,0.0
60,31,0.0,0.0
60,32,0.0,0.0
61,1,0.0,0.0
61,2,0.0,0.0
61,3,0.0,0.0
61,4,0.0,0.0
61,5,0.0,0.0
61,6,0.0,0.0
61,7,0.0,0.0
61,8,0.0,0.0
61,9,0.0,0.0
61,10,0.0,0.0
61,11,0.0,0.0
61,12,0.0,0.0
61,13,0.0,0.0
61,14,0.0,0.0
61,15,0.0,0.0
61,16,0.0,0.0
61,17,2.0,0.0
61,18,5.0,0.0
61,19,2.1,0.31622776601683794
61,20,1.6,0.8432740427115679
61,21,4.0,2.1081851067789197
61,22,5.0,0.0
61,23,5.0,0.0
61,24,0.2,0.6324555320336759
61,25,2.0,0.0
61,26,0.0,0.0
61,27,0.0,0.0
61,28,0.0,0.0
61,29,5.0,0.0
61,30,0.8,1.0327955589886446
61,31,0.0,0.0
61,32,0.0,0.0
62,1,3.9,0.8755950357709131
62,2,2.1,0.31622776601683794
62,3,0.0,0.0
62,4,0.0,0.0
62,5,0.0,0.0
62,6,0.0,0.0
62,7,1.2,1.3165611772087666
62,8,3.1,1.1005049346146119
62,9,0.0,0.0
62,10,0.0,0.0
62,11,0.0,0.0
62,12,0.0,0.0
62,13,0.0,0.0
62,14,0.0,0.0
62,15,0.0,0.0
62,16,0.0,0.0
62,17,5.0,0.0
62,18,5.0,0.0
62,19,2.0,0.0
62,20,3.0,1.0540925533894598
62,21,5.0,0.0
62,22,5.0,0.0
62,23,5.0,0.0
62,24,5.0,0.0
62,25,2.0,0.0
62,26,0.4,0.8432740427115679
62,27,0.0,0.0
62,28,0.5,1.5811388300841898
62,29,5.0,0.0
62,30,0.0,0.0
62,31,0.0,0.0
62,32,0.0,0.0
63,1,4.1,0.31622776601683794
63,2,5.0,0.0
63,3,0.0,0.0
63,4,0.0,0.0
63,5,0.0,0.0
63,6,0.0,0.0
63,7,5.0,0.0
63,8,4.3,0.48304589153964794
63,9,2.0,0.0
63,10,0.0,0.0
63,11,0.0,0.0
63,12,0.0,0.0
63,13,5.0,0.0
63,14,0.0,0.0
63,15,0.0,0.0
63,16,0.0,0.0
63,17,5.0,0.0
63,18,5.0,0.0
63,19,2.0,0.0
63,20,2.0,0.0
63,21,1.0,2.1081851067789197
63,22,5.0,0.0
63,23,5.0,0.0
63,24,5.0,0.0
63,25,2.0,0.0
63,26,0.0,0.0
63,27,0.0,0.0
63,28,0.0,0.0
63,29,5.0,0.0
63,30,1.6,0.8432740427115679
63,31,0.0,0.0
63,32,0.0,0.0
64,1,2.0,0.0
64,2,4.5,0.5270462766947299
64,3,0.0,0.0
64,4,0.0,0.0
64,5,0.0,0.0
64,6,0.0,0.0
64,7,0.0,0.0
64,8,2.4,0.9660917830792958
64,9,0.0,0.0
64,10,0.0,0.0
64,11,0.0,0.0
64,12,0.0,0.0
64,13,5.0,0.0
64,14,0.0,0.0
64,15,1.8,0.6324555320336759
64,16,0.0,0.0
64,17,5.0,0.0
64,18,5.0,0.0
64,19,4.0,0.0
64,20,1.8,0.6324555320336759
64,21,5.0,0.0
64,22,5.0,0.0
64,23,5.0,0.0
64,24,4.6,0.5163977794943222
64,25,2.0,0.0
64,26,0.0,0.0
64,27,0.0,0.0
64,28,0.0,0.0
64,29,5.0,0.0
64,30,0.0,0.0
64,31,0.0,0.0
64,32,0.0,0.0
65,1,4.0,0.0
65,2,4.1,0.5676462121975466
65,3,0.2,0.6324555320336759
65,4,0.0,0.0
65,5,0.0,0.0
65,6,0.0,0.0
65,7,4.9,0.31622776601683794
65,8,4.6,0.5163977794943222
65,9,0.0,0.0
65,10,0.5,0.8498365855987975
65,11,0.0,0.0
65,12,4.1,1.1972189997378646
65,13,0.6,0.9660917830792958
65,14,0.0,0.0
65,15,1.2,1.0327955589886446
65,16,0.0,0.0
65,17,5.0,0.0
65,18,5.0,0.0
65,19,5.0,0.0
65,20,4.0,1.4142135623730951
65,21,5.0,0.0
65,22,5.0,0.0
65,23,5.0,0.0
65,24,5.0,0.0
65,25,5.0,0.0
65,26,0.0,0.0
65,27,0.0,0.0
65,28,0.0,0.0
65,29,5.0,0.0
65,30,0.0,0.0
65,31,0.0,0.0
65,32,0.0,0.0
66,1,0.2,0.6324555320336759
66,2,0.0,0.0
66,3,0.0,0.0
66,4,0.0,0.0
66,5,0.0,0.0
66,6,0.0,0.0
66,7,0.4,0.8432740427115679
66,8,0.0,0.0
66,9,0.0,0.0
66,10,0.0,0.0
66,11,0.0,0.0
66,12,0.0,0.0
66,13,0.0,0.0
66,14,0.0,0.0
66,15,1.8,0.6324555320336759
66,16,0.0,0.0
66,17,5.0,0.0
66,18,5.0,0.0
66,19,0.6,0.9660917830792958
66,20,0.6,0.9660917830792958
66,21,2.0,2.581988897471611
66,22,5.0,0.0
66,23,5.0,0.0
66,24,0.0,0.0
66,25,0.0,0.0
66,26,0.4,0.8432740427115679
66,27,0.0,0.0
66,28,0.0,0.0
66,29,0.0,0.0
66,30,0.0,0.0
66,31,0.0,0.0
66,32,0.0,0.0
67,1,0.0,0.0
67,2,4.0,2.1081851067789197
67,3,0.0,0.0
67,4,0.0,0.0
67,5,0.0,0.0
67,6,0.0,0.0
67,7,0.0,0.0
67,8,1.5,2.41522945769824
67,9,0.0,0.0
67,10,0.0,0.0
67,11,0.0,0.0
67,12,0.0,0.0
67,13,0.0,0.0
67,14,0.0,0.0
67,15,0.0,0.0
67,16,0.0,0.0
67,17,5.0,0.0
67,18,5.0,0.0
67,19,0.0,0.0
67,20,0.0,0.0
67,21,5.0,0.0
67,22,5.0,0.0
67,23,5.0,0.0
67,24,5.0,0.0
67,25,1.8,0.6324555320336759
67,26,0.0,0.0
67,27,0.0,0.0
67,28,0.0,0.0
67,29,5.0,0.0
67,30,1.5,2.41522945769824
67,31,0.0,0.0
67,32,0.0,0.0
68,1,3.6,0.5163977794943223
68,2,4.0,0.0
68,3,0.0,0.0
68,4,0.0,0.0
68,5,0.0,0.0
68,6,0.0,0.0
68,7,2.3,0.48304589153964794
68,8,4.0,0.0
68,9,0.0,0.0
68,10,0.0,0.0
68,11,0.0,0.0
68,12,0.2,0.6324555320336759
68,13,2.2,0.4216370213557839
68,14,0.0,0.0
68,15,2.0,0.0
68,16,0.0,0.0
68,17,5.0,0.0
68,18,5.0,0.0
68,19,4.0,0.0
68,20,4.9,0.31622776601683794
68,21,5.0,0.0
68,22,5.0,0.0
68,23,5.0,0.0
68,24,4.8,0.4216370213557839
68,25,2.0,0.0
68,26,0.4,0.8432740427115679
68,27,0.0,0.0
68,28,0.0,0.0
68,29,5.0,0.0
68,30,2.0,0.0
68,31,0.0,0.0
68,32,0.0,0.0
69,1,4.8,0.6324555320336759
69,2,5.0,0.0
69,3,-0.1,0.31622776601683794
69,4,0.0,0.0
69,5,0.0,0.0
69,6,0.0,0.0
69,7,5.0,0.0
69,8,4.7,0.9486832980505138
69,9,2.8,0.4216370213557839
69,10,0.0,0.0
69,11,0.0,0.0
69,12,0.0,0.0
69,13,0.0,0.0
69,14,0.0,0.0
69,15,0.0,0.0
69,16,0.0,0.0
69,17,5.0,0.0
69,18,5.0,0.0
69,19,0.0,0.0
69,20,5.0,0.0
69,21,5.0,0.0
69,22,5.0,0.0
69,23,5.0,0.0
69,24,5.0,0.0
69,25,2.2,0.6324555320336759
69,26,0.0,0.0
69,27,0.0,0.0
69,28,0.0,0.0
69,29,5.0,0.0
69,30,2.0,0.0
69,31,0.0,0.0
69,32,0.0,0.0
70,1,4.2,0.4216370213557839
70,2,4.0,0.0
70,3,1.6,0.8432740427115679
70,4,0.6,0.8432740427115678
70,5,0.0,0.0
70,6,0.0,0.0
70,7,4.0,0.0
70,8,4.0,0.0
70,9,2.4,0.6992058987801011
70,10,0.4,0.8432740427115679
70,11,0.0,0.0
70,12,4.0,0.0
70,13,4.0,0.0
70,14,1.6,0.8432740427115679
70,15,2.0,0.0
70,16,0.0,0.0
70,17,5.0,0.0
70,18,5.0,0.0
70,19,2.0,0.0
70,20,2.0,0.0
70,21,5.0,0.0
70,22,5.0,0.0
70,23,5.0,0.0
70,24,4.1,0.31622776601683794
70,25,2.0,0.0
70,26,2.0,0.0
70,27,2.0,0.0
70,28,1.5,2.41522945769824
70,29,5.0,0.0
70,30,1.7,2.359378449224852
70,31,0.0,0.0
70,32,1.7,0.9486832980505139
71,1,0.0,0.0
71,2,0.0,0.0
71,3,0.0,0.0
71,4,0.0,0.0
71,5,0.0,0.0
71,6,0.0,0.0
71,7,0.0,0.0
71,8,1.2,1.0327955589886446
71,9,0.0,0.0
71,10,0.0,0.0
71,11,0.0,0.0
71,12,0.0,0.0
71,13,0.0,0.0
71,14,0.0,0.0
71,15,0.4,0.8432740427115679
71,16,0.0,0.0
71,17,2.0,0.0
71,18,5.0,0.0
71,19,2.0,0.0
71,20,2.0,0.0
71,21,0.0,0.0
71,22,5.0,0.0
71,23,5.0,0.0
71,24,2.7,1.1595018087284057
71,25,1.8,0.6324555320336759
71,26,0.0,0.0
71,27,0.0,0.0
71,28,0.0,0.0
71,29,5.0,0.0
71,30,0.2,0.6324555320336759
71,31,0.0,0.0
71,32,0.0,0.0
72,1,4.0,0.0
72,2,4.1,0.31622776601683794
72,3,1.8,0.6324555320336759
72,4,2.0,0.0
72,5,0.0,0.0
72,6,0.0,0.0
72,7,4.6,0.5163977794943222
72,8,4.9,0.31622776601683794
72,9,3.0,0.9428090415820634
72,10,4.0,0.0
72,11,0.0,0.0
72,12,4.9,0.31622776601683794
72,13,4.4,0.5163977794943222
72,14,0.4,0.8432740427115679
72,15,2.8,0.4216370213557839
72,16,5.0,0.0
72,17,5.0,0.0
72,18,5.0,0.0
72,19,4.0,0.0
72,20,5.0,0.0
72,21,5.0,0.0
72,22,5.0,0.0
72,23,5.0,0.0
72,24,5.0,0.0
72,25,3.0,1.0540925533894598
72,26,4.1,1.449137674618944
72,27,0.0,0.0
72,28,0.0,0.0
72,29,5.0,0.0
72,30,2.0,0.0
72,31,0.0,0.0
72,32,0.4,0.8432740427115679
73,1,4.0,0.0
73,2,5.0,0.0
73,3,0.0,0.0
73,4,1.1,1.1972189997378648
73,5,0.0,0.0
73,6,0.0,0.0
73,7,4.1,0.31622776601683794
73,8,4.4,0.5163977794943222
73,9,2.4,0.6992058987801011
73,10,1.0,1.0540925533894598
73,11,0.0,0.0
73,12,4.5,0.5270462766947299
73,13,4.5,0.5270462766947299
73,14,0.0,0.0
73,15,2.1,0.31622776601683794
73,16,0.0,0.0
73,17,4.9,0.31622776601683794
73,18,5.0,0.0
73,19,2.0,0.0
73,20,2.8,1.0327955589886446
73,21,5.0,0.0
73,22,5.0,0.0
73,23,5.0,0.0
73,24,5.0,0.0
73,25,2.3,0.9486832980505138
73,26,-0.4,1.2649110640673518
73,27,0.0,0.0
73,28,1.5,3.0276503540974917
73,29,5.0,0.0
73,30,2.7,2.1628170930011112
73,31,0.0,0.0
73,32,-1.0,0.0
74,1,3.6,0.6992058987801011
74,2,4.0,0.0
74,3,1.2,1.0327955589886446
74,4,2.0,0.0
74,5,0.0,0.0
74,6,0.0,0.0
74,7,5.0,0.0
74,8,4.0,0.0
74,9,2.2,0.4216370213557839
74,10,2.1,0.31622776601683794
74,11,0.0,0.0
74,12,3.1,0.8755950357709131
74,13,4.7,0.48304589153964794
74,14,0.0,0.0
74,15,2.1,0.31622776601683794
74,16,0.0,0.0
74,17,5.0,0.0
74,18,5.0,0.0
74,19,5.0,0.0
74,20,5.0,0.0
74,21,5.0,0.0
74,22,5.0,0.0
74,23,5.0,0.0
74,24,5.0,0.0
74,25,3.6,0.8432740427115678
74,26,2.0,0.0
74,27,0.0,0.0
74,28,4.0,2.1081851067789197
74,29,5.0,0.0
74,30,0.8,1.0327955589886446
74,31,0.0,0.0
74,32,0.8,1.0327955589886444
75,1,0.0,0.0
75,2,1.0,2.1081851067789197
75,3,5.0,0.0
75,4,5.0,0.0
75,5,2.0,2.581988897471611
75,6,0.0,0.0
75,7,5.0,0.0
75,8,5.0,0.0
75,9,5.0,0.0
75,10,0.0,0.0
75,11,0.0,0.0
75,12,0.0,0.0
75,13,0.0,0.0
75,14,5.0,0.0
75,15,0.0,0.0
75,16,0.0,0.0
75,17,5.0,0.0
75,18,5.0,0.0
75,19,5.0,0.0
75,20,4.7,0.9486832980505138
75,21,-1.0,0.0
75,22,5.0,0.0
75,23,5.0,0.0
75,24,5.0,0.0
75,25,5.0,0.0
75,26,0.0,0.0
75,27,5.0,0.0
75,28,0.0,0.0
75,29,5.0,0.0
75,30,0.0,0.0
75,31,0.0,0.0
75,32,0.0,0.0
76,1,0.0,0.0
76,2,0.0,0.0
76,3,0.0,0.0
76,4,0.0,0.0
76,5,5.0,0.0
76,6,0.0,0.0
76,7,5.0,0.0
76,8,0.0,0.0
76,9,0.0,0.0
76,10,0.0,0.0
76,11,0.0,0.0
76,12,3.0,2.581988897471611
76,13,0.0,0.0
76,14,0.0,0.0
76,15,0.0,0.0
76,16,5.0,0.0
76,17,5.0,0.0
76,18,1.4,0.9660917830792958
76,19,2.0,0.0
76,20,5.0,0.0
76,21,5.0,0.0
76,22,5.0,0.0
76,23,5.0,0.0
76,24,2.6,1.2649110640673518
76,25,5.0,0.0
76,26,5.0,0.0
76,27,5.0,0.0
76,28,5.0,0.0
76,29,5.0,0.0
76,30,0.0,0.0
76,31,0.0,0.0
76,32,5.0,0.0
77,1,4.2,0.4216370213557839
77,2,4.7,0.48304589153964794
77,3,0.0,0.0
77,4,0.0,0.0
77,5,0.0,0.0
77,6,0.0,0.0
77,7,4.1,0.9944289260117533
77,8,4.3,0.48304589153964794
77,9,0.0,0.0
77,10,0.4,0.8432740427115679
77,11,0.0,0.0
77,12,2.1,0.31622776601683794
77,13,3.8,0.6324555320336759
77,14,0.0,0.0
77,15,1.8,0.6324555320336759
77,16,0.0,0.0
77,17,5.0,0.0
77,18,5.0,0.0
77,19,4.6,0.5163977794943222
77,20,2.0,0.0
77,21,5.0,0.0
77,22,5.0,0.0
77,23,5.0,0.0
77,24,5.0,0.0
77,25,2.0,0.0
77,26,0.0,0.0
77,27,0.0,0.0
77,28,4.0,2.1081851067789197
77,29,5.0,0.0
77,30,1.8,0.6324555320336759
77,31,0.0,0.0
77,32,0.0,0.0
78,1,0.0,0.0
78,2,4.7,0.48304589153964794
78,3,0.0,0.0
78,4,0.0,0.0
78,5,0.0,0.0
78,6,0.0,0.0
78,7,0.4,0.8432740427115679
78,8,2.6,0.5163977794943223
78,9,0.0,0.0
78,10,0.0,0.0
78,11,0.0,0.0
78,12,1.0,1.0540925533894598
78,13,3.9,0.7378647873726218
78,14,0.0,0.0
78,15,1.4,0.9660917830792958
78,16,0.0,0.0
78,17,5.0,0.0
78,18,5.0,0.0
78,19,4.1,0.31622776601683794
78,20,3.5,1.5811388300841898
78,21,4.7,0.9486832980505138
78,22,5.0,0.0
78,23,5.0,0.0
78,24,5.0,0.0
78,25,0.0,0.0
78,26,0.0,0.0
78,27,2.0,0.0
78,28,0.0,0.0
78,29,0.0,0.0
78,30,0.2,0.6324555320336759
78,31,0.0,0.0
78,32,0.0,0.0
79,1,2.3,0.48304589153964794
79,2,4.0,0.0
79,3,0.0,0.0
79,4,0.1,0.31622776601683794
79,5,0.0,0.0
79,6,0.0,0.0
79,7,4.0,0.0
79,8,2.7,0.6749485577105528
79,9,2.1,0.31622776601683794
79,10,0.2,0.6324555320336759
79,11,0.0,0.0
79,12,2.2,0.4216370213557839
79,13,2.0,0.0
79,14,0.2,0.6324555320336759
79,15,2.0,0.0
79,16,0.0,0.0
79,17,4.7,0.48304589153964794
79,18,5.0,0.0
79,19,2.0,0.0
79,20,2.0,0.0
79,21,4.7,0.9486832980505138
79,22,5.0,0.0
79,23,5.0,0.0
79,24,4.9,0.31622776601683794
79,25,2.0,0.0
79,26,0.0,0.0
79,27,0.0,0.0
79,28,0.0,0.0
79,29,5.0,0.0
79,30,0.0,0.0
79,31,0.0,0.0
79,32,0.0,0.0
80,1,4.6,0.5163977794943222
80,2,5.0,0.0
80,3,0.0,0.0
80,4,0.0,0.0
80,5,0.0,0.0
80,6,0.0,0.0
80,7,5.0,0.0
80,8,4.0,0.0
80,9,0.0,0.0
80,10,0.0,0.0
80,11,0.0,0.0
80,12,0.0,0.0
80,13,5.0,0.0
80,14,0.0,0.0
80,15,0.0,0.0
80,16,0.0,0.0
80,17,5.0,0.0
80,18,4.6,0.5163977794943222
80,19,2.0,0.0
80,20,2.3,0.9486832980505138
80,21,0.1,0.31622776601683794
80,22,5.0,0.0
80,23,1.1,0.31622776601683794
80,24,5.0,0.0
80,25,1.4,0.8432740427115678
80,26,2.0,0.0
80,27,0.0,0.0
80,28,0.0,0.0
80,29,3.8,1.9321835661585915
80,30,1.8,0.6324555320336759
80,31,0.0,0.0
80,32,0.0,0.0
81,1,0.0,0.0
81,2,2.1,0.31622776601683794
81,3,0.0,0.0
81,4,0.0,0.0
81,5,0.0,0.0
81,6,0.0,0.0
81,7,2.0,0.0
81,8,2.9,1.4491376746189437
81,9,0.0,0.0
81,10,0.0,0.0
81,11,0.0,0.0
81,12,1.7,0.9486832980505138
81,13,0.0,0.0
81,14,0.0,0.0
81,15,0.0,0.0
81,16,0.0,0.0
81,17,4.8,0.4216370213557839
81,18,5.0,0.0
81,19,0.0,0.0
81,20,3.7,1.2516655570345725
81,21,4.5,1.5811388300841898
81,22,5.0,0.0
81,23,5.0,0.0
81,24,2.3,0.9486832980505138
81,25,1.6,0.8432740427115679
81,26,1.0,2.1081851067789197
81,27,0.0,0.0
81,28,0.0,0.0
81,29,5.0,0.0
81,30,0.0,0.0
81,31,0.0,0.0
81,32,5.0,0.0
82,1,0.0,0.0
82,2,0.0,0.0
82,3,0.0,0.0
82,4,0.0,0.0
82,5,0.0,0.0
82,6,0.0,0.0
82,7,0.0,0.0
82,8,0.2,0.6324555320336759
82,9,0.0,0.0
82,10,0.0,0.0
82,11,0.0,0.0
82,12,0.0,0.0
82,13,0.0,0.0
82,14,0.0,0.0
82,15,0.0,0.0
82,16,0.0,0.0
82,17,5.0,0.0
82,18,5.0,0.0
82,19,5.0,0.0
82,20,4.5,0.7071067811865476
82,21,5.0,0.0
82,22,5.0,0.0
82,23,5.0,0.0
82,24,5.0,0.0
82,25,2.6,1.2649110640673518
82,26,0.0,0.0
82,27,0.0,0.0
82,28,-0.2,0.42163702135578396
82,29,5.0,0.0
82,30,0.0,0.0
82,31,0.0,0.0
82,32,0.0,0.0
83,1,0.0,0.0
83,2,4.0,1.1547005383792515
83,3,0.0,0.0
83,4,0.0,0.0
83,5,0.0,0.0
83,6,0.0,0.0
83,7,0.0,0.0
83,8,0.8,1.0327955589886446
83,9,0.0,0.0
83,10,0.0,0.0
83,11,0.0,0.0
83,12,0.0,0.0
83,13,4.6,0.8432740427115678
83,14,0.0,0.0
83,15,0.0,0.0
83,16,0.0,0.0
83,17,5.0,0.0
83,18,5.0,0.0
83,19,5.0,0.0
83,20,5.0,0.0
83,21,5.0,0.0
83,22,5.0,0.0
83,23,5.0,0.0
83,24,5.0,0.0
83,25,2.0,0.0
83,26,0.0,0.0
83,27,0.0,0.0
83,28,0.0,0.0
83,29,5.0,0.0
83,30,0.0,0.0
83,31,0.0,0.0
83,32,0.0,0.0
84,1,2.5,0.7071067811865476
84,2,2.6,0.5163977794943223
84,3,0.0,0.0
84,4,0.0,0.0
84,5,0.0,0.0
84,6,0.0,0.0
84,7,2.7,0.9486832980505138
84,8,4.0,0.0
84,9,0.0,0.0
84,10,0.0,0.0
84,11,0.0,0.0
84,12,2.1,0.31622776601683794
84,13,0.0,0.0
84,14,0.0,0.0
84,15,0.2,0.6324555320336759
84,16,2.8,0.9189365834726815
84,17,5.0,0.0
84,18,5.0,0.0
84,19,5.0,0.0
84,20,4.5,0.5270462766947299
84,21,5.0,0.0
84,22,5.0,0.0
84,23,5.0,0.0
84,24,5.0,0.0
84,25,4.0,0.0
84,26,0.0,0.0
84,27,0.0,0.0
84,28,0.5,1.5811388300841898
84,29,5.0,0.0
84,30,0.2,0.6324555320336759
84,31,0.0,0.0
84,32,0.0,0.0
85,1,0.0,0.0
85,2,1.9,1.370320319406298
85,3,0.0,0.0
85,4,0.0,0.0
85,5,0.0,0.0
85,6,0.0,0.0
85,7,0.0,0.0
85,8,0.6,0.9660917830792958
85,9,0.0,0.0
85,10,0.0,0.0
85,11,0.0,0.0
85,12,0.0,0.0
85,13,0.0,0.0
85,14,0.0,0.0
85,15,0.0,0.0
85,16,0.0,0.0
85,17,5.0,0.0
85,18,5.0,0.0
85,19,4.0,0.0
85,20,2.3,0.9486832980505138
85,21,5.0,0.0
85,22,5.0,0.0
85,23,5.0,0.0
85,24,4.1,0.31622776601683794
85,25,2.0,0.0
85,26,1.7,0.6749485577105528
85,27,0.0,0.0
85,28,0.5,1.5811388300841898
85,29,5.0,0.0
85,30,0.0,0.0
85,31,0.0,0.0
85,32,1.0,1.0540925533894598
86,1,0.0,0.0
86,2,4.5,0.5270462766947299
86,3,0.0,0.0
86,4,0.0,0.0
86,5,0.0,0.0
86,6,0.0,0.0
86,7,0.0,0.0
86,8,0.0,0.0
86,9,0.0,0.0
86,10,0.0,0.0
86,11,0.0,0.0
86,12,0.0,0.0
86,13,0.0,0.0
86,14,0.0,0.0
86,15,0.0,0.0
86,16,0.0,0.0
86,17,2.9,1.4491376746189437
86,18,4.4,1.2649110640673518
86,19,3.8,0.6324555320336759
86,20,1.9,0.31622776601683794
86,21,3.8,1.5491933384829668
86,22,5.0,0.0
86,23,5.0,0.0
86,24,3.8,0.6324555320336759
86,25,2.0,0.0
86,26,2.3,0.9486832980505138
86,27,0.2,0.6324555320336759
86,28,0.0,0.0
86,29,4.7,0.9486832980505138
86,30,0.8,1.0327955589886444
86,31,0.0,0.0
86,32,2.0,0.0
87,1,4.0,0.4714045207910317
87,2,4.8,0.4216370213557839
87,3,5.0,0.0
87,4,4.1,0.31622776601683794
87,5,0.0,0.0
87,6,0.0,0.0
87,7,5.0,0.0
87,8,4.8,0.4216370213557839
87,9,5.0,0.0
87,10,0.0,0.0
87,11,0.0,0.0
87,12,4.4,0.5163977794943222
87,13,5.0,0.0
87,14,1.8,0.6324555320336759
87,15,2.1,0.31622776601683794
87,16,0.0,0.0
87,17,5.0,0.0
87,18,5.0,0.0
87,19,5.0,0.0
87,20,5.0,0.0
87,21,5.0,0.0
87,22,5.0,0.0
87,23,5.0,0.0
87,24,5.0,0.0
87,25,5.0,0.0
87,26,4.4,1.2649110640673518
87,27,0.0,0.0
87,28,0.0,0.0
87,29,5.0,0.0
87,30,5.0,0.0
87,31,0.0,0.0
87,32,1.8,0.6324555320336759
88,1,4.2,0.4216370213557839
88,2,5.0,0.0
88,3,4.0,0.0
88,4,2.0,0.0
88,5,0.0,0.0
88,6,0.0,0.0
88,7,5.0,0.0
88,8,4.8,0.4216370213557839
88,9,4.0,0.0
88,10,3.8,0.4216370213557839
88,11,0.0,0.0
88,12,4.9,0.31622776601683794
88,13,4.0,0.0
88,14,4.0,0.0
88,15,2.9,0.31622776601683794
88,16,1.0,1.0540925533894598
88,17,5.0,0.0
88,18,5.0,0.0
88,19,5.0,0.0
88,20,4.3,0.48304589153964794
88,21,5.0,0.0
88,22,5.0,0.0
88,23,5.0,0.0
88,24,5.0,0.0
88,25,4.3,0.48304589153964794
88,26,0.4,0.8432740427115679
88,27,0.0,0.0
88,28,3.5,2.41522945769824
88,29,5.0,0.0
88,30,2.3,0.9486832980505138
88,31,0.0,0.0
88,32,1.8,0.6324555320336759
89,1,2.7,0.8232726023485646
89,2,2.5,0.7071067811865476
89,3,0.0,0.0
89,4,0.0,0.0
89,5,0.0,0.0
89,6,0.0,0.0
89,7,0.0,0.0
89,8,1.8,0.6324555320336759
89,9,0.0,0.0
89,10,0.0,0.0
89,11,0.0,0.0
89,12,0.0,0.0
89,13,0.0,0.0
89,14,0.0,0.0
89,15,0.0,0.0
89,16,0.0,0.0
89,17,4.9,0.31622776601683794
89,18,4.9,0.31622776601683794
89,19,2.0,0.0
89,20,2.0,0.0
89,21,5.0,0.0
89,22,5.0,0.0
89,23,5.0,0.0
89,24,0.0,0.0
89,25,2.0,0.0
89,26,0.6,0.9660917830792958
89,27,0.0,0.0
89,28,0.0,0.0
89,29,0.0,0.0
89,30,0.0,0.0
89,31,0.0,0.0
89,32,0.0,0.0
90,1,4.2,0.7888106377466155
90,2,4.4,0.5163977794943222
90,3,0.0,0.0
90,4,0.0,0.0
90,5,0.0,0.0
90,6,0.0,0.0
90,7,0.0,0.0
90,8,0.6,0.9660917830792958
90,9,0.0,0.0
90,10,0.0,0.0
90,11,0.0,0.0
90,12,0.0,0.0
90,13,0.0,0.0
90,14,0.0,0.0
90,15,0.0,0.0
90,16,0.0,0.0
90,17,5.0,0.0
90,18,5.0,0.0
90,19,4.4,0.5163977794943222
90,20,2.4,0.8432740427115679
90,21,4.7,0.9486832980505138
90,22,5.0,0.0
90,23,4.6,1.2649110640673518
90,24,5.0,0.0
90,25,2.0,0.0
90,26,2.0,0.0
90,27,1.0,1.0540925533894598
90,28,0.1,0.31622776601683794
90,29,4.7,0.9486832980505138
90,30,2.0,0.0
90,31,0.0,0.0
90,32,1.4,0.9660917830792959
91,1,3.9,0.31622776601683794
91,2,5.0,0.0
91,3,0.0,0.0
91,4,0.0,0.0
91,5,0.0,0.0
91,6,0.0,0.0
91,7,4.1,0.31622776601683794
91,8,4.0,0.0
91,9,0.0,0.0
91,10,2.0,0.0
91,11,0.0,0.0
91,12,2.1,0.31622776601683794
91,13,4.0,2.1081851067789197
91,14,0.0,0.0
91,15,0.0,0.0
91,16,0.0,0.0
91,17,5.0,0.0
91,18,5.0,0.0
91,19,3.9,1.791957340762082
91,20,2.0,0.0
91,21,4.0,2.1081851067789197
91,22,5.0,0.0
91,23,5.0,0.0
91,24,5.0,0.0
91,25,2.0,0.0
91,26,2.0,0.0
91,27,0.0,0.0
91,28,0.0,0.0
91,29,4.4,1.2649110640673518
91,30,0.0,0.0
91,31,0.0,0.0
91,32,0.0,0.0
92,1,2.6,0.8432740427115678
92,2,5.0,0.0
92,3,0.0,0.0
92,4,0.0,0.0
92,5,0.0,0.0
92,6,0.0,0.0
92,7,4.9,0.31622776601683794
92,8,5.0,0.0
92,9,1.6,0.8432740427115678
92,10,2.0,0.0
92,11,0.0,0.0
92,12,4.8,0.4216370213557839
92,13,5.0,0.0
92,14,0.0,0.0
92,15,1.8,0.6324555320336759
92,16,0.0,0.0
92,17,5.0,0.0
92,18,5.0,0.0
92,19,4.0,0.0
92,20,4.2,0.4216370213557839
92,21,5.0,0.0
92,22,5.0,0.0
92,23,5.0,0.0
92,24,5.0,0.0
92,25,2.0,0.0
92,26,2.0,0.0
92,27,0.0,0.0
92,28,5.0,0.0
92,29,5.0,0.0
92,30,2.0,0.0
92,31,0.0,0.0
92,32,0.0,0.0
93,1,4.0,0.0
93,2,4.3,0.48304589153964794
93,3,0.4,0.8432740427115679
93,4,2.0,0.0
93,5,0.0,0.0
93,6,0.0,0.0
93,7,4.1,0.31622776601683794
93,8,4.5,0.5270462766947299
93,9,2.1,0.31622776601683794
93,10,2.0,0.0
93,11,0.0,0.0
93,12,4.1,0.31622776601683794
93,13,5.0,0.0
93,14,0.0,0.0
93,15,2.6,0.5163977794943223
93,16,0.2,0.6324555320336759
93,17,5.0,0.0
93,18,5.0,0.0
93,19,4.0,0.0
93,20,4.6,0.5163977794943222
93,21,5.0,0.0
93,22,5.0,0.0
93,23,5.0,0.0
93,24,5.0,0.0
93,25,2.0,0.0
93,26,2.0,0.0
93,27,0.0,0.0
93,28,5.0,0.0
93,29,5.0,0.0
93,30,2.0,0.0
93,31,0.0,0.0
93,32,1.8,0.6324555320336759
94,1,0.0,0.0
94,2,0.0,0.0
94,3,0.0,0.0
94,4,0.0,0.0
94,5,0.0,0.0
94,6,0.0,0.0
94,7,0.0,0.0
94,8,0.0,0.0
94,9,0.0,0.0
94,10,0.0,0.0
94,11,0.0,0.0
94,12,0.0,0.0
94,13,0.0,0.0
94,14,0.0,0.0
94,15,0.0,0.0
94,16,0.0,0.0
94,17,4.7,0.9486832980505138
94,18,5.0,0.0
94,19,5.0,0.0
94,20,1.8,0.6324555320336759
94,21,5.0,0.0
94,22,5.0,0.0
94,23,5.0,0.0
94,24,5.0,0.0
94,25,2.0,0.0
94,26,0.8,1.0327955589886446
94,27,0.3,0.6749485577105528
94,28,0.0,0.0
94,29,5.0,0.0
94,30,0.0,0.0
94,31,0.1,0.31622776601683794
94,32,0.0,0.0
95,1,0.0,0.0
95,2,0.0,0.0
95,3,0.0,0.0
95,4,0.0,0.0
95,5,0.0,0.0
95,6,0.0,0.0
95,7,0.0,0.0
95,8,0.0,0.0
95,9,0.0,0.0
95,10,0.0,0.0
95,11,0.0,0.0
95,12,0.0,0.0
95,13,0.0,0.0
95,14,0.0,0.0
95,15,0.0,0.0
95,16,0.0,0.0
95,17,5.0,0.0
95,18,5.0,0.0
95,19,5.0,0.0
95,20,0.0,0.0
95,21,5.0,0.0
95,22,5.0,0.0
95,23,5.0,0.0
95,24,5.0,0.0
95,25,1.4,0.9660917830792958
95,26,0.0,0.0
95,27,0.0,0.0
95,28,-0.1,0.31622776601683794
95,29,5.0,0.0
95,30,0.0,0.0
95,31,0.0,0.0
95,32,0.2,0.6324555320336759
96,1,0.2,0.6324555320336759
96,2,4.0,0.4714045207910317
96,3,0.0,0.0
96,4,0.0,0.0
96,5,0.0,0.0
96,6,0.0,0.0
96,7,4.7,0.48304589153964794
96,8,4.3,0.9486832980505138
96,9,0.0,0.0
96,10,0.1,0.31622776601683794
96,11,0.0,0.0
96,12,0.0,0.0
96,13,4.7,0.48304589153964794
96,14,0.0,0.0
96,15,0.0,0.0
96,16,0.0,0.0
96,17,4.7,0.48304589153964794
96,18,5.0,0.0
96,19,4.1,0.31622776601683794
96,20,4.6,0.5163977794943222
96,21,5.0,0.0
96,22,5.0,0.0
96,23,5.0,0.0
96,24,5.0,0.0
96,25,2.0,0.0
96,26,0.6,0.9660917830792959
96,27,0.0,0.0
96,28,0.0,0.0
96,29,5.0,0.0
96,30,1.6,0.8432740427115679
96,31,0.0,0.0
96,32,0.0,0.0
97,1,4.1,0.31622776601683794
97,2,4.2,0.9189365834726815
97,3,0.0,0.0
97,4,0.0,0.0
97,5,0.0,0.0
97,6,0.0,0.0
97,7,5.0,0.0
97,8,4.5,0.5270462766947299
97,9,0.0,0.0
97,10,0.0,0.0
97,11,0.0,0.0
97,12,2.0,0.0
97,13,3.3,1.7669811040931427
97,14,0.0,0.0
97,15,0.0,0.0
97,16,0.0,0.0
97,17,5.0,0.0
97,18,5.0,0.0
97,19,5.0,0.0
97,20,4.0,0.0
97,21,3.6,1.8973665961010275
97,22,5.0,0.0
97,23,5.0,0.0
97,24,4.9,0.31622776601683794
97,25,2.0,0.0
97,26,0.0,0.0
97,27,0.0,0.0
97,28,0.0,0.0
97,29,5.0,0.0
97,30,2.0,0.0
97,31,0.0,0.0
97,32,0.0,0.0
98,1,3.9,0.31622776601683794
98,2,0.6,0.9660917830792958
98,3,0.0,0.0
98,4,0.0,0.0
98,5,0.0,0.0
98,6,0.0,0.0
98,7,5.0,0.0
98,8,0.0,0.0
98,9,0.0,0.0
98,10,0.0,0.0
98,11,0.0,0.0
98,12,0.0,0.0
98,13,0.0,0.0
98,14,0.0,0.0
98,15,0.0,0.0
98,16,0.0,0.0
98,17,5.0,0.0
98,18,5.0,0.0
98,19,5.0,0.0
98,20,2.0,0.0
98,21,3.8,1.5491933384829668
98,22,5.0,0.0
98,23,3.0,2.1081851067789197
98,24,4.2,0.4216370213557839
98,25,2.0,0.0
98,26,1.8,0.6324555320336759
98,27,0.0,0.0
98,28,0.5,1.5811388300841898
98,29,2.9,1.8529256146249728
98,30,0.8,1.0327955589886446
98,31,0.1,0.31622776601683794
98,32,0.1,0.31622776601683794
99,1,4.0,0.816496580927726
99,2,4.4,0.5163977794943222
99,3,-0.7,0.4830458915396479
99,4,2.0,0.0
99,5,2.0,0.0
99,6,0.0,0.0
99,7,4.0,0.0
99,8,3.7,0.9486832980505138
99,9,3.0,0.9428090415820634
99,10,2.0,0.0
99,11,0.0,0.0
99,12,3.0,1.0540925533894598
99,13,4.1,0.31622776601683794
99,14,1.8,0.6324555320336759
99,15,2.0,0.0
99,16,0.0,0.0
99,17,5.0,0.0
99,18,5.0,0.0
99,19,5.0,0.0
99,20,4.0,0.0
99,21,3.9,1.3703203194062976
99,22,5.0,0.0
99,23,5.0,0.0
99,24,4.2,0.4216370213557839
99,25,2.0,0.0
99,26,1.4,0.9660917830792958
99,27,0.0,0.0
99,28,0.0,0.0
99,29,5.0,0.0
99,30,2.0,0.0
99,31,0.0,0.0
99,32,1.6,0.8432740427115678
